"experiment_date","well_position","label_E","label_P","cycle","rep","T77.1","T77.2","T77.3","T77.4","T77.5","T77.6","T77.7","T77.8","T77.9","T78","T78.1","T78.2","T78.3","T78.4","T78.5","T78.6","T78.7","T78.8","T78.9","T79","T79.1","T79.2","T79.3","T79.4","T79.5","T79.6","T79.7","T79.8","T79.9","T80","T80.1","T80.2","T80.3","T80.4","T80.5","T80.6","T80.7","T80.8","T80.9","T81","T81.1","T81.2","T81.3","T81.4","T81.5","T81.6","T81.7","T81.8","T81.9","T82","T82.1","T82.2","T82.3","T82.4","T82.5","T82.6","T82.7","T82.8","T82.9","T83","T83.1","T83.2","T83.3","T83.4","T83.5","T83.6","T83.7","T83.8","T83.9","T84","T84.1","T84.2","T84.3","T84.4","T84.5","T84.6","T84.7","T84.8","T84.9","T85","T85.1","T85.2","T85.3","T85.4","T85.5","T85.6","T85.7","T85.8","T85.9","T86","T86.1","T86.2","T86.3","T86.4","T86.5","T86.6","T86.7","T86.8","T86.9"
2010-01-01,"A1",1,0,30,1,0.232742128529157,0.238982920238817,0.244,0.248803550342497,0.251620511517317,0.252172054374623,0.250374332143926,0.246788045028135,0.244454498218899,0.241892711825432,0.240207605313731,0.239067774886594,0.236595276115538,0.232560222007208,0.227570225399278,0.223350611300252,0.223025790751375,0.225932290098547,0.233159772217754,0.241682504810423,0.250341593770035,0.255285781188266,0.257434118546575,0.258108725576451,0.257833968731317,0.259947732369039,0.262507647725064,0.26618614977465,0.270304233008083,0.276266854903227,0.281275241087721,0.287167858650397,0.291959743894633,0.29669431223304,0.303504812941406,0.313334645440019,0.326939337252043,0.340356238390594,0.352966337108908,0.364,0.377776701161775,0.396440354360802,0.420477818307977,0.446953686070754,0.476156306278471,0.51030656711266,0.554333250428112,0.608794792720243,0.672277520341673,0.743112261382772,0.817909754579216,0.900640834250522,0.99317798490439,1.09621419558399,1.2065058708211,1.32023795933808,1.43216651009563,1.53435225360956,1.62569882546376,1.7038685296845,1.76747389010701,1.81659260084926,1.85340336917924,1.87533256853659,1.87936902829044,1.86546486699558,1.83014683039405,1.77476435212953,1.70044395386922,1.60954608655895,1.50060178402004,1.37677418154962,1.24371436475418,1.10546413446863,0.965286587945946,0.829471001535281,0.700772344615658,0.585060947538648,0.480771387218729,0.389720906733887,0.313651114012567,0.248908552397734,0.19678352246799,0.153941309883962,0.120414107073854,0.0939285769541646,0.0735054885746924,0.0588674755067095,0.0479271878855121,0.040153279793417,0.0317830452467643,0.0255377559626606,0.0188448977826194,0.015388422059839,0.0149849721949663,0.015057026709349,0.0164507686725229,0.0166759328559288,0.0144844613468599
2010-01-01,"A2",1,0,30,1,0.230139803897836,0.232539524342006,0.235,0.236224120204521,0.237185466337865,0.236305065636018,0.235989435617723,0.236047992289396,0.2372661052872,0.23893432428879,0.241499417840161,0.243877663110207,0.24743632041583,0.249175573901984,0.248592278329224,0.245653061887441,0.240892782706874,0.236464644832272,0.23625152993613,0.238786823263464,0.244367979356123,0.251604464042274,0.257537471215133,0.260790105633553,0.261178028712362,0.259045503291121,0.257909428637905,0.258537367921334,0.262282366322982,0.268849401529445,0.279606673725597,0.291456554469279,0.302568572009474,0.311537010577124,0.316753457052921,0.32038915632019,0.324124002917455,0.331164264712232,0.343270754267907,0.361,0.382144442046724,0.407379457343877,0.4360252458133,0.467464535802535,0.500378097232902,0.534278702903846,0.567675262328799,0.604993335940658,0.649918929343256,0.708955092041488,0.781495570378016,0.869088151515698,0.96583273361213,1.06806919561027,1.17083916215533,1.27562554441786,1.37795314287282,1.47638527330106,1.56899364252289,1.65271934280559,1.72745241690276,1.78804612903208,1.83036261442223,1.85060076807079,1.84767806942068,1.82428116970606,1.7817533629005,1.72261089958527,1.64617570697157,1.55350004628433,1.44353481460101,1.31891230848137,1.1835736368486,1.04574616306581,0.907244477824032,0.775448644008949,0.653850317730582,0.545112970504137,0.447872511682259,0.363585758654469,0.292061772274427,0.232120202927893,0.18286336013866,0.144550919353422,0.11534697532175,0.092811316932359,0.0747860296860407,0.0606030507229357,0.0484535552266048,0.0383531343661248,0.0308286007283902,0.0259852002658464,0.0214536707620899,0.0185742604137729,0.0162363081990629,0.0126050261195129,0.0092766084311633,0.00687073664871674,0.00507805866139107
2010-01-01,"A3",1,0,30,1,0.272310735650192,0.282973738000841,0.285,0.281077223725445,0.276887182569492,0.275307859524211,0.274185429361308,0.270530148422788,0.25985897196341,0.243714057782621,0.2290800889054,0.223950078854485,0.231787346660757,0.25029217185501,0.271057137282088,0.28563989776759,0.291016016861059,0.287930319378956,0.281520631911374,0.276746624041806,0.274995337990661,0.276129213545611,0.277319106707912,0.278551678225225,0.279730708613998,0.280989680395092,0.281080156051836,0.282705441536833,0.28569552457522,0.2910264970993,0.300595010622109,0.314122757509926,0.329327264099869,0.34464091888633,0.357390912615345,0.365945565217237,0.373900323957572,0.380300007856195,0.388300026356138,0.4,0.417640362102459,0.440854633592829,0.468435129522277,0.498493589741646,0.532486133681418,0.569698290829141,0.611704102503169,0.659387137835598,0.71650343357139,0.784285361289211,0.865583313062328,0.959663389680195,1.06232238155359,1.16715481613095,1.2735904242725,1.38213905766045,1.49168775221686,1.59773987550215,1.69754034137763,1.78581463737938,1.86352916559123,1.92773547775401,1.97912519956992,2.01296385922588,2.02410817605641,2.01157823267903,1.97618820210139,1.91968818008025,1.84430545529933,1.75090315479873,1.63611003085778,1.50529212694155,1.3625628591165,1.21427906490016,1.06403919089104,0.920657240527402,0.785721132196101,0.665047363441778,0.554595978492619,0.456940222546608,0.372521669863211,0.300331262838848,0.240082239484064,0.191273523069808,0.152453483456659,0.121094040175286,0.0984247177503014,0.083826784437957,0.0734876997574978,0.0668733827224839,0.060815167338564,0.0547294885992649,0.0487237170345437,0.0424402394609453,0.0382222135890407,0.0357636060403521,0.0333504192910765,0.0308519171291735,0.0290851704313196
2010-01-01,"A4",0,1,30,1,0.196245001910553,0.197878766882174,0.198,0.198078053805253,0.200169344139605,0.203892506381414,0.208410169550511,0.213235797643194,0.215602575935027,0.217532804038508,0.219361776926025,0.2228101178299,0.228882640444403,0.236708684071255,0.248239678901297,0.263565956020253,0.280366479861475,0.299946020979059,0.319386242894458,0.338938083994282,0.357245585164908,0.379091557974518,0.404397287819783,0.436084209680774,0.475229623817458,0.522918343104078,0.583352225525048,0.655661635373149,0.743668661178186,0.846716451746941,0.95984255219258,1.07969472447781,1.20207537326115,1.3212636949035,1.43453538322926,1.53550867723385,1.62440300037832,1.69581699234771,1.74830762206835,1.784,1.80484989832246,1.81392273827339,1.81047398739733,1.79372690395432,1.76109404914523,1.70939402077126,1.63991917813218,1.55192606269254,1.44555498241893,1.32677897844708,1.19794035550182,1.06218279029812,0.925306217209772,0.793160011586398,0.670203819227049,0.557301815783911,0.45542268024516,0.366395108007927,0.289575802866381,0.224583874268555,0.172090645293903,0.131919732334784,0.100536227939813,0.0778219908913741,0.0606177043167197,0.0481981292624974,0.0380729430710644,0.0316896570200204,0.0261852913363469,0.0240889768784025,0.0216004605050689,0.019107268627345,0.0177877420170795,0.0152079256076016,0.013351943248431,0.0122461699547651,0.0109980380480455,0.0106733243985602,0.00852068945538292,0.00667472532024839,0.00511864803858445,0.0039630766280045,0.00397247850680909,0.00444033957353671,0.00575595119117065,0.00694197951169074,0.00801670401374106,0.00843294724142637,0.00844307647869752,0.00803922890060729,0.00698272824705188,0.0068104024521783,0.00588987132063252,0.00601753022927283,0.006002231601204,0.00602362946876113,0.00570110681761786,0.00488852836389917,0.00507195657974768
2010-01-01,"A5",0,1,30,1,0.217755237238685,0.223959869537014,0.229,0.232653801723956,0.236247521400838,0.240459468533888,0.2462624331265,0.253522778923566,0.26061698867757,0.265766273819371,0.268055489472796,0.266097142034753,0.264934299038201,0.265443061227325,0.269635082499622,0.277719026827252,0.286192442347603,0.297320246617849,0.310540640387893,0.3291361161254,0.35254893308553,0.382847992112373,0.417049747607565,0.457553775970368,0.503592693195841,0.559784371425794,0.62525320612555,0.703097086729596,0.794142093403275,0.897669950932817,1.01183732122067,1.13060554903453,1.25286233474495,1.37428333198515,1.491246575115,1.59949192257792,1.69862453982728,1.78404871401139,1.85316443342653,1.907,1.94481367547651,1.96897951921783,1.97804512306796,1.97264538984353,1.94869440983409,1.90517276540886,1.84074500491275,1.75474739027408,1.6486229992967,1.52615950173898,1.3919585226268,1.24755443909096,1.10006169784336,0.954705917231138,0.814408572560642,0.681912732368716,0.560258409604782,0.454714809462695,0.363272933954486,0.285713415979853,0.223795521549041,0.173667140529703,0.134689128826016,0.103476709558837,0.079949621007254,0.0618600809394786,0.0484071884453543,0.0385831544954206,0.0314577307764409,0.0264864232298261,0.0221913747012792,0.0181624258074995,0.015614116571346,0.0121207587366634,0.0104044020799863,0.00913753686144842,0.00899961083295023,0.00917614145373465,0.0101317368439365,0.00987475192730683,0.0109005269031595,0.0109877655398475,0.0110109409998747,0.0109765270164767,0.0110797289058125,0.0100562193377938,0.00884139186437689,0.00754033609315538,0.00696284154172999,0.0069261153430766,0.00802245841754223,0.00796112143018479,0.00808463457471107,0.00736398783732145,0.00610441933424297,0.00494906822599802,0.00503216407064699,0.00494356072264045,0.00562399193610788
2010-01-01,"A6",0,1,30,1,0.233041792665915,0.234298012790849,0.231,0.22749367747504,0.22528062334899,0.226126497701219,0.228747474417476,0.231172809674939,0.233558580515255,0.23629841720798,0.241580918252838,0.247757811858953,0.253733721525265,0.25797827120581,0.259585038637962,0.261496539348684,0.267192093048645,0.281494185849543,0.302833297082464,0.329327546936892,0.358302217758645,0.388723073969847,0.419673237894914,0.453372780288899,0.491453270301475,0.537961402211255,0.596237712528991,0.668334102134509,0.755305360914935,0.854350006652905,0.963627573589171,1.07890396760478,1.19983212852659,1.32050588603443,1.43812015248452,1.5488001530982,1.64990162304047,1.73781244594959,1.80892480632317,1.866,1.90848417674243,1.93692298243258,1.9526246184447,1.95036079679336,1.92989008486071,1.88709229747843,1.82365481330109,1.74009697610117,1.63839173082591,1.52204266686197,1.39352285695233,1.25404375790455,1.1099129772389,0.964728049245904,0.82535992130595,0.691277534590807,0.56939689359511,0.461927913935472,0.369197683563392,0.290145200791814,0.225592802335257,0.173882997687553,0.133706969681565,0.102666261641364,0.0799687255051144,0.0624655407283786,0.0494982217376388,0.0385130359206126,0.0302697592659183,0.0233598954532062,0.0187216766150144,0.0161194089518782,0.0149797362699769,0.0147520591149821,0.0133830209497221,0.012275141554736,0.00997243213536273,0.00772674176361555,0.00650362926572157,0.00595875786331835,0.00595730189792285,0.00710967286648221,0.0080624076073247,0.00806013025262292,0.00731575983024954,0.00604523683158547,0.00479971112299521,0.00392013940331416,0.00398855498578941,0.00408170129068967,0.00298014823708645,0.00296445104523227,0.00349616457110009,0.00387974265836906,0.00581357685441749,0.00711933509744643,0.00808297126211207,0.00802708327679919,0.00738710149916971
2010-01-01,"A7",1,1,30,1,0.255940451609083,0.2658333999977,0.279,0.293210470144448,0.300853150886822,0.301838631613536,0.296804515215448,0.289531241995927,0.28369767148365,0.279709626442811,0.278794222097781,0.280869168044896,0.28600984084122,0.29663514021623,0.309493163146046,0.32308202016653,0.334175573349376,0.341308574620152,0.346695645147374,0.348767336354536,0.349865719944395,0.352379096485466,0.35941321606877,0.373645239367857,0.399507432028806,0.435204471560735,0.478272103089581,0.526321331160283,0.576897961042222,0.630625799990509,0.688964848311373,0.749800222542824,0.812953712243224,0.869839918247083,0.915727586328741,0.945496093217923,0.95923075769917,0.957658031773238,0.942874311728249,0.918,0.885923513277936,0.851682996271859,0.817670936555139,0.785347194443499,0.757237182657002,0.736836819723137,0.72741799609904,0.7298883986283,0.744169568562035,0.770196596530786,0.806926608315375,0.856860612217525,0.920072503514848,0.99956536761939,1.0917164180051,1.19961216143197,1.31890382698446,1.44355475020592,1.57133667668643,1.69106860368268,1.79619639054819,1.87936495632433,1.93807952315586,1.97008873295253,1.97308883263474,1.94852649758461,1.89571564646904,1.81858998510185,1.71958332699537,1.60101512014477,1.46757646939277,1.322950233428,1.17296618355122,1.02202849387734,0.872484471711923,0.731771242228942,0.603801926662659,0.491761064479347,0.393711599963537,0.310651216133582,0.243454829707719,0.189586610676459,0.147973861395402,0.117857584528868,0.0951227518883293,0.0776293633201582,0.0630255662706957,0.0503803093678935,0.0396077064841759,0.0293487163731396,0.0218441108240936,0.0183773025945198,0.0168721785507383,0.0169201687580176,0.0179292769973344,0.0180019290450395,0.0177622304528845,0.016427890120932,0.0152405233372088
2010-01-01,"A8",1,0.5,30,1,0.264794663648213,0.262520997071932,0.259,0.255287142077553,0.252287216315973,0.252390068045363,0.255564163379103,0.259255092000749,0.262772347648079,0.264092353727235,0.264529055793582,0.267819162008903,0.272603816933475,0.277896471179871,0.283118434985732,0.284852360423649,0.286019792826467,0.287522373756355,0.29201824524731,0.300091414352388,0.311851025704346,0.325310000633479,0.341817770569704,0.360203684571519,0.378186642720124,0.398572751859949,0.420755108492409,0.447588054909333,0.480384946853337,0.521178558276651,0.567407551264236,0.617000742055611,0.663725917678177,0.702858227537676,0.732554942635987,0.751491979586616,0.759467531806409,0.75750204840278,0.744383881919709,0.722,0.69359573383993,0.663138777653203,0.636339063308083,0.617593413976583,0.606536926688114,0.605817708531388,0.615246104271662,0.635884493198991,0.667534041132778,0.708115631189207,0.755257892569455,0.81001412635862,0.873465339266388,0.95052772736822,1.04286574892107,1.15259317247806,1.27312680162359,1.3959203987901,1.51769399002089,1.63005316718453,1.72825360914665,1.80687105838689,1.8640949688795,1.89642052913499,1.90411266258004,1.88985856975569,1.85407709874856,1.79868777930925,1.72197523866865,1.62745736496139,1.51129151483371,1.38032190826083,1.23648671468607,1.08831722797772,0.937991906290113,0.79528133533609,0.663761969215776,0.548322239055039,0.447294229130396,0.36211144312805,0.291043907194909,0.232185822739461,0.18259729065068,0.143085022532878,0.11195160135775,0.0868799742883319,0.0675483224792562,0.053112382295477,0.0436880460022492,0.0360211918331225,0.0298329541717165,0.0252346315519021,0.0211629239926333,0.0169225083579239,0.0132180929959245,0.0119173300817261,0.0105433346380964,0.0104220474595269,0.0112731847253944
2010-01-01,"A9",1,0.25,30,1,0.255671188361528,0.262052950719621,0.266,0.268050315439622,0.26586232855982,0.261518217921286,0.256392322737929,0.25500278122549,0.256931906081544,0.262366894837407,0.27007578273444,0.277757527692811,0.282495460703307,0.283669768062432,0.279719433370684,0.274610653593929,0.271970874977738,0.272639008198606,0.278563415786971,0.287260640345592,0.297906194584588,0.311203139425668,0.325004542835428,0.342012454135337,0.36038132810149,0.377686137172384,0.392346367479201,0.406291645822929,0.421792937132984,0.443718030847207,0.471509938935474,0.503054126004832,0.534034900505449,0.561223977516195,0.582908274383662,0.598512749883386,0.609588781931521,0.614720736838541,0.612993214903453,0.606,0.595980237546393,0.585933755456522,0.580687894735881,0.580537321069308,0.58884692057738,0.604521684254545,0.625474592119206,0.650792643912392,0.680706973519195,0.716594701668162,0.761986580516763,0.818456839643811,0.88751667604019,0.969600685098759,1.06144753012748,1.16565909617719,1.27719111095477,1.39258999374368,1.50719159092432,1.61667134475034,1.71722151276524,1.80690479315239,1.88068021121209,1.93755149979378,1.97079692649842,1.98217215718036,1.9695436072003,1.93155152417262,1.8711497060429,1.78777899953115,1.68283634233446,1.56081305120189,1.42532715067708,1.28303390985012,1.13491701262451,0.988485239738247,0.846634274730311,0.716062891549046,0.595190523842932,0.486218664234695,0.392401306931311,0.311814039761914,0.245736905854436,0.193020075236081,0.152610942798021,0.121094000666222,0.0969339104255773,0.0769135717914124,0.0605422906143125,0.0476673928465165,0.0377245218051661,0.0295569705711899,0.0240305899397714,0.019925391188696,0.0162555756456073,0.0137714874569932,0.0113468075403853,0.00885283801551464,0.00708482243456162
2010-01-01,"A10",1,0.125,30,1,0.24495902877244,0.258019512153342,0.267,0.270151573368934,0.26995462137889,0.26999678319689,0.270027597499813,0.268821467395357,0.26489518241258,0.259825259821291,0.256275972074865,0.256003991388287,0.256232702145531,0.258331859199304,0.256962667260592,0.253613526355354,0.248889367852524,0.242692703590181,0.237371726103789,0.23493580418474,0.238248817393344,0.250344422597803,0.266382184010262,0.281429602236317,0.29103574346903,0.293950063257591,0.29765689079716,0.30343876516347,0.31350333371272,0.324622979505643,0.334443804670032,0.342858580823126,0.351390046835311,0.360071518297522,0.366716772607986,0.368886121462248,0.364031823352378,0.356729969257797,0.354442553083814,0.362,0.381428531923019,0.411911753326319,0.447405763810872,0.484053883696489,0.518289571087278,0.549612235075117,0.580686238807726,0.615405925761386,0.659007732739386,0.71444524438586,0.7830205417802,0.86642404692552,0.96483305130908,1.07749792032749,1.19781192588301,1.32359796995642,1.44572874908416,1.55665384240492,1.65536678027036,1.74063393898865,1.81360586327323,1.87590428673447,1.92708360612698,1.96610689148952,1.98699395159112,1.98741704730071,1.96551389873887,1.92131701449985,1.85751943771559,1.77211035515737,1.6669428203929,1.54300873641168,1.40380954292472,1.25648732684428,1.10461236679155,0.956477064398831,0.816666611572271,0.689945884630616,0.57333020863058,0.470257714013721,0.381021810525358,0.305138535645348,0.242417535296948,0.191779052454656,0.150923637049601,0.118174924993907,0.0918088335860343,0.0718110337172234,0.0567036993546848,0.0454548293738748,0.0377904764643929,0.0305905423503893,0.0251191022330102,0.0201892140391654,0.0162853973147581,0.01268635052504,0.0106138840740372,0.00946571392598131,0.00822622997553633
2010-01-01,"A11",1,0.0625,30,1,0.266739209991242,0.267824929368687,0.268,0.266565306313701,0.264588750376558,0.262556830347644,0.262740400647938,0.265165870790409,0.267645615379056,0.269377134213991,0.266993042242666,0.262200598253312,0.257445715461119,0.254173776246786,0.251847467306029,0.249281955180191,0.247966428775644,0.247367976226024,0.252056706686224,0.260111513550866,0.271090106853989,0.279712288631906,0.286473925839573,0.291155119633378,0.29594245153618,0.301879871272207,0.30818821249751,0.317102177217104,0.327798994850433,0.34359167786155,0.363023626554707,0.385196623654685,0.406782904660018,0.422996967100007,0.431727236860235,0.434014878918156,0.432191994982559,0.427172375854444,0.421780219947143,0.418,0.418682915743476,0.426440573392809,0.440518739186202,0.461486869275258,0.484689150115805,0.508839379964792,0.532516851544854,0.560192662542071,0.59439824201866,0.639839128431454,0.69420223377042,0.761708110698792,0.843451507227901,0.940128409058012,1.05283089146463,1.1790757796104,1.31121420408163,1.43706093471743,1.55511641719157,1.66042601003077,1.75509444576499,1.8377135015883,1.90970811612738,1.96597411522619,2.00735860575084,2.030013995135,2.03394519372769,2.01664889299926,1.9797806130923,1.92259727596633,1.84308237628585,1.74456496457852,1.62605966710682,1.49396835843417,1.34908820548046,1.19878366287404,1.04852496561689,0.90452599863617,0.768101734285315,0.642716645458253,0.531447215989332,0.432541035046076,0.348110240566821,0.277596480143688,0.220297481193687,0.172682759043388,0.135188406669433,0.105688367368507,0.0835564757834703,0.0653132822486541,0.0516371560626521,0.041064312588978,0.0331214275124473,0.0264777727521941,0.0213364006349173,0.0176345337282619,0.0141942590750765,0.0124332636429321,0.0106656610045712
2010-01-01,"A12",1,0.03125,30,1,0.252215937522044,0.246090817526681,0.241,0.24132086188414,0.244406210940417,0.250936307333556,0.256551532876274,0.260197815171056,0.262633276487943,0.26447557663381,0.266551565155708,0.267028085580592,0.265661779892963,0.26153494570681,0.256573531822632,0.251810669293683,0.245889432134482,0.241011298411705,0.236592351760973,0.237509291311235,0.245031616587796,0.258396249297494,0.274020220778612,0.288760208107416,0.300390036528064,0.306911313029126,0.308998720359372,0.307221912306527,0.305016966852028,0.307301027164866,0.314483766887117,0.327288683224736,0.343664449409717,0.362128869882568,0.383565291193934,0.410133794695969,0.439671905460906,0.467197194685264,0.485864406656317,0.493,0.489744877490626,0.480662722507075,0.474345521115983,0.477053323426468,0.490279170916931,0.513569567943968,0.543554728390277,0.578635638984299,0.618333164204017,0.661074268880873,0.706883215353912,0.76017622331373,0.824996714738205,0.904584278683088,0.997862859092507,1.10505937182417,1.2192597932297,1.33281143312495,1.4461463298973,1.55599814173917,1.66082551940938,1.75702604051183,1.84341418049483,1.91277074508892,1.96300039246072,1.99232671819287,2.0011949576459,1.99099442929446,1.96020358166713,1.90849663076669,1.83477486704384,1.74028715186288,1.6276244744932,1.49922219103633,1.35947346062876,1.21326946892262,1.06555077732031,0.923711305369742,0.786673756142007,0.660169757938033,0.546647221727952,0.446347596714927,0.358513861627576,0.284435213011925,0.224423181438901,0.175710170697737,0.138100788902699,0.107266860567509,0.0839889053522177,0.0644314260705536,0.050642654966199,0.0400294284161734,0.0324127117917654,0.0278709185583936,0.0242858736510317,0.0205473767930507,0.0159196594145896,0.0123290139018032,0.00930709890562426
2010-01-01,"A13",1,0.015625,30,1,0.244510673586699,0.251756266050465,0.257,0.256417134832097,0.250385133891587,0.239611013090703,0.228152690726106,0.218438573775072,0.213159682268448,0.211772464014602,0.213227009744094,0.21779902596162,0.222685941808581,0.226777354063486,0.226208439151222,0.220983222998034,0.214881532102569,0.210660673109642,0.214669928883047,0.225529661602473,0.238841931115284,0.249804299875169,0.256355168603309,0.258167415340548,0.258017288596357,0.257975594343286,0.260364868922213,0.263380638079187,0.268978165191636,0.276672857138087,0.288644810891362,0.30217717928426,0.316490976738916,0.329324852623738,0.338555431952967,0.344365769339618,0.344713072779595,0.343707955729798,0.346101967756245,0.353,0.36549783807437,0.380886799190566,0.399267495151712,0.419606230501143,0.443948403366463,0.475252386773901,0.511002470457125,0.553073494130722,0.599085363182688,0.649297121983954,0.705222669865451,0.769593650216676,0.844726188206808,0.930721114790307,1.02735427641847,1.13432894831144,1.24591682155983,1.35619581937457,1.46465860710256,1.5679204035021,1.6596096502755,1.73670820792199,1.79503606623718,1.83228190627841,1.84446505950193,1.83329703818043,1.79821797336652,1.74170181427007,1.6660474715762,1.57199464565582,1.46074991536587,1.33590512328772,1.20061120644828,1.06225837021682,0.920614715490012,0.784391995064484,0.656792839673597,0.543424795907163,0.442464171990774,0.355633805453726,0.284916003162255,0.226263921651648,0.179269766817834,0.142078034952052,0.113585427417961,0.0888907267275234,0.0695008880955936,0.053113953142396,0.0398084175952464,0.0292874854515456,0.0217908162497745,0.0162896992552903,0.0140126293532611,0.0127752589329149,0.0139364661469295,0.0139805251243939,0.0140601037520007,0.0135396217961799,0.0121684684904155
2010-01-01,"A14",1,0.0078125,30,1,0.245040120564649,0.255499154511455,0.262,0.266367242776704,0.265035895330807,0.259479573862699,0.250015892914758,0.242578184773897,0.238414528150409,0.238318917511315,0.240471700632312,0.242002957737577,0.240800206670951,0.237284373376177,0.231508292969796,0.226695149309657,0.222943055058916,0.220567054969265,0.220818086846749,0.227421912529566,0.237911093071521,0.251284353719234,0.263764780418858,0.27052247859887,0.273012120848716,0.272025712513921,0.272369258713778,0.276637944188167,0.285319802290317,0.296713342443072,0.305408041456392,0.311932045721707,0.3130237855195,0.313559088679194,0.316648005791472,0.325080161059647,0.337050390286526,0.351749159891875,0.367976642541519,0.384,0.400895809335084,0.417174911589593,0.433287051802256,0.451758391673803,0.472565205415444,0.497742259079028,0.527008083504979,0.561574204177461,0.602205424500164,0.651277087005805,0.709754055137154,0.781106408884556,0.864376141350964,0.958931428529837,1.05978915535539,1.16744738631053,1.27824949635873,1.38807266798055,1.49883781693437,1.60545432326855,1.70584586812915,1.79399830417028,1.86770623677349,1.92234819550662,1.95615606597239,1.96919285413578,1.96145920545013,1.93415643041053,1.88600332659776,1.81711897676659,1.72676341693297,1.61717313962371,1.49021972229707,1.35263957864683,1.20568629094366,1.05797574718598,0.913599133600124,0.778158723229389,0.652354235813732,0.539267779548976,0.440944693921417,0.355422136234102,0.283255352541272,0.223871943423301,0.176870896709638,0.139349786653181,0.109246401189795,0.0863780796219805,0.0690796577912251,0.0539965399272491,0.0426950788096329,0.0332488522368264,0.0269796243475407,0.0228263279116616,0.0201966899975303,0.017846159962603,0.0164502459538082,0.0138747027925627,0.011473895969708
2010-01-01,"A15",1,0.00390625,30,1,0.254812546824808,0.259011818233259,0.265,0.27070802180543,0.272226756400929,0.270904438008869,0.267386386682956,0.264926001696268,0.265229823793472,0.266636528810939,0.266532240032065,0.262278258885316,0.253879824701112,0.245123405499206,0.234946997041547,0.227819647829326,0.222948933539542,0.223390794618771,0.22924530558789,0.240510598825218,0.254684935994665,0.268132801882414,0.277844472287126,0.280815055699606,0.280406251157225,0.278036507482345,0.278416595079821,0.284910700865473,0.29547599105917,0.307457646806968,0.318557836630881,0.330928428312462,0.347315964455351,0.369227033223727,0.393572938460198,0.415068162697295,0.429101530237572,0.435062883357724,0.436882802580146,0.438,0.44309649258994,0.451978866038416,0.465622618574697,0.481961986409151,0.502606529032149,0.527437709861977,0.556005420479832,0.589861924321997,0.629294868522568,0.676292293045118,0.735704045165075,0.808740465219274,0.895088016837437,0.992028886800976,1.0964180828964,1.20589526219506,1.31853565340806,1.43089715380437,1.54289038251949,1.64917672034936,1.74836378862277,1.83451577686423,1.9057592354172,1.95815931286622,1.99002199940344,1.99988999384854,1.98905688195948,1.95696297287591,1.90675708434361,1.83612669410647,1.7441022010225,1.63229049835851,1.50397279085146,1.36427251577351,1.21543397537448,1.06699945010068,0.921596162832776,0.787459923276781,0.66243087562791,0.549222794725185,0.451020832776389,0.36440282298124,0.29182211541022,0.229867908521906,0.179662602749406,0.139415665418769,0.108079533023894,0.0840477244031204,0.0651990587374115,0.0516262259710334,0.0417469944098193,0.0346442113393009,0.0291009240746974,0.0242051387215562,0.0202608236821446,0.0165238495866959,0.012158502576102,0.00994908846162005,0.00744578612539962
2010-01-01,"A16",1,0.001953125,30,1,0.252219696778856,0.238245150204462,0.228,0.224790085891783,0.225854426957058,0.231799632519057,0.238412861685508,0.243323394779229,0.24622771503029,0.245899515159594,0.246561089071354,0.249815846189897,0.254566052609241,0.257749090756195,0.256598467088101,0.250997533857737,0.243847176303396,0.238702244422651,0.241737051021702,0.251859931998226,0.269142991063174,0.292206964809794,0.316302350335558,0.336022235288863,0.35066753989809,0.359857689656864,0.36567738118724,0.369312341433356,0.371460249040302,0.367923642569822,0.358430976283479,0.346231952569316,0.334937251754656,0.330807687852668,0.333604446118325,0.343204923703843,0.354227516489763,0.364733692280039,0.374036300829164,0.388,0.409439208596263,0.437783263799514,0.46854313135449,0.495460703626939,0.515125341279602,0.529705750655799,0.547043007511729,0.57334730154824,0.614050453548997,0.669515854983722,0.737514481047282,0.817323113929036,0.908380459798826,1.00911549930134,1.11581797276907,1.22841741995321,1.3427820579907,1.4540315179735,1.56354192257696,1.66463109956514,1.75713602798661,1.83592389535505,1.90085220276085,1.94950058000762,1.97882654406851,1.98837605096088,1.97621845748421,1.94173967907909,1.88512095927719,1.807162067521,1.70836395008449,1.59247475215705,1.46185404637908,1.32249615397702,1.17566228589738,1.02865100685903,0.886621733839692,0.75382687182092,0.630887043737846,0.519598319861023,0.422789769850552,0.339607673090123,0.269839698273114,0.213022902332933,0.167584592392314,0.132228942312505,0.104324765713922,0.0817459209487096,0.0649506681414088,0.0517096386111634,0.0407061252392559,0.0324076582242532,0.0255581791117191,0.0201660177661713,0.0162373243186986,0.0137487585826175,0.0115941088508122,0.0104225175854638,0.00984521749483205
2010-01-01,"A17",1,0.0009765625,30,1,0.253686224727334,0.255448587136654,0.259,0.262340364425799,0.260657296335566,0.254309516640357,0.245881764813163,0.23970970088465,0.238007960393502,0.240411551063849,0.244274908765746,0.246925681557657,0.248050129224902,0.247887540351084,0.244768010462412,0.239795614921491,0.23389505034792,0.230597628792954,0.230124897860166,0.233486491779134,0.23940783641227,0.246712009441463,0.255631294678303,0.264875060226517,0.273314677151747,0.280878186068113,0.285640802634126,0.288936444832194,0.290692350759949,0.291783897227349,0.294143411520528,0.298206715241887,0.307715619600104,0.324810271012643,0.349283666031802,0.380622350184082,0.413279096273722,0.440989303671266,0.462093933214844,0.474,0.480812099948378,0.484602113550919,0.489974433697108,0.499482278281407,0.51635476750238,0.537693201978662,0.564379949414245,0.597717703803466,0.639132146184852,0.690859804282794,0.75409526108522,0.83215877517438,0.923346473808248,1.0251675218872,1.13459354185331,1.24989217759835,1.36677428691827,1.48013590298424,1.58746240659112,1.68815791197167,1.77837411684546,1.85691158681088,1.92184705424234,1.97026969587351,1.99668749090526,2.00192254279337,1.9848607603043,1.94552230871778,1.88545815922463,1.80561679313069,1.70565034321294,1.58857172156656,1.4554649749926,1.31237563243715,1.16237782305185,1.01378905644815,0.871631698277443,0.739837223724435,0.617582595927761,0.50890298500691,0.414640148159342,0.331636608174343,0.263181524988905,0.207520954842351,0.163390460287715,0.128246115576544,0.100512885130883,0.0783755767441693,0.0615969966496935,0.0478220298409037,0.0377307430389852,0.0295453441266403,0.0240598112521826,0.019813696256231,0.0171948115966864,0.0148272990108085,0.0136957747437998,0.0124448343011969,0.0112341202453873
2010-01-01,"A18",1,0.00048828125,30,1,0.269910727918901,0.266841132096472,0.261,0.256661780055077,0.257911125161402,0.263719792227463,0.271229299846817,0.27730592357853,0.278952530976283,0.276779591812948,0.270856485366409,0.261431740640513,0.250792998936597,0.244738864920913,0.244872176440115,0.24851873609864,0.249975500845775,0.245761363416319,0.237616045693919,0.230902073003131,0.229719507281662,0.236945759656044,0.249846256902838,0.264565909959012,0.278513167736476,0.288849459917755,0.294933954860288,0.300949688902027,0.307675481688173,0.315031861587496,0.322315329159555,0.326627622031898,0.325878418099834,0.321199595890117,0.316257205130425,0.314047660999413,0.319820103837653,0.338886082063135,0.371762435969218,0.416,0.463503077826446,0.505839754419857,0.535523988977555,0.554451524325656,0.566873393807703,0.582640008931993,0.605934275764472,0.640543164067387,0.687875699067318,0.745574739651476,0.813759306681838,0.895033250088907,0.986398583661858,1.08710657161828,1.19412916046165,1.30662227477812,1.4195685679803,1.53116136294634,1.63844047277427,1.73952988466205,1.82973574822695,1.90329222998275,1.96006108463666,1.99639972114884,2.01199192930111,2.00624514121378,1.97897281284576,1.93213310232256,1.86351992156417,1.77488088944522,1.66435161127395,1.5361791466243,1.39462918621826,1.24600283700383,1.09420577380061,0.945775901902575,0.80465665463134,0.676638024514606,0.559693060326275,0.457270898568537,0.368844197644719,0.294169762217574,0.231424729256893,0.180626082694035,0.141296012826835,0.111085664683375,0.0872390173888033,0.0712001115249478,0.0578463751641175,0.0465778064728996,0.0367257737407748,0.0283935298851281,0.0214981285814392,0.0167579161938939,0.0142093519733329,0.0119006810304253,0.0120366900772405,0.0120388835683037,0.011382642248333
2010-01-01,"A19",1,0.000244140625,30,1,0.247485941613035,0.247545898127144,0.252,0.260336019564872,0.265602859228383,0.267278733050609,0.265404036472577,0.260654112457975,0.257819371102227,0.26136630976886,0.273222354533971,0.292220291086237,0.310204210779544,0.32250375676589,0.322964328221072,0.314046939633711,0.298688193528529,0.284172561332725,0.271897728637292,0.264208419060442,0.261961514601092,0.264475925240449,0.272473579960547,0.282945860572492,0.29253371712278,0.297951313324986,0.297686494770963,0.29525492661407,0.296466118483811,0.302764698872139,0.314642425166226,0.326379259056492,0.334833574477454,0.338710287381117,0.338989037520571,0.340204450395114,0.343128314016122,0.349578042949383,0.361278160771036,0.379,0.40392670441509,0.434924538725292,0.4703831502023,0.507101899365921,0.540178870373453,0.570575709477774,0.601470398351719,0.638422565631422,0.68676958104931,0.749558491655989,0.827125567859938,0.922693164214192,1.02935332525792,1.14243336418295,1.25685197820154,1.36907649666288,1.47688419668064,1.57820976305639,1.67327879043477,1.76079350301474,1.83855992680357,1.90220478059041,1.94925634839059,1.97580525701977,1.97927615808884,1.95824328383258,1.91353487972,1.84611131080229,1.7582536997688,1.65214757269867,1.5286179332665,1.39251569562424,1.24739954996731,1.10017238405256,0.953361146188219,0.81205429959081,0.681761811040934,0.56508861417412,0.462605614814434,0.374083283676237,0.300299997615244,0.23906505545231,0.188247310538518,0.148102209355962,0.116200473881614,0.0908660725185981,0.0714583429750423,0.0554254247466953,0.0433897952089151,0.0341940844089366,0.0268160294798403,0.0222130356440417,0.0185418608196231,0.0156065525941213,0.0131458433957731,0.0118082397623392,0.00949802375778767,0.00898854677393677,0.00843149638234436
2010-01-01,"A20",1,0.0001220703125,30,1,0.246320562448877,0.240735499716544,0.237,0.232117586857722,0.227120073775599,0.223883267161758,0.227072183208342,0.238944920500691,0.252134085644348,0.262690305298003,0.266210431676083,0.263186357527028,0.25833995499397,0.253784506084809,0.250207040077433,0.24659905713362,0.241894087354781,0.237321701963173,0.235611740879715,0.238371608667914,0.245229127728475,0.254877640596664,0.264918175839074,0.275512355254005,0.284338272369008,0.291886378530812,0.29531120431557,0.293388166411883,0.286434370740689,0.277898570568274,0.275038008878891,0.279843806597652,0.293062738821753,0.309842059927621,0.327043965430295,0.341552240843699,0.356561107913637,0.376235250826726,0.403952775075483,0.442,0.486159357211372,0.530529509335194,0.568053564322488,0.595450713950444,0.616247669193348,0.633777903211783,0.656149319175274,0.687281769802324,0.732838328015338,0.794477621759365,0.869907914318162,0.959823144040211,1.05942532566685,1.16626832037223,1.27617319594206,1.38678603226833,1.49622045118019,1.59988937516896,1.69963870757458,1.78901604910556,1.86541782120962,1.92207595779231,1.95946982490916,1.97358979293269,1.9647320426253,1.93407256103871,1.88213486271596,1.81094637842075,1.72125557619199,1.61709655647641,1.49605983071644,1.36233403117557,1.22081946713825,1.07519612495095,0.929296797874986,0.790779523935353,0.661788578754624,0.548452063625535,0.447356023917204,0.361371383842222,0.290166745472369,0.229147113401605,0.18082411191064,0.140523998719534,0.108871198257,0.0839123624846763,0.0635037077172713,0.0487940409889074,0.038509934298867,0.0318269200629373,0.0268776011278941,0.0231987467527269,0.0200872781668302,0.0169323994301276,0.0141832199235536,0.0118061434059341,0.0109423550852097,0.0110146976962704,0.0109944458393789
2010-01-01,"A21",1,6.103515625e-05,30,1,0.247230461533669,0.244326411826407,0.244,0.249308949382932,0.258869213603253,0.268911868948892,0.273869425944842,0.271572502550463,0.262521762714672,0.250811047989676,0.239908819692309,0.232261387351276,0.227803957866376,0.227993138912044,0.228622485827852,0.22896986463438,0.23002332931449,0.231496683818279,0.236158921843463,0.242891933148632,0.251284057280109,0.257403700165035,0.260777537597569,0.262550852831375,0.264362504447341,0.267937864469241,0.27043138035568,0.272158686531102,0.272033290935589,0.271231091949374,0.270033242884913,0.272774278594884,0.27984198205529,0.293164155926267,0.310863543524448,0.330260252661712,0.350527887350852,0.368221830956578,0.383501904120422,0.398,0.41509897307394,0.43517622939396,0.462157418819582,0.49503592817986,0.532757358587361,0.573218004165939,0.615776659107716,0.66285656249213,0.716658612109586,0.780718829503026,0.859189984950774,0.955051401357283,1.06524686630213,1.18881422537833,1.31664772400552,1.44103594781092,1.55278117617833,1.64634405103515,1.72679332445457,1.79731251253182,1.86025760406356,1.91220326463111,1.95039733623316,1.97080154204268,1.96879499502377,1.94490302811586,1.89860407014742,1.83109874174874,1.74365588058788,1.64007891893667,1.51971349283787,1.38725465771232,1.24686503404676,1.10128824039495,0.954325420344638,0.813088997639128,0.682772308117464,0.566945716171142,0.463906533631183,0.376153781290966,0.302356962638215,0.240016369530697,0.189293338513361,0.148993711669192,0.11797013949324,0.0928749968324076,0.0734670717025275,0.0573948533889059,0.0455266568993956,0.0352604500643559,0.0288439029451262,0.0241702487031826,0.0206100445518999,0.0170454790277961,0.012377230128057,0.00873480522253888,0.00626125927201989,0.00476475737447168,0.0057512249150245
2010-01-01,"A22",1,3.0517578125e-05,30,1,0.253886053539439,0.254676140962078,0.257,0.257720661682228,0.252423480918513,0.241741344172974,0.229173168536799,0.221714477417449,0.221708296693075,0.228407202992814,0.237239083460317,0.243837483066778,0.244748688893729,0.240261104903748,0.233742246907793,0.230261081087584,0.229012109502103,0.231681672416049,0.235722899481719,0.241262381706821,0.248291440497932,0.256830175031556,0.266837745696317,0.278429213590436,0.289900166444375,0.299821066288064,0.306738493321141,0.307576583383713,0.303630628845904,0.29851733402656,0.297105809762515,0.302593897962606,0.31265367222863,0.325202455783112,0.336328767259652,0.348402490145912,0.362315314766302,0.379547085367759,0.397630785118123,0.418,0.439927707466578,0.462211692311405,0.485934386323037,0.51102675717212,0.540161249484207,0.574360386168002,0.617846984802872,0.671616640204146,0.737129322795913,0.814525738303357,0.904426808865885,1.00918760572351,1.12820788756527,1.25477748232375,1.37854517174557,1.49634408226629,1.60055090778989,1.6886481664551,1.76655155317332,1.83290615604499,1.88858218735869,1.93123520287821,1.95861999605629,1.96804555693814,1.95509806032057,1.9198080417265,1.86032900657548,1.78053536910788,1.68207412158895,1.56852970519811,1.43971777031588,1.29966447067766,1.15330533691254,1.00457903094378,0.858740695812235,0.722147165718642,0.598857991315104,0.492922681523541,0.400396954575034,0.323215867883381,0.25839347454301,0.205611681574354,0.162174136372217,0.12824820498418,0.101938547920255,0.080760303601987,0.0638242748069184,0.0498767572567685,0.0390789937227592,0.0301514569793336,0.0238470253276373,0.0189214223666017,0.0148376154412115,0.0132855168213331,0.0121103462604623,0.0109512761686698,0.0110223282614661,0.0109943069738854,0.0110021513562996
2010-01-01,"A23",NA,NA,30,1,0.0997487399832323,0.098132237537436,0.098,0.0994116981359255,0.101593783223868,0.102110533634165,0.101183195151257,0.0987494862093446,0.0955320699993744,0.0945326954575806,0.0932619745365444,0.0920482952706778,0.0908355193194081,0.0896867857115336,0.0878666632155614,0.085374722584643,0.082965281893347,0.0817238385111017,0.0810870753442373,0.0844980389100424,0.0903978088846536,0.0976605898311445,0.105077365700644,0.11136672222815,0.115415845138385,0.116993694514155,0.116989545487749,0.117014595646275,0.116945088658195,0.117736395185803,0.121277465095464,0.128990000760058,0.139341175468048,0.150370032299845,0.161347116984353,0.172216206967183,0.182970993668291,0.192096533350577,0.199913987250367,0.204,0.204936887182639,0.203164072588845,0.200700171578155,0.198247573285456,0.197029376355897,0.198234269551536,0.200431609628869,0.204058157342547,0.209744125407666,0.215902396312146,0.223739033123555,0.235117676606759,0.252000938150397,0.273711763442175,0.299422392454938,0.3282173316635,0.356181629161985,0.381862426901152,0.40259834001288,0.415349953482412,0.414909325350282,0.399897989358085,0.368763279722492,0.325262098122286,0.272624874577192,0.220529091251148,0.170960375219841,0.13014811541802,0.0975207248627411,0.0743059702736304,0.0563489264317649,0.0445630788143522,0.0360191407151504,0.0297302556001351,0.0262246442211851,0.0234453691841715,0.019962046271895,0.0163127062055312,0.0130501640967292,0.0106345553256353,0.00906201382516121,0.00902307480049497,0.0087223016116806,0.00789779527937917,0.00803609779065499,0.00797767691366994,0.00919893700607147,0.0102768312451233,0.0123036171143292,0.0130518614345132,0.0129846875102211,0.0116783442571422,0.0109286189297008,0.0110039550677294,0.0110156243483897,0.0111096647247651,0.0118593412766683,0.0104031298207782,0.00924988008819552
2010-01-01,"A24",NA,NA,30,1,0.131640753320698,0.133473832674007,0.136,0.136035882049259,0.135308412726938,0.132700535361013,0.130211753088866,0.128899936312704,0.128124579021382,0.129564188427262,0.130691504016788,0.131986958306138,0.130663867560904,0.126233703524186,0.120045022580428,0.11374175408297,0.110974847310972,0.111609988505159,0.117722592597824,0.12498413928082,0.133196646754541,0.141682294137293,0.149205637079352,0.157823943537517,0.166271043053054,0.174837256519548,0.181996036211707,0.188145660602948,0.192899767682763,0.19736162715092,0.20231678432182,0.211389278327053,0.225012801513962,0.242464896725304,0.261816040246258,0.280996016478794,0.297519340018782,0.310529736940772,0.319011064471564,0.322,0.319007628044663,0.310323660206203,0.298098366041699,0.282796531934045,0.266947210683165,0.254481984120138,0.247395560723669,0.246386295097264,0.2498360293456,0.254888960543516,0.262471892510105,0.272227300945536,0.283989371735141,0.299520228881131,0.31776516864091,0.338108958116742,0.360997986653404,0.383172058372162,0.401479657787307,0.412726367785038,0.410308251179614,0.39399272057756,0.363736389845463,0.321628865302413,0.270905708752203,0.217845362626714,0.16732563538317,0.12195003305089,0.0870063439972121,0.0615577013118641,0.0440125380399738,0.0334352129324447,0.028536174918159,0.0252044834553773,0.022925628704292,0.0197456908767145,0.0149572963856136,0.0113012558429188,0.00833396024488109,0.00788407451116842,0.00886653834192529,0.0101458456955581,0.0123960222274262,0.0135826136196288,0.0140357298175839,0.0140127639786209,0.0126755893918751,0.0105018756264026,0.00946999434482465,0.00805237139032092,0.00904744331987625,0.010189396185253,0.0119082879459254,0.0138099898203904,0.0140544735221843,0.012891451485057,0.0113871354174322,0.00928760921505599,0.00892603065893009
2010-01-01,"B1",0.5,0,30,1,0.274137727972086,0.271922896490652,0.265,0.254025748761849,0.2455193548423,0.240757416765206,0.239886279603216,0.241072469235517,0.242531470905724,0.244866938801625,0.248899573265262,0.252876905778851,0.255127004875599,0.254711910245526,0.253165610449592,0.254468297875173,0.259136127965781,0.267903413618962,0.277900147263028,0.285725264031869,0.288954072776568,0.287875926317634,0.286464983219215,0.283743272897681,0.282858179372759,0.283967510593955,0.286623237124552,0.291939866618673,0.298227452973088,0.303331700170251,0.30931463205945,0.315270539274703,0.321927366763427,0.328956447940475,0.34018697243494,0.354816577671708,0.373908188779923,0.394772169725521,0.415356414301273,0.435,0.453263762465421,0.471774944472684,0.493078973499092,0.518010091238252,0.547134214842097,0.579604630748088,0.615601233575944,0.656913233812935,0.704903420675473,0.762681038063251,0.832334208869077,0.917226532996847,1.01444398767705,1.12126161188153,1.23140932177171,1.34260521198197,1.44979077810967,1.55198169063,1.65053884081325,1.74077854798881,1.82127335286227,1.88598133812364,1.9332787226743,1.95718815899595,1.95771238121508,1.93549790177611,1.89127914963763,1.82627107807258,1.74209257718124,1.639680917562,1.51908201228042,1.38536915840569,1.24271964738704,1.09753305918938,0.952494758536103,0.812916086839867,0.68378223980729,0.569395825364013,0.468010436946523,0.380778060338442,0.307443909862972,0.243937492387139,0.19177589908065,0.148886166145076,0.116028975961744,0.091818904516224,0.0737189822938515,0.0603767048049146,0.0494058023180438,0.0410414007746473,0.0338215361006418,0.0288149437969208,0.023032912669747,0.0182993940670238,0.0133675721523637,0.00977856059960124,0.00891264005618393,0.00941908928227527,0.0114497982280724
2010-01-01,"B2",0.5,0,30,1,0.242219901119455,0.240118926381116,0.24,0.242362271204752,0.243064158204205,0.242933131050957,0.243781961456029,0.247416958313766,0.256845943694371,0.268338419888695,0.276892436977435,0.277211719401783,0.268574339497346,0.255709939810736,0.244121229658717,0.240773291757957,0.245149404901906,0.253613412388655,0.260324509245753,0.261725458098777,0.258398569981733,0.253611334588315,0.250136063230086,0.249226947255991,0.251990380466071,0.258844075281201,0.266137163074723,0.273482004420012,0.280160438355746,0.286236650251553,0.292381451228382,0.300629858662185,0.308718889730934,0.318660200905448,0.328457233505601,0.337005893053945,0.34685165194757,0.360560652031831,0.37989152176031,0.406,0.434255966999038,0.462912322847628,0.488825612222124,0.512543731472899,0.534554259715472,0.556111148230871,0.578348477774394,0.606663086755078,0.645185900284829,0.697160383154732,0.764713715111265,0.846461123172804,0.940061147696896,1.04212166536221,1.14901547814302,1.26250712747576,1.37683972230672,1.48645949397526,1.58880581116438,1.67860498178841,1.75243135710361,1.81113269815516,1.85429897568187,1.88116540264174,1.88937217975259,1.87768920772205,1.84481445963891,1.79184767582126,1.71880697818357,1.62815139021293,1.51849737715514,1.39481868297204,1.26063806652963,1.12255589921935,0.981760791838674,0.844723352223961,0.713740833380514,0.594350739999873,0.486845134361971,0.393279795870793,0.316540108871104,0.252949436448541,0.20075911519457,0.157946073831059,0.124418296425672,0.0979232084492241,0.0774069076919808,0.0613646412240976,0.0499981189215563,0.0412387283559871,0.0338243796814879,0.028983477611284,0.0244986545443738,0.021065149360342,0.0163757753479578,0.0127344615468407,0.0102614167653992,0.00876471721846032,0.00975124008971126
2010-01-01,"B3",0.5,0,30,1,0.242518087476721,0.242489371989584,0.247,0.25331387463629,0.26002739634731,0.263568928417428,0.263324181397459,0.258554955839731,0.251028019749495,0.242287615340528,0.235074632198079,0.232018053601369,0.233269433944744,0.236051532892159,0.239840374543728,0.243359753591538,0.249152509508915,0.257752040197588,0.26604228985621,0.271347272179284,0.272208494836831,0.267473958950277,0.263377211109856,0.263175607677269,0.266978101078929,0.270939884412503,0.273194523565926,0.272291997754871,0.270109922100772,0.271417513097311,0.278470286374735,0.289784589350148,0.303794176036874,0.318545103737255,0.332252422262038,0.344418258121249,0.357782612427668,0.372583047169321,0.392200144698058,0.414,0.438199174258004,0.459167717569276,0.478320761432925,0.498641356625991,0.521815692719228,0.550417075547379,0.582204068489822,0.617595856414263,0.659137735534418,0.710886676383688,0.773832132535753,0.850175382670985,0.937154301347192,1.03293430261906,1.13235026897026,1.23732251354554,1.34243643532927,1.44229796144778,1.53614715304761,1.62272923650519,1.7004811896946,1.76541527158818,1.81812115072887,1.85226594983134,1.86808701638893,1.86174753921493,1.83234406023933,1.78189185671111,1.70880199495408,1.61796960954539,1.5099465142293,1.38768201208702,1.25694264883729,1.11974562874422,0.98106962745889,0.844640612870149,0.715762785446816,0.597563357984669,0.491012547445607,0.396658496738877,0.318674271818317,0.253881863562382,0.202294998274994,0.16148799748663,0.129884931466919,0.104903388258974,0.0843421092750274,0.0663561400937687,0.0511997208637042,0.0387243386826763,0.0287538132304632,0.0215487979616203,0.0168894590306004,0.0145021891841842,0.0139772736859654,0.0140598930990886,0.0153982759520207,0.016134370478699,0.0153167261889784
2010-01-01,"B4",0,0.5,30,1,0.214098103988912,0.20954773846289,0.207,0.20722996548273,0.210906905831328,0.217716779274449,0.226815337141288,0.237708143168209,0.247460158836921,0.255785191223406,0.261689541361058,0.266823933499938,0.271788269053837,0.279860786566878,0.290209921846049,0.302811740140347,0.318315976800777,0.334338696671901,0.351483924869588,0.368925478948107,0.389020531381049,0.412153901622882,0.439102546170594,0.472206865171664,0.511797035291864,0.561894819997563,0.62246813985074,0.695798963168444,0.783317678543286,0.883081314372241,0.994715312271593,1.11124356415668,1.23247398883446,1.35191837710183,1.46638509635652,1.5721836374438,1.66706034710287,1.74940868801255,1.81593107266171,1.866,1.8998759753791,1.91751022487481,1.91800304940504,1.90260348506386,1.87119331916203,1.82047358573575,1.75091181866893,1.66288047571389,1.55660650123861,1.43552890218788,1.30541430491555,1.16599648564016,1.02266489774701,0.879841139861533,0.745406059329519,0.618794420147775,0.506723317941957,0.410854848546283,0.329204427759144,0.260599836798531,0.204538291386531,0.15985229396675,0.12460438076459,0.0981956139985288,0.0777293322162596,0.0628430702594644,0.0512889336585977,0.0426112707189604,0.035505990588954,0.0299287698635503,0.0257844957785826,0.0230959313844857,0.0217628015883601,0.0194602724963062,0.0190397703404304,0.0182413101474603,0.0169861291913991,0.0159781991178549,0.0155683986948541,0.0150345447001123,0.0140913245943893,0.0139523969072394,0.0128740260506591,0.0131078060732505,0.01230638165461,0.0110475070786596,0.00983383819746325,0.00856127126580014,0.00787193364631745,0.00872904588464429,0.011075553185882,0.0135481317562969,0.0155289464058325,0.0167299764663129,0.0170561475636552,0.0158640596038629,0.0147389319331199,0.0129405385346372,0.0110218488001281
2010-01-01,"B5",0,0.5,30,1,0.238580761068402,0.247589724153418,0.254,0.256164763165791,0.255289680886888,0.252608158870434,0.251091363650644,0.251106499830772,0.25357186955001,0.256449840828122,0.260206093303583,0.263855962223164,0.267506205789328,0.273314505285744,0.283156563003102,0.295840695913903,0.31133348254642,0.328381851299743,0.345914717816917,0.363992014656987,0.384034287341458,0.40725922792171,0.434869757192389,0.467298800279717,0.504795106564132,0.549035311899139,0.602414268163044,0.669939801033151,0.754732329033399,0.858369633933657,0.97614420161924,1.10387666608994,1.23775018860016,1.37075459326626,1.49772052402256,1.61312365798312,1.7167388797146,1.80575270006551,1.87853841941994,1.936,1.97857489227564,2.00618107907291,2.01967729587772,2.01826810636925,1.99795402479809,1.9580791501461,1.89735117277302,1.81475530866872,1.71439382394446,1.59693163138754,1.46869246310715,1.32794420703776,1.18135547394985,1.03152977100041,0.88504267065523,0.744991198860233,0.616967249616836,0.50347968509581,0.40468853745776,0.321187083580771,0.25229667299254,0.197346783038159,0.153785685862079,0.119086809111253,0.0927385401872387,0.0714963482088014,0.0558025406442694,0.0424139615577791,0.033211141057842,0.0263791643819132,0.0217039457172539,0.0191419011792351,0.0167163044318571,0.014216404960926,0.0124556874370199,0.0104074872608928,0.0089961922836274,0.00900904427506863,0.00902043251124731,0.00889544908680402,0.0098988059779871,0.009988583555424,0.00999499716054644,0.0100703084767152,0.00933872505829318,0.00801847045162985,0.00790429126335792,0.00660309809658538,0.00532418156181902,0.00497037377944734,0.00500011807783025,0.00495830296142806,0.00537976081432486,0.00670370091807136,0.0078898590456321,0.00904489502727891,0.00902178150275557,0.00859763122138235,0.00654388320599244
2010-01-01,"B6",0,0.5,30,1,0.237456014233535,0.238086655326061,0.237,0.233211392808785,0.23064606231035,0.232060237256011,0.236403399003167,0.241251917239508,0.243323667444479,0.244541198247657,0.245591628550884,0.248822388743404,0.253703215592717,0.260286764354816,0.266979102858228,0.27387731880671,0.281150652466236,0.290057368152411,0.304411937975524,0.325267614182723,0.353208296536414,0.384911277494593,0.418150371860283,0.452503277970232,0.489743102745142,0.534049386731231,0.584578049238901,0.643580825162083,0.716236379133718,0.804254209453068,0.91066642472251,1.03071424264247,1.16203996131594,1.29531468823038,1.42453844707992,1.54354124274714,1.65073752391768,1.74396457721331,1.82172970882215,1.883,1.92806333340499,1.95742081378541,1.97006873156977,1.9673669285411,1.94703040578852,1.90809968856874,1.84806457328913,1.76913888981956,1.67030813874256,1.55636000170628,1.43059334649836,1.29450833593018,1.15092615730098,1.00568915450584,0.863917067046962,0.726578924698743,0.599720467274184,0.486470903737004,0.388905714062484,0.307492281257272,0.240827205635742,0.189030990895504,0.146749711450216,0.114425052844196,0.0886091828210335,0.0688348227177046,0.0537326529147039,0.0425194712860174,0.0345035061807787,0.0284411377594698,0.023792351448543,0.0201947158486443,0.0177352803853066,0.015212989579776,0.0134344336712611,0.0114784326704758,0.00898288685804439,0.00776227223189372,0.0069106557535673,0.00701675477340644,0.0069982744531651,0.0069994835818853,0.00700485907099212,0.0069723545133982,0.00710127108874346,0.00603340389863508,0.00602102738052969,0.0059921403311186,0.00600164666249249,0.00599980616587557,0.0059999943681387,0.00599993460583626,0.00600048549061501,0.00599799690167759,0.00600367624867955,0.0060239707507391,0.00570095042118864,0.0048885682402217,0.00507194151075345
2010-01-01,"B7",0.5,1,30,1,0.29782524892366,0.314406462711315,0.326,0.330094344636143,0.325273442966673,0.316435993538003,0.307913249723359,0.30057355458347,0.296279211243115,0.294236550076453,0.29519831393636,0.300633553521511,0.312664124432523,0.32453364960586,0.334594117327226,0.33969986885178,0.341030480359569,0.343686530252842,0.350509022460244,0.364923146238549,0.385900119165084,0.410315516745189,0.437602087754697,0.465012474855948,0.491609053682413,0.519391834189767,0.554138320059721,0.599595290904747,0.658477083205712,0.728231578514493,0.805969219173575,0.887481973126303,0.97350358282944,1.06105862809616,1.1452838183084,1.21721042757698,1.27095617903265,1.29950857783889,1.30461148524847,1.287,1.25431187972618,1.21160445787073,1.16483804532691,1.11549644742512,1.06658177046919,1.01815512090421,0.9729596763746,0.932658258973977,0.902907265870697,0.887975243942124,0.890574336966331,0.912862184727962,0.955795182282125,1.01913197726428,1.09845841868846,1.19503978187478,1.30259011854632,1.41741423763816,1.53682079206035,1.65572167624893,1.76895853332153,1.86852405329994,1.94575395076422,1.99077968000984,1.99782230693457,1.96559660452254,1.89638098908412,1.7974391043187,1.6754212769782,1.53584510547005,1.38059900503585,1.21789216478307,1.05352608621839,0.89412547605103,0.742474433993758,0.606469001803468,0.487917141726284,0.389516921751334,0.307372291332676,0.240840480976781,0.189909080198695,0.148402181865623,0.117104299935668,0.0932950115423637,0.0729714053688112,0.0565838026636607,0.0433429446388461,0.0327608201469006,0.0241635161997675,0.0185864411870034,0.0159682211916683,0.0161979410972863,0.0175411311858614,0.0180905646365196,0.0171906157482071,0.013612060583454,0.0100453232603683,0.00624873503163244,0.0039400996636032
2010-01-01,"B8",0.5,0.5,30,1,0.304267637883321,0.294751130149623,0.277,0.260405213945678,0.250219051088772,0.247334955398225,0.252921311019769,0.265024079370536,0.280694660338065,0.294307172970352,0.299613490813338,0.292470686653543,0.277711508567281,0.259846143211893,0.248924351464255,0.251353757927533,0.267423787776537,0.292607363839815,0.322403995176386,0.349136555474863,0.367690454340631,0.379892710034076,0.387937501002253,0.39614752035431,0.412527828885216,0.438366431905358,0.47544101973076,0.519200576521877,0.568902312418139,0.621780927646881,0.680016722651398,0.741912989308932,0.807971863886635,0.87251307349559,0.929948580906838,0.973056142331305,1.00137668821869,1.01161121355549,1.00412427461353,0.981,0.945877322034932,0.903709634642851,0.860396082854308,0.820014950517448,0.786954803266087,0.762991412073057,0.749379815853552,0.747100946255287,0.754486876003667,0.773362812777747,0.803395160941495,0.84524467246409,0.900413720979886,0.971330881551931,1.05631552540953,1.15656909071045,1.27081218148171,1.3909370399101,1.51618503729638,1.63513885441646,1.74266051357599,1.83035493646542,1.89399350129118,1.92963022246004,1.93387322023516,1.90802425611009,1.85224928619093,1.77141466035758,1.66867389480284,1.54712005330027,1.40986178407788,1.2602330147157,1.10534468476404,0.950084661442434,0.799137173711959,0.661027049051008,0.537863589518024,0.434832417376109,0.348758976815708,0.276722090992803,0.218586650320852,0.171972461497289,0.133419191523035,0.103979082746138,0.0804619862564834,0.0616387250439435,0.0483510189763558,0.0380489642633417,0.0307708329529421,0.0264299507344868,0.0239232759805788,0.0216935884983252,0.0202759739192801,0.0168990776961308,0.0141856843351427,0.011806725595898,0.0109420882898986,0.0110147657209429,0.0109944201333124
2010-01-01,"B9",0.5,0.25,30,1,0.306371455825894,0.299341575535018,0.292,0.284656400137599,0.277644144083905,0.273038532040136,0.277002496684048,0.289125357623214,0.307326577934741,0.3232666757326,0.331672777178416,0.329283980537364,0.319543719654566,0.309062078506494,0.302077470904593,0.301522250810904,0.306121139997137,0.313838828422011,0.323691344062416,0.333947944589835,0.345835727532815,0.360539443862562,0.378915507428161,0.39795463362756,0.419618535991351,0.441540700203897,0.466047701486197,0.4939336464826,0.528122952416882,0.569140719773994,0.616469801553384,0.667423207473994,0.716899625884598,0.756529350018698,0.781888513785595,0.796143674739778,0.801711694693381,0.801932712623955,0.79591563600684,0.783,0.761891194104544,0.738494216073362,0.717050254533815,0.702246213131297,0.693654182832914,0.694029911022959,0.701945329974983,0.718144963606581,0.742823271114334,0.777390414732908,0.822451021255382,0.882034423243669,0.957188862088484,1.04999924543812,1.15625683100177,1.27351587098127,1.39534675902963,1.51625777634096,1.63325727096709,1.74273497921978,1.84218092596078,1.92410340324597,1.9850316821556,2.01969222366449,2.02540594741968,2.00029116325515,1.94936796799144,1.87473888448646,1.77953412567092,1.6667173709841,1.53641685193753,1.39297973086686,1.2393211431721,1.0818941088148,0.925654059947811,0.77794236146219,0.644763848613943,0.529076870839331,0.427741000454576,0.342375431200817,0.27200172504976,0.212220554322187,0.165286090741717,0.128130966610473,0.0993679981960198,0.0777012429166147,0.0631923072254614,0.0516247536447886,0.0433436909203316,0.0360417334652051,0.0298195097156436,0.0238124391120209,0.0199537618772993,0.017595451343982,0.0160429290907947,0.0160283393516474,0.0157501276232169,0.0144309759736063,0.0132393572142266
2010-01-01,"B10",0.5,0.125,30,1,0.244245406962689,0.233461074442895,0.228,0.228531334895325,0.235027073730945,0.246514949241172,0.257072834094033,0.263191706895536,0.262383994535737,0.257470604385993,0.252423780713431,0.252880952280587,0.257977550211779,0.266517927232473,0.272594096416876,0.275883615680595,0.274974841799266,0.27531702659105,0.278524241631033,0.285499192441425,0.294391521943219,0.299485304113885,0.305492721818724,0.313597899690951,0.330664043672645,0.354465499955496,0.382428499090415,0.408055024713377,0.429024300739672,0.44925206223725,0.471204526200409,0.498390243929102,0.530464693407648,0.564845318152395,0.598140638195861,0.625708323533452,0.64591666324959,0.65736689250341,0.657907098507742,0.651,0.638422461506852,0.623950603795167,0.611860746539219,0.603591138644895,0.601025728661371,0.604237509395314,0.611713629328011,0.624305715464814,0.644060327022494,0.671376045965223,0.708776039326394,0.756788445212454,0.816075646816621,0.887320902239367,0.972217794462139,1.07050343774182,1.1793344233675,1.29446908036002,1.4126606781382,1.52868788067938,1.63566103179701,1.72921023389704,1.80567081418494,1.8613626445539,1.8928047859427,1.89968939315537,1.88218728895001,1.83933056040619,1.77558465081303,1.6925734059457,1.59020717872019,1.47157471446134,1.33969763871997,1.19939473669895,1.05294420436774,0.909686422050112,0.77369349171817,0.649513701363359,0.536698206434302,0.437125581670901,0.352525306795259,0.280393439631408,0.221152437120704,0.172596973944635,0.135963732308171,0.106063119593502,0.0831864705578386,0.0660874338275783,0.0527347681815206,0.0430675194215941,0.0368194529637483,0.0308394157845007,0.0266727797160297,0.0221673196622328,0.0191570727612594,0.0167253343343715,0.0146560224486834,0.0129616779261102,0.0110138603661916
2010-01-01,"B11",0.5,0.0625,30,1,0.261770145278307,0.253627043075255,0.245,0.241788435368154,0.242741130189283,0.245316980881498,0.247724419126332,0.250152606309372,0.252870328116158,0.259310897236545,0.268846141916178,0.277741210228623,0.281161436356336,0.280412312340109,0.277566967645523,0.277606746043911,0.281078407526626,0.284624427245056,0.286251479947032,0.285215151855548,0.2857957041714,0.289515866496173,0.297415519343971,0.308330815834515,0.32045235112809,0.334682405223759,0.351983454785771,0.371439912997858,0.391018850208185,0.409684560276762,0.426800889659117,0.442613968847489,0.460173922496926,0.479334059741348,0.497949288205983,0.51335791163899,0.521941563102865,0.523615980382532,0.516716257210452,0.507,0.497533733146671,0.493428806644629,0.496417837213456,0.509905017561015,0.531774824084269,0.560734596395688,0.592986602095543,0.625604468977055,0.66055178005678,0.698772826230437,0.74553780013333,0.80150115044425,0.867215959637045,0.943426137173561,1.03061413003492,1.13190182570989,1.24375237793681,1.36128096990202,1.48070286802202,1.59654917168095,1.7046703215509,1.80056349631158,1.88251286201434,1.94667639858325,1.98742785910358,2.00484505874764,1.99678939375297,1.96595856699495,1.91426194870004,1.84103571997643,1.7474565699754,1.633408199931,1.50373880453806,1.36177783019522,1.21203457641238,1.06124611897466,0.915579825983421,0.777882408575885,0.650602365114436,0.534868706292915,0.435002005150945,0.349417294836144,0.277460998005833,0.219491251491257,0.172941079401783,0.13531881550581,0.106309185064663,0.0834797263287294,0.0652473008889264,0.0516837246899587,0.0407068842826184,0.03234994831193,0.0260408522483783,0.0211290812716473,0.0181608630093566,0.0157325303597211,0.0135838976347614,0.0125215979737148,0.0106024478569718
2010-01-01,"B12",0.5,0.03125,30,1,0.256393436020053,0.258501126433308,0.261,0.260886401227815,0.258855898076434,0.255042322774626,0.251384734940848,0.248951269262653,0.250902787843156,0.256864826840855,0.265164394901399,0.272723853769421,0.278514491991784,0.280243118827769,0.278882167934395,0.276452118527329,0.27295202734881,0.271683482349048,0.27163021812106,0.274867048633403,0.280372488128713,0.287664893896989,0.294963519715563,0.302333441097886,0.308829677909499,0.31487026284153,0.322383142854496,0.332720015283675,0.346742718460775,0.365206641071605,0.388132120763658,0.409779448078898,0.428454661359099,0.440561013184565,0.449580399175262,0.455733650780533,0.463081411858294,0.471007833954232,0.478798432882312,0.485,0.489826763173739,0.495103217444606,0.501625527004821,0.511669872261742,0.525101375357514,0.544441560297573,0.569016378765877,0.598029116618728,0.63151481768049,0.671867004986058,0.716789276645652,0.77026744672388,0.834237318161682,0.911468355998324,0.99990920547833,1.10174785959343,1.21081876329034,1.3245192503319,1.44266588748306,1.56106497108459,1.67779553784867,1.78526780308286,1.87637483927184,1.94655023533248,1.9916293579732,2.01373330073476,2.01345686114014,1.99457027441284,1.95543405442442,1.89668607551635,1.81484210129648,1.71183534884655,1.58950754946575,1.45311516940997,1.30572760372456,1.15548523245658,1.00654182473973,0.864984222250095,0.730989698503613,0.607962997618659,0.500008299789408,0.404730397468646,0.322964806484568,0.255800763178233,0.200565860768243,0.157499809292415,0.123733258693663,0.0972380614990618,0.0762030176988764,0.0583385559792815,0.0446280550867593,0.0344237618941533,0.0290188860251411,0.0254476498757257,0.0240801295182201,0.0228058593085126,0.0203222322465022,0.0179073423861032,0.0154615616867158
2010-01-01,"B13",0.5,0.015625,30,1,0.263336572060907,0.258835392346416,0.255,0.251570876477187,0.251212137595947,0.25336756963485,0.254826906102256,0.257143927360246,0.258099989366244,0.257554310994675,0.25625311118034,0.255054487242033,0.253936579144653,0.254077474100579,0.253508752859806,0.251506334452801,0.246892424425335,0.242290966826139,0.240949325124364,0.2455512583217,0.256675989696481,0.273590397651137,0.290369072247298,0.305799669940095,0.317969911018946,0.327815881363851,0.336275167804774,0.342752882461349,0.347461887421458,0.352360757219054,0.358420601104601,0.369941513563691,0.385952870892275,0.406006985258573,0.425890370923531,0.442607696161749,0.453270911674555,0.457416165277146,0.458640087173425,0.463,0.473408680335336,0.491218417545559,0.512199936335447,0.531837382837536,0.551271657199434,0.568193997574735,0.585779987326146,0.608977732164657,0.638610270474008,0.679272294832574,0.730126316082938,0.793528685030273,0.868662360155646,0.955751569354123,1.05207260750731,1.15864291553208,1.27151189241083,1.38474720329695,1.49925235077168,1.61047793481138,1.71502651303675,1.80733376052206,1.88462966879345,1.94284717117068,1.97847249581599,1.98963790791554,1.97631773892465,1.9417268118746,1.88557523677144,1.80964866584885,1.7128836405722,1.5974820874072,1.46666845913258,1.32495714832055,1.17758998761225,1.03075145834731,0.887616454194378,0.754653742547828,0.630865590392471,0.518935478868434,0.421760752095221,0.33860420011628,0.268840135520794,0.212032414999892,0.166547808960533,0.131267500834293,0.102427456368268,0.0804289441286896,0.063483415518862,0.0506729117149824,0.0407230792031642,0.0326107462523386,0.0265798499385442,0.021830150558775,0.0183095953941631,0.0146920670534958,0.0126112644084946,0.011466381860848,0.0102259775674401
2010-01-01,"B14",0.5,0.0078125,30,1,0.25752706349842,0.263423013675572,0.265,0.267446457778012,0.270050658083574,0.2706463222725,0.267558554130274,0.260369998050652,0.25274905589664,0.25012570017361,0.251904397474388,0.256848345009013,0.259251949136433,0.259572377307099,0.256127754911982,0.253362794522312,0.250973422944329,0.251181848639818,0.252761996218518,0.256375193145968,0.264123881518401,0.275142425626874,0.288509982210204,0.299583481084004,0.307743009579441,0.312910377531155,0.31788934322447,0.324220590596251,0.332804782211717,0.343487478526682,0.355587675371969,0.366175417250896,0.375971180072737,0.384995220628436,0.393496262659363,0.402009726464845,0.411904675681691,0.421130917557661,0.429326718896947,0.44,0.452698461457451,0.471194443998366,0.49318470048631,0.51728835436126,0.541670653783637,0.564526320245802,0.586668462641167,0.610972743087334,0.641604183998648,0.681247203202067,0.733856713601853,0.799731534372339,0.877289172691053,0.966817229950713,1.0657771096585,1.17561229889176,1.29143303530315,1.40854621780224,1.52312835629494,1.63119278236093,1.72797645900717,1.80874157082579,1.87483748621611,1.92347171253707,1.95289990620881,1.96181965166758,1.94835311384597,1.91264089842579,1.85361317896296,1.77266027898055,1.6710716230392,1.55075741879508,1.41640380771588,1.27390058495603,1.12666732207801,0.97954128884348,0.839657888500459,0.710267005266851,0.590468459090043,0.48419721256239,0.393085392445759,0.315980339044309,0.251084752264493,0.198712159624248,0.156267212693462,0.121219213718422,0.0945235015293123,0.0730948842128311,0.0576815730548425,0.0446043261351082,0.0357832639363546,0.0301245620637291,0.026561205744322,0.0236257758562298,0.0203678205425506,0.0156020142471604,0.0117618624066806,0.00713332862208763,0.00501354316778539
2010-01-01,"B15",0.5,0.00390625,30,1,0.251340105223579,0.250333771011219,0.248,0.248184600336824,0.249494291317102,0.250151347965357,0.249128521903391,0.247842344758504,0.245838596211081,0.245922092914824,0.246841749645331,0.24605956168322,0.24476434042622,0.242104542542734,0.240793749640439,0.241779276448184,0.244080054589719,0.248846034492027,0.252341536161565,0.25611132341252,0.258801619392878,0.261252649712051,0.265507420012768,0.271726005203906,0.27783975992589,0.282910757048309,0.286290237565963,0.287627919323637,0.290745419201117,0.295932455583368,0.306591789464505,0.318904940395962,0.332000644492448,0.343631963770152,0.3516070643486,0.35892874405206,0.369490200774608,0.385088733133365,0.406633428334088,0.432,0.45876955268699,0.483462875912931,0.506508805839476,0.527738943619746,0.548389240075195,0.568180747228411,0.59156535582908,0.619006084978533,0.655317513651684,0.702142422316992,0.760952732870581,0.83482818864445,0.921137882105521,1.01698516436844,1.12026320024685,1.23070644564509,1.34580864681169,1.46163206557171,1.5749172274645,1.67872801369162,1.7687168036834,1.84219830093411,1.90097569502294,1.94364133077718,1.96826789570914,1.97224452328824,1.95475517464447,1.91654371914189,1.85667972142305,1.77770292727941,1.67771374181256,1.55965700047178,1.42532471766144,1.28101869118897,1.12981925466974,0.979951545062619,0.837641594161414,0.708650406277061,0.590943639884058,0.486464607280689,0.397109712689715,0.318956357414878,0.253632689720017,0.198982787412979,0.156234465967595,0.121227714364897,0.0946579617764455,0.0742275254982385,0.0585473645496828,0.046469097204828,0.037789019149702,0.0317407325847447,0.0259541174349711,0.0220408427699033,0.0173245030859975,0.0147746270794751,0.0125222511538193,0.0119341311066965,0.0120547236097911
2010-01-01,"B16",0.5,0.001953125,30,1,0.267412992064334,0.276232463745185,0.285,0.291773721722971,0.293195037180618,0.291957450972047,0.287623571357932,0.280296839538539,0.267818928200328,0.25422357109113,0.24263407388199,0.238958129824612,0.244195210971103,0.255560258211955,0.26558055297799,0.270723991598615,0.270973785770926,0.270106151401679,0.274389012332408,0.283288612966486,0.293206448149711,0.299224347240809,0.298364395392502,0.292755944410514,0.28734904427078,0.28885520959779,0.301543104496514,0.321453040964967,0.343963268046304,0.361372877117346,0.369190133038381,0.371401926759679,0.374864054069146,0.384697692963838,0.399910159393568,0.420326512807123,0.440842607219031,0.459180135150465,0.475904206263702,0.494,0.514835821802301,0.537647655729808,0.562034641557651,0.58631073836369,0.610716333804895,0.6349451982365,0.660911587897974,0.692898639154321,0.734130568007258,0.785952543221935,0.85057740681276,0.92913838536907,1.02112109628078,1.12419702365984,1.23500808754887,1.35283120584012,1.47217533394511,1.58784446112419,1.69865000732945,1.80077220256185,1.89267400783861,1.96959789311812,2.02902471234039,2.06644406082051,2.07930993041531,2.06610041102527,2.02785559233542,1.96423334082375,1.87706644140116,1.76986591234229,1.64292593632365,1.50182568018758,1.35058863683589,1.19579597432815,1.04021467122325,0.891367840906908,0.752685172989827,0.628454564890018,0.516514888734797,0.418690967072002,0.337123405441685,0.267533163410652,0.21103095169292,0.16582993354072,0.130703479892993,0.102039458631258,0.0792400878770762,0.0613477461466128,0.046637124339634,0.0363362040174453,0.0288247086125099,0.0241058051623755,0.021395375923643,0.0203205247015207,0.0191368390726825,0.0167446837703291,0.0143502666472174,0.0119001944684016,0.0094642628367662
2010-01-01,"B17",0.5,0.0009765625,30,1,0.265766543354908,0.26274178710951,0.258,0.250660458770195,0.243287772109952,0.237185610169832,0.234105537433322,0.235201455823403,0.241070968686586,0.251122571774781,0.261013150498409,0.267847500881419,0.268777464437797,0.263984983627179,0.255820166729046,0.247894651735398,0.243955449327103,0.243075767868208,0.244883369259585,0.247358563404481,0.249776309920125,0.2522035429654,0.25488841731756,0.258907196524287,0.266019203273895,0.276778946467708,0.287851828178714,0.29741943770817,0.302190111349547,0.303050976465761,0.304158306275825,0.309422322425187,0.317694523893443,0.328332895928514,0.339350282923445,0.350228843506785,0.36326273580417,0.38043291536567,0.39953340491684,0.418,0.433802359776858,0.449932043674254,0.468637356966916,0.492895443064827,0.524429350315404,0.561644556054489,0.600956040655335,0.642223553398552,0.689036860445492,0.74076061048931,0.801983469555647,0.87356389179841,0.95823806650017,1.05400162247182,1.15871389081871,1.27139386318515,1.3863257525752,1.4990913595715,1.60643529025382,1.7074362849871,1.7986166655275,1.87550778271014,1.93694032638649,1.98073641858902,2.00485400655011,2.00815036601876,1.99080500369606,1.9514389161384,1.88917317943333,1.8072223750075,1.70433412669897,1.58286466515861,1.44611222997005,1.30103000056596,1.1492310889618,0.998959142852519,0.855621772658415,0.724155524757466,0.604490039605077,0.49825010819857,0.406294161374075,0.326806198732061,0.259422362757393,0.205138562826068,0.161434833393179,0.126243598797105,0.0984994248162035,0.0764854698631519,0.0588596597335434,0.0456766377200831,0.0357690995683668,0.0298766192424329,0.0259194709311595,0.0236682360203129,0.0211798161158548,0.01866706080482,0.0152393563224887,0.0129284732206913,0.0104535764863687
2010-01-01,"B18",0.5,0.00048828125,30,1,0.269747015352241,0.26867811486453,0.264,0.259336046957097,0.257980656914428,0.257288494465962,0.257768064519014,0.260192167413094,0.264355700662276,0.270235964383794,0.273862750207397,0.271250662467369,0.262606539754367,0.249559655480294,0.235118126114371,0.224820923577354,0.224092849185033,0.233581409143798,0.249354070663677,0.266725315539544,0.28010650758847,0.287413860768806,0.288852651854383,0.28739815376029,0.28673724762507,0.290846766565475,0.300779199244598,0.313727040286035,0.328010103774202,0.340460123529465,0.351481114680827,0.359641861335826,0.366920589112986,0.374235150569723,0.38157595264553,0.388914899581996,0.397111028705402,0.405417759070158,0.415800486773168,0.431,0.452284875197482,0.479235799467725,0.50984902330517,0.541449006933006,0.574278001260166,0.605688044662973,0.635984670465492,0.666105998992424,0.699544559722756,0.738897486567392,0.78775236975143,0.853450164380052,0.936805223770205,1.03927108842372,1.1540319652158,1.27878267366932,1.40343174078351,1.52172837283321,1.63267003972585,1.73418109238761,1.82447962020607,1.90207571127069,1.96686751838562,2.0128895346439,2.03631087128558,2.03541056322034,2.00922047300813,1.95894582953591,1.88641822607679,1.79366833923064,1.68154202811628,1.55317088514115,1.41164060939521,1.26281569081414,1.10900457026982,0.959011515060138,0.815630091593651,0.685227619180629,0.565667918539394,0.462151183424342,0.373863793814162,0.299199839280854,0.238081771304115,0.188769912492321,0.149362183782928,0.118128728962494,0.0928239972654862,0.0733241463411645,0.0575363954851217,0.0454439413311794,0.0367582052877439,0.0298550468941839,0.0251157504199625,0.020889638777697,0.0172963351086071,0.01362916536776,0.0101543640183046,0.00884025082572779,0.0091200325346853
2010-01-01,"B19",0.5,0.000244140625,30,1,0.262986321741629,0.273295585432825,0.282,0.285275715929382,0.283636461037492,0.277762369729116,0.271701062728705,0.265680852332826,0.26204538587923,0.259462353747103,0.256987633482102,0.252211696023022,0.246094739828416,0.238737697237893,0.231296170938024,0.225536837343241,0.224027631369022,0.228154340703074,0.23724438733643,0.25090911898215,0.266631352921703,0.280090086627632,0.290339720712611,0.295947596870292,0.297882192017709,0.298004706056248,0.298107173056426,0.299653796170176,0.302905427018504,0.305699492819299,0.308093408865587,0.309186853526159,0.311091759822414,0.317055309304727,0.3262555319607,0.341884268353062,0.361330530754207,0.385523495036846,0.409543538023992,0.435,0.45809361893459,0.481675431813431,0.506824818127244,0.538147990236758,0.574681966784678,0.615834824641106,0.659569937772702,0.704552031969566,0.753870618189651,0.811501869212948,0.878010378533199,0.957314990951466,1.04824938050671,1.15118879968008,1.26056801367123,1.37580354751092,1.48862866898036,1.59480351347691,1.69351779760036,1.78134767795693,1.85640994004913,1.91769346830744,1.96230597555582,1.9864498585012,1.98709533126309,1.96243299665198,1.91319948900952,1.84087378554184,1.74804731276336,1.63801046761109,1.51225662480057,1.37361986491257,1.22717734970481,1.0774682958214,0.92806871900428,0.785934159538252,0.656781169557767,0.542507335289201,0.442821247372966,0.358133135991189,0.287120857742982,0.227192301639418,0.178881481058625,0.141155293479706,0.111639720989279,0.088800526792681,0.0707884944289299,0.0565201454316346,0.0450759478312796,0.0353692175788265,0.0278055185232813,0.0218856363077339,0.0174712541547826,0.01461381680472,0.012154882289059,0.0108748292681604,0.00990205499748146,0.0100732114100021,0.00936966998771056
2010-01-01,"B20",0.5,0.0001220703125,30,1,0.291053832790653,0.289600907075734,0.286,0.283681661728477,0.283101573143033,0.285984698297121,0.287991914527193,0.286797114246909,0.281145908719196,0.272338284437895,0.264378031163304,0.260081433000705,0.260395431005188,0.266067597210752,0.274350188697696,0.280476295970658,0.281956993411015,0.276770248590627,0.270765907884623,0.269103198376606,0.275038032347982,0.289535608822271,0.306199847108413,0.319831143966896,0.328789758117755,0.333929284219419,0.336352090468299,0.338837194452678,0.341127711486364,0.345171270459721,0.353516059784914,0.366238839967228,0.382837459908043,0.399772753428357,0.417968934737578,0.43377385222368,0.451140067841153,0.470614772034859,0.491864149514326,0.517,0.544038119963138,0.571521218878462,0.595671760702869,0.61596288740922,0.634303691117913,0.656490956228728,0.68953530227726,0.734958021321196,0.795349660018372,0.865302807519011,0.944831020599698,1.03265846702675,1.12786023469105,1.2322148015645,1.34290529600494,1.46161731469308,1.58349357037669,1.70178376322554,1.81026372783593,1.90497066125625,1.98296566168092,2.04090194554818,2.07847694626591,2.09274547560369,2.08491146479149,2.053216076713,1.99532256605757,1.91331487648458,1.80809319829052,1.68420122100822,1.54425308978908,1.39425575828886,1.23830451428808,1.08265143379349,0.928186266692573,0.782592198342811,0.649750018197575,0.533198659515534,0.432764368571359,0.348098896744218,0.277882051192953,0.220264935501041,0.171948333295175,0.13320727830788,0.101771475878927,0.0787775108549206,0.0620351999905108,0.0507911551672903,0.0415810642097637,0.0349376776294284,0.0277890534439056,0.021890692120489,0.017567318189306,0.0138781984837777,0.0111811804846613,0.00876430972142343,0.00623891449899926,0.004818693030226,0.00512817908069163
2010-01-01,"B21",0.5,6.103515625e-05,30,1,0.242050202744837,0.244642368793414,0.246,0.24715272495723,0.249132207917591,0.252957660764378,0.256620509322467,0.259068064012921,0.258896589716452,0.259538679842831,0.260002922905584,0.260054143430595,0.256322577868161,0.249564017523444,0.240237897671847,0.231058237877727,0.226992487707755,0.23008837099146,0.239283984292335,0.252509042800853,0.264889577176875,0.276951023127508,0.284572364263407,0.288420567072106,0.288427505326944,0.28604876848247,0.283570372136494,0.281677871232377,0.283483744678417,0.289907851844896,0.299576445898513,0.313340731252201,0.329696892497449,0.347588314346139,0.365874987621002,0.385092303650167,0.402964415569347,0.420449016602091,0.439499772854644,0.459,0.478470061706427,0.498417554586397,0.518987328833959,0.540552247741785,0.563793467821509,0.59263140676331,0.62596991257723,0.665998960220097,0.714894422164293,0.771650095277505,0.840567344241462,0.920787632700933,1.01387429779665,1.11927965414105,1.23230843420679,1.35125258767986,1.46709662707118,1.57478240112306,1.67230521863453,1.7579172484025,1.83191467531994,1.89138341117363,1.93140044552589,1.95031256009709,1.94465380454076,1.91586904192827,1.86348429888665,1.78881200582626,1.69613930631549,1.5856098164845,1.45846109766755,1.31960323319032,1.17460549456514,1.02988585082702,0.885825105579484,0.749987026039431,0.625831422476591,0.516090688225973,0.418647353534258,0.336490213055532,0.267786224360932,0.211406096092112,0.165515442554181,0.129762334039232,0.101370292969227,0.0797423543130117,0.0627842577541601,0.0492023660836872,0.0395853602723611,0.0328178419737248,0.0278771108666141,0.024203019465342,0.0210623416270214,0.0180342317415939,0.014261469100394,0.0118659290146914,0.0103900073920187,0.00833511536877001,0.00730541449019844
2010-01-01,"B22",0.5,3.0517578125e-05,30,1,0.26626994690459,0.260824503429337,0.257,0.258612118735762,0.262078390416698,0.263283886279004,0.260613873200573,0.253464395851312,0.246362236393746,0.241542948402914,0.241530066199936,0.243921066309332,0.245117825285515,0.244100954273756,0.240177662944792,0.236493956348621,0.235032875907364,0.238834615691676,0.245074536613441,0.253174512765153,0.259572966305541,0.26207515506464,0.261689706969749,0.260806897506004,0.262225921591879,0.267863619621785,0.275418537109417,0.285228004859486,0.295084614234104,0.303837168951296,0.313453679765565,0.321984955830238,0.332344571306562,0.343361618143811,0.355155362668408,0.372105240775058,0.39382736582252,0.418914958490243,0.445318147838861,0.47,0.492989406623141,0.515146422424451,0.539425777448114,0.566778107554831,0.597176400402143,0.629316317412088,0.66435700233272,0.701966276602548,0.746982763208708,0.802355512549912,0.869313585002866,0.950306854235331,1.04484653708546,1.14925948200354,1.26214056611915,1.38006465984053,1.4967429119605,1.60568391997544,1.70445450972168,1.79066081056815,1.86043027828486,1.91277424409493,1.94651772187668,1.96096953777081,1.95390333274238,1.92314549648309,1.8696602888978,1.79257295219523,1.6938938706606,1.57866476075986,1.44711902246824,1.30665868052169,1.16046001171488,1.01447538964263,0.869755878528108,0.733988182644565,0.609828806337718,0.500336720168146,0.406019714815068,0.326779152589355,0.261391970424152,0.207493199410795,0.163167275861272,0.128738019010057,0.101878265487437,0.0807622367132991,0.0638158192831134,0.049965399452259,0.0384386905068635,0.029185132204519,0.0218121392584375,0.0173437781138625,0.0154151905889645,0.0149523683918965,0.0150064587165848,0.0150207507726438,0.0147447811838466,0.0134805775723843,0.0116179491908911
2010-01-01,"B23",NA,NA,30,1,0.317797053628912,0.314157649958668,0.306,0.29457136529199,0.279482953890714,0.262908913137947,0.246772885516519,0.229806200184106,0.212840598955836,0.193273464556401,0.173866883327622,0.156645904862022,0.142374442563796,0.132404531466422,0.126499251717686,0.122340706811489,0.122011928206544,0.123728457218419,0.129187526148349,0.136177137390791,0.141569726498905,0.146296565849191,0.148889176413878,0.152484959954842,0.157710997035247,0.163869116764555,0.171221705290215,0.178009972960173,0.184672467082711,0.192008382973719,0.200456553203616,0.21031684810178,0.22168397686852,0.23531071266169,0.251051947493667,0.266754712532607,0.282271036490465,0.293438155987553,0.29944983619366,0.3,0.296008050898446,0.28975612105582,0.283803465518588,0.277561072917639,0.273743478743933,0.270433622968017,0.27030030846158,0.272910072411796,0.279662049721207,0.289705691800623,0.303107634687722,0.317468708673275,0.335170225544889,0.354612501427722,0.376704355943768,0.401676742104052,0.427397698121905,0.451961577505255,0.471390488112722,0.482168510094582,0.481902813444759,0.467507168474309,0.438726244595535,0.396529130879063,0.34401285914503,0.285250002183433,0.227262757554509,0.174584901672077,0.132288511182296,0.100081237378256,0.0763509112346028,0.0607984845483397,0.0488135646950803,0.0408132002716496,0.034020524318869,0.0286846464542362,0.0259852945526835,0.0247501645855416,0.0239465496725754,0.0235852789441655,0.0204215527065773,0.0167048509105086,0.0116684546362308,0.00770774346280932,0.00629322675680287,0.00499757794338527,0.00607044023480413,0.00624711940622156,0.0077005307450002,0.00804573404262649,0.0080219948641341,0.00923000014899845,0.0108356548773908,0.0133926300784929,0.0157832531152514,0.0181066190493958,0.0178254373648308,0.0154734287072068,0.0121928611258551
2010-01-01,"B24",NA,NA,30,1,0.138948904621192,0.142296268585075,0.146,0.148484860385223,0.150241626818752,0.149413711384575,0.147405166167691,0.142687770048029,0.139216440902714,0.134968224864358,0.130644135510188,0.128119862214142,0.124605406533133,0.122300180067459,0.119662998707729,0.118844126626011,0.121075423108872,0.126164634413917,0.13241260508364,0.137737104761988,0.142584058270159,0.146228093844431,0.14896536831168,0.152074175341556,0.155300639009585,0.157948233980767,0.16177983359331,0.168826294915932,0.180542528467233,0.195856492508791,0.212883597462671,0.231033090240719,0.249259012452136,0.268189726520587,0.288742350177502,0.309129404759169,0.326869296657718,0.341124702411244,0.350727241449396,0.356,0.357061943754594,0.356640626292665,0.355312402053615,0.354187347722283,0.351816567891554,0.349442817918012,0.346538444380411,0.342740303828931,0.340065254691783,0.338784505381861,0.338233548931407,0.339496798170051,0.342295249993933,0.348231995212192,0.358428247125978,0.372845329945305,0.389494536684726,0.40658086817812,0.419985685155449,0.427147878194232,0.423817095368868,0.406226317250769,0.374760443415109,0.331411682871014,0.279742061100432,0.227475677763492,0.17804143149542,0.136121750306292,0.103364255838204,0.0787152225623546,0.0602926307291234,0.0485819182113135,0.0401878708881323,0.0342130381216752,0.0286399656792624,0.0237978565744585,0.0199743983326526,0.0191021232909139,0.0205350342417341,0.0210974267468866,0.0202359627322182,0.0166616932044006,0.0120348695077085,0.00819831316491543,0.00689406076546984,0.00696934013136855,0.00952675919764085,0.0127682476739147,0.0158609810079942,0.0179222567609507,0.0179644270092833,0.0152765861297923,0.0116127748610202,0.00791114147325835,0.00510335575204044,0.00505709052568589,0.00682215217935786,0.0107368162722288,0.0136680243141265
2010-01-01,"C1",0.25,0,30,1,0.235045819299674,0.23818056383688,0.243,0.244124573991054,0.242902127642016,0.239496808052719,0.238819891435854,0.242315010044651,0.247374153652381,0.253641914933646,0.259041586919311,0.262865842318483,0.265033750400051,0.263164930553686,0.257597851492345,0.250066946677347,0.243925771602148,0.24317931593534,0.247437452781083,0.255679746030785,0.264302491808726,0.270428759208491,0.273464753725573,0.274511382820767,0.275753084716462,0.27697962804146,0.278360294484118,0.280430854610924,0.282197819841688,0.284590939392583,0.289295002357271,0.295254140458727,0.302248055756494,0.310998011302636,0.319456918513836,0.329068256227568,0.338997124549858,0.351065865345045,0.366008460603905,0.384,0.404866981462246,0.427307868196333,0.450299128264456,0.474252269493672,0.499855036015564,0.526615476513767,0.554560556695921,0.58702314330119,0.627171860262166,0.677542935129754,0.736188969240656,0.805149215381677,0.883282545524601,0.973862620019653,1.07394797622308,1.18561277559471,1.30254689994775,1.41955364309967,1.53285776808093,1.63741494797214,1.73189427622489,1.81025791951313,1.87293630444751,1.91540724458463,1.93669623214654,1.93618729620064,1.91605539282496,1.8766090685695,1.81887325518523,1.73993831360354,1.64223872440133,1.52551416706856,1.3961093461882,1.25941881395144,1.116892281525,0.974858478006975,0.837680545056391,0.710568409673114,0.591865263358368,0.486936062333008,0.396125330109665,0.319048562900044,0.255127852267706,0.20317868932909,0.161858156686663,0.129197598363542,0.101595122845391,0.0806721877634738,0.0623116290590136,0.0478322236376512,0.0367072429210264,0.0285365398009999,0.0234044698226559,0.0206297417825328,0.0181461021319587,0.0168212252370459,0.0143151906313296,0.0119091377833457,0.00946088321816675
2010-01-01,"C2",0.25,0,30,1,0.242389523078295,0.247769140759863,0.255,0.260763316234834,0.261516061460482,0.257664595513072,0.250813902455207,0.244675775659823,0.241369599286623,0.242478032131056,0.249935545330844,0.259634512020956,0.268147079901926,0.275920552248356,0.278982121108947,0.277485390457282,0.273915385320719,0.268919999418409,0.264933875702193,0.262588239930622,0.261105219116223,0.25996300925689,0.25988254052404,0.261261773402318,0.266604186123489,0.27480912252084,0.284456624484596,0.292511814540455,0.299256612389629,0.304365569632608,0.309202686189807,0.312946490217607,0.318238234056484,0.325831997133324,0.335330572492694,0.348622031778231,0.365279170948561,0.38660325091548,0.411331854049435,0.438,0.464289077767967,0.485238430711812,0.503320029983885,0.519207646722806,0.537474405611966,0.563424700203743,0.596871268549172,0.637949891016049,0.684976254483829,0.740206124918747,0.803867502478184,0.880397262939594,0.972016094935259,1.07732777358138,1.19263472310343,1.31296505321808,1.4322144459372,1.54254821953687,1.64369779231492,1.73450188400157,1.81463260698436,1.88077944319965,1.92924707714716,1.9557990505437,1.95922277717939,1.9387576879921,1.89609727893637,1.83340322301031,1.75164235961911,1.6516393610603,1.53356207682661,1.40133038850648,1.25861827032734,1.11217813240744,0.965843794029603,0.825873349086317,0.696779218599237,0.580848936157046,0.475761230725256,0.384059475727751,0.307613709055229,0.242875813654005,0.191281529078894,0.150590831452318,0.118107033484994,0.0929043956071212,0.0725161545808975,0.0575776705743493,0.0452946902118195,0.0369310231166043,0.03190518150465,0.0292984475507925,0.0260332138952326,0.0230488702107064,0.0192429152704065,0.0167453943057921,0.0146468297338527,0.0129640217882007,0.0110129746364633
2010-01-01,"C3",0.25,0,30,1,0.265516998907623,0.273873187794147,0.279,0.281184846322789,0.280265591154234,0.277419341350887,0.270059857536089,0.26027172372785,0.249434968922929,0.241119185773917,0.236558364527335,0.23593010598903,0.239755243238977,0.24792932911451,0.257493318948616,0.263450533777361,0.266023866868681,0.265726418311461,0.265220430718009,0.267603236042753,0.275168421075223,0.283748272519564,0.290119069415417,0.290749353695775,0.287883818537252,0.283090610040599,0.281237750772259,0.285757310369103,0.29346152368392,0.299542315027037,0.302049279548228,0.301923969802799,0.302495957923395,0.308487718997125,0.320241414890114,0.333657937397858,0.349391982245642,0.363756842658387,0.379702849562546,0.4,0.423372628255125,0.447491889630295,0.469923789049738,0.489874881065491,0.510608320621804,0.537403835391371,0.571495555371004,0.612189440093542,0.65902253242346,0.710463510698739,0.767547493168467,0.83367677977329,0.912039056126191,1.00392694760733,1.10792449421954,1.22413927193227,1.34407894024193,1.46166000937779,1.572538655379,1.671361101173,1.75664124887406,1.82388241543308,1.8722469010418,1.89888701049875,1.90402536859724,1.88587350685753,1.84675349692606,1.78434172572633,1.70145636031737,1.60251646940374,1.48684816180328,1.35899803242574,1.22102073461773,1.07671452625989,0.930287461891964,0.789920726002618,0.659774607841395,0.545335863144682,0.444817279660135,0.359389030928958,0.288935144209708,0.230263263011788,0.183315478396976,0.145659053517622,0.115731089106056,0.0909132460571215,0.0704274840751882,0.0540629298284425,0.0414072982652927,0.0313543392931143,0.0238238205317074,0.0191577502266151,0.0159525967702488,0.0141933128334139,0.0139844090571793,0.0139724067626851,0.0143095336191613,0.0150605202293431,0.0155499615269498
2010-01-01,"C4",0,0.25,30,1,0.262425618295901,0.256617836934941,0.246,0.233956501548412,0.222994024689426,0.213273740671948,0.206445530283079,0.206282699542915,0.214691419881507,0.23070430477042,0.252198292328468,0.27232818416119,0.285288955028068,0.290763092153161,0.291313563577555,0.295063189314522,0.303222832600867,0.316986317907806,0.330920903160882,0.341946602250304,0.354711796315988,0.370699553779643,0.394050263829319,0.424606391695446,0.461829640958864,0.50506825171213,0.55571031551163,0.61605855672807,0.6849948406585,0.76305310942016,0.851669322567576,0.952811246137024,1.0707883405083,1.20015645247558,1.33134086298003,1.45393344181818,1.56253920160963,1.65097796621793,1.71876874797979,1.769,1.8030163855119,1.82214856751976,1.82665835428399,1.81440733648899,1.78544329461039,1.74016078702724,1.67832269504101,1.6003925165834,1.505155369219,1.39477963122447,1.27109993855721,1.13575263635914,0.996896543041958,0.85898499737674,0.729373681013746,0.607683819525186,0.499992921669521,0.405775369099262,0.325318894256934,0.257939309282967,0.203015692550449,0.16030103775702,0.127571849399042,0.102525364316549,0.0843255595329325,0.069886056866434,0.0582803200448372,0.0496020471285273,0.0427049942569398,0.0384218589532445,0.035546444492782,0.0331413947670192,0.0306287529926782,0.0268578475953993,0.0237954286172709,0.0213972601050653,0.0200040623266224,0.0210551383376676,0.0214075241866205,0.0220292888312316,0.0221107686145044,0.0198534505821941,0.0187916678047984,0.0169604592156256,0.015124701375468,0.0149999749318435,0.0150806203153483,0.016695418957619,0.0192727687479971,0.0208977216373361,0.0209822346052892,0.0195523673531963,0.0170732961830872,0.0145755495455504,0.013042180505031,0.0130136226115058,0.012951402109791,0.0134092061400622,0.0154535330010791
2010-01-01,"C5",0,0.25,30,1,0.222070898584238,0.226507965879875,0.228,0.226605792909482,0.224086890784961,0.22212084433111,0.222846310764309,0.22414213792646,0.226374029881256,0.22774941580723,0.231887921218552,0.236769977977076,0.244054294836503,0.252943828075154,0.262832534758965,0.272430932939094,0.284259447240861,0.297784501286412,0.313319576928811,0.330935453620633,0.351059739037545,0.373013271980864,0.396747931169657,0.422942605603266,0.455364916682533,0.497053026972886,0.550151304634484,0.615460176282723,0.694275825934265,0.786083261446715,0.889401652210158,1.00275686642584,1.12448270117429,1.24938068945173,1.37005928100634,1.48073448969472,1.58007240955843,1.66346974042823,1.73053104548909,1.784,1.82292873133497,1.84660442881159,1.85408144748545,1.84330796291879,1.81431730731377,1.76470488438326,1.69688758274608,1.61130707424996,1.50841870530188,1.39201234403786,1.26404752108179,1.12776329804069,0.988035836403272,0.849967411854838,0.719249456040354,0.594930935786787,0.483483460125565,0.386980558182018,0.30533066354677,0.239615911794986,0.186606516030581,0.145199815001794,0.111603468993081,0.0853493447555126,0.0658340254741513,0.0508437364730523,0.0392327225564215,0.0316806108729088,0.0257632184174553,0.0215041362270006,0.0177994162373855,0.0151444236664933,0.0128030955130854,0.0115896614174355,0.0110378672966496,0.0101574764348182,0.00999394646422705,0.00894086727359296,0.00866981710765294,0.00734096208521431,0.00608345747354394,0.006014258695524,0.00592783667870152,0.00653169284026301,0.00705058313275882,0.0070050599675106,0.00713231905068315,0.00813315695870783,0.00786704335109781,0.00886074554032997,0.00900123410196557,0.00877364326062833,0.00799145943126451,0.00730649069972843,0.00697969010270307,0.0069952020115362,0.0070021987339256,0.00699943938986578,0.00700021185080124
2010-01-01,"C6",0,0.25,30,1,0.244511473497803,0.246945836073738,0.247,0.247040393193837,0.24951304996137,0.254578740860384,0.259568240529086,0.262164046828634,0.264352260375718,0.265807746488784,0.269685493481358,0.276705098001482,0.284051453469338,0.2925052251065,0.298518569270128,0.30320669482501,0.309132025101047,0.316714800851537,0.327742319088743,0.343051112812843,0.363803010658228,0.390554869927753,0.420321522493602,0.453118464048155,0.486973878088689,0.524215877176707,0.566391055930242,0.620321583312791,0.689109390953047,0.77624945290658,0.881625167467935,1.00174991315486,1.13300473243951,1.26677351938009,1.39935495534566,1.52099769319744,1.63263205151562,1.72825274407428,1.80672967085751,1.869,1.9137107778647,1.94081170682579,1.95265855520902,1.94670794761688,1.92370309102779,1.87893447975322,1.81562061109021,1.73276179021069,1.63236073711962,1.51590571186692,1.38625807331244,1.2443856422523,1.09645679667093,0.947630553500895,0.806131423314521,0.673204686398494,0.552942399498368,0.448668155518851,0.357364000706388,0.280525229501033,0.217669012475793,0.167705032914294,0.128677399878284,0.0987030804216611,0.0762477660946486,0.0602529764719331,0.0473860264284148,0.0386153264455993,0.0315641695495083,0.0254244556690279,0.0207975004482912,0.0171909115873022,0.0146981009291827,0.0126137917242988,0.0109666466251044,0.00833442565330143,0.00698969667120147,0.00574919436846155,0.00485044986664981,0.00559209592080231,0.00692923395780179,0.00700835875425743,0.0067145872390137,0.0059960961137559,0.00527025336866235,0.00496628559713746,0.00614855422545749,0.00773447822175824,0.00974331567119584,0.010086363624397,0.00896145909245854,0.00769181539928144,0.00702140042210433,0.00627268410061266,0.0060346681755592,0.00495203463036935,0.00478509514775844,0.00342206032064872,0.00224272637954731
2010-01-01,"C7",0.25,1,30,1,0.357980295909557,0.362069726743206,0.367,0.371476796954935,0.3719979792284,0.372074699417475,0.371172005979131,0.369973901899687,0.369903107215507,0.371099475211909,0.377132562174493,0.387461125956118,0.403131338070271,0.418520397561593,0.429659622792929,0.435374209583515,0.440128016152986,0.449223075699268,0.465241978718358,0.488750013318864,0.518043445275388,0.553372750098321,0.593200698471372,0.637341677067757,0.684429493681967,0.732989477746261,0.787260658589074,0.854236150143034,0.939685273323654,1.04494541691976,1.16636027576936,1.29897938396954,1.43748467459445,1.57204540547244,1.69609755776303,1.80032503049489,1.88081349289934,1.93476831461345,1.96112100516823,1.961,1.93802263338696,1.89274891490618,1.82901900199326,1.74783500110771,1.65307723527501,1.55299871913936,1.45629079051525,1.36921413444334,1.29755781239423,1.24130392363246,1.20432788211818,1.18491174019012,1.18671936012388,1.21210648363629,1.26221001168151,1.33930644563248,1.43995358214454,1.55595495912619,1.68252757780744,1.80846097659172,1.92362487087357,2.01609154814703,2.07618903930373,2.09474074967738,2.06392444331508,1.98599005488831,1.86543190428878,1.710599287969,1.53296686257138,1.34468699868208,1.15328706198904,0.967806011432999,0.795343530200531,0.642458839463078,0.509310851010979,0.397845297449657,0.308215201308082,0.238425253785861,0.183180931036327,0.141686429299272,0.111760689179995,0.088601434303528,0.0724920548110329,0.0594529870677574,0.0497713806460299,0.0413018155670156,0.035165534134921,0.0292547347298586,0.02554877523293,0.0248872203392848,0.0260381080010678,0.0272884356895533,0.0281151939955453,0.027528275376204,0.0243101512127728,0.0205770221479495,0.0156091853887172,0.011268733447508,0.00775704676929561
2010-01-01,"C8",0.25,0.5,30,1,0.324095536657411,0.330366630838127,0.332,0.328257412693694,0.324925429248353,0.32387800172164,0.324047514025209,0.322854460145114,0.320465904998864,0.317452560032896,0.314523089645903,0.312052491114904,0.313524864196167,0.320934085532759,0.334279468888981,0.353068025047817,0.371343994670393,0.388474389741642,0.404933744341898,0.422470810519853,0.44393034573517,0.468317197997004,0.495686620054381,0.525938245621025,0.558212474532004,0.594221531602232,0.636083843793357,0.68552998416193,0.746683353148904,0.819543824182768,0.905522671744578,0.999125103783536,1.09793532803673,1.19754602830392,1.29260828926112,1.37671826256165,1.44767698973273,1.4974116310018,1.52218321264453,1.522,1.49560307275742,1.44941394102309,1.38879607227537,1.31718685582919,1.24272661383807,1.16746813025951,1.09867217949725,1.04013472931886,0.996387530990744,0.970579462762021,0.966075746436185,0.981787089407449,1.01698805549133,1.07085597258056,1.14157145300021,1.22886034501447,1.3313074163306,1.44437696319175,1.56614168056749,1.68861626011358,1.80273809108508,1.89941760368629,1.97090240257913,2.00727716518122,2.00426800044845,1.95991643213654,1.87568528233684,1.75630058457425,1.61126903516827,1.45066932201649,1.27872779944229,1.10446699603503,0.933052897975827,0.773854563451103,0.627116991565516,0.498856399545394,0.391041198236828,0.305912072242718,0.237559654922722,0.185437764990785,0.144863739814848,0.112960211920115,0.0873294646468693,0.0684223680084389,0.0528085057105208,0.042355032186287,0.0340080698892017,0.0282957929521757,0.024625201836825,0.023090252736616,0.022990022319577,0.0215306255917697,0.019158344773764,0.0159179994715334,0.0131876896600042,0.0108294938374308,0.00965241376870796,0.00885270518752392,0.00968815782987723
2010-01-01,"C9",0.25,0.25,30,1,0.272948923422621,0.276296235524144,0.28,0.282485706433602,0.284235342958136,0.283440922835818,0.281342438305498,0.279024701193085,0.28376461000526,0.293297291744582,0.306164552226153,0.316681957119328,0.322409480973206,0.32269413480697,0.321702561760401,0.324244401113148,0.331196844767912,0.343838542181618,0.358632426696557,0.372637750980973,0.384043532585537,0.395018201203648,0.407906733415004,0.4255938855973,0.450299094172935,0.480342742742074,0.515951338064691,0.555857181053083,0.603300083449598,0.660852679291009,0.726448314024746,0.797979721329607,0.868449371400545,0.931902137725142,0.98705303951555,1.03018324463828,1.06197759794722,1.07804973723945,1.07469520260939,1.052,1.01553032669867,0.970626465166461,0.926455661149633,0.88432653601634,0.848755713204848,0.820814314178304,0.802356657420816,0.794951725402225,0.800504341487354,0.818000845221984,0.846357285199866,0.887134598656034,0.940559100486781,1.01030706774933,1.09548500743117,1.19719699363923,1.31124219028869,1.42931119734605,1.54866886857726,1.66283070337737,1.76579128810914,1.8514334464211,1.91500094052573,1.94931223672339,1.95075222673792,1.92061946329102,1.859156887511,1.76992234400702,1.6578402192283,1.52921452516383,1.38508743255248,1.23145817590176,1.07315244473817,0.918359457444981,0.769242214365424,0.633538813663982,0.51389763384467,0.41305921039269,0.328542696949328,0.259044041796568,0.203356250682352,0.159271094435949,0.125170600991589,0.0985105146508401,0.0779819399760526,0.0615542734430997,0.0493888888829896,0.0390828737126344,0.0313207423561834,0.0248405152399711,0.0198768571825454,0.0162402199245214,0.0128134941813976,0.0120122405406282,0.0110776956455289,0.0110126425158161,0.0110542095782628,0.0104928862111337,0.00978879346642739
2010-01-01,"C10",0.25,0.125,30,1,0.278920485248235,0.273148040509219,0.267,0.263736463123516,0.264935115538166,0.270508929515773,0.280673588796368,0.292798894644483,0.301541580952641,0.304959758501465,0.303104203415854,0.297267278999446,0.291507270965699,0.289444478947544,0.289822630486048,0.29424412660652,0.299102068459687,0.305565509928967,0.314473506562648,0.326157216111561,0.341410587144364,0.360766404791267,0.380550833216873,0.400865909011162,0.419329197208637,0.438578861420519,0.462088142922347,0.491666229884618,0.528507491732047,0.570290274154796,0.615297433451022,0.662793248316407,0.713401124143949,0.764917397844802,0.8124408620584,0.849467177288527,0.873546947333107,0.881270210929573,0.87373536382874,0.853,0.82342164550915,0.791018197572521,0.759969878435964,0.734363544128577,0.717043414422958,0.707333336602782,0.704085900379046,0.705738019221281,0.714480788810082,0.732098195641282,0.761679891934147,0.804566482434952,0.863743221257525,0.937419896106908,1.02573796859945,1.12690966686724,1.23825243020141,1.35342531819039,1.47275870651591,1.59035300128159,1.69891560487604,1.79101801035544,1.86085157704072,1.90503269901252,1.91779746885818,1.90027926283346,1.85406716470889,1.78075664397107,1.68553025230534,1.5726561511255,1.44302266698273,1.30178072481374,1.1531404698993,1.0050239291502,0.859301479533794,0.721382239111882,0.595824252991626,0.486395704767057,0.39159148957646,0.31168942763878,0.246437663035929,0.192626451105301,0.150240030856623,0.116763770827567,0.0909240527535854,0.0706997699802091,0.0549520396523134,0.042653647433185,0.0336479386710774,0.0268212497278408,0.0218894941563233,0.0197063916843428,0.0185562042346507,0.0172845466269343,0.0161534430356296,0.0138416555670454,0.0123923069874408,0.010382767461725,0.00868474317200866
2010-01-01,"C11",0.25,0.0625,30,1,0.280868163932169,0.286285521760356,0.289,0.290084157991267,0.289813579108983,0.291266211382127,0.292887072304118,0.294050933407429,0.29380534006206,0.292091336257579,0.28894337016714,0.284175325698463,0.280512227246985,0.277281634960908,0.277880741390437,0.282170480176725,0.288124686107103,0.294130123515922,0.298080798250219,0.300286189569607,0.304264664276087,0.317558866004187,0.3381095169313,0.3648278928829,0.393535957041964,0.420460225983511,0.447084687234222,0.472871260732985,0.502845369382947,0.537141201031756,0.577112712811797,0.620797428243329,0.666518511373613,0.712374167956839,0.754689150392688,0.788107545593263,0.81052516743287,0.820997472946212,0.816315671855318,0.798,0.768246057865043,0.734476853059392,0.703276828187859,0.681697504160959,0.67166561266697,0.671818272800057,0.67820121030758,0.689658078276336,0.707155463786237,0.733457001099266,0.772056555314361,0.822466222257494,0.885463850278067,0.961455380569472,1.04982988012197,1.15271303659853,1.26726058127478,1.38609964828034,1.50907111124671,1.62834153391706,1.73807071812088,1.83086788274041,1.90378289646159,1.95060817513923,1.96886157068309,1.95735624404627,1.91801992919556,1.85316939165941,1.76485660006796,1.65584817048658,1.52733038419815,1.38305229220653,1.22946557175648,1.07525668508358,0.923358689120236,0.780164393590286,0.649770968666956,0.534139199230447,0.431928116142201,0.344788573291278,0.272107105033765,0.213227951529466,0.165142795726666,0.128151144147821,0.0994223933980554,0.0767778199874904,0.0598071159196079,0.0461891543591027,0.0366104265463707,0.0297513006165904,0.0259164889514194,0.0235094309281368,0.0210462800549014,0.0187407356245057,0.0152649010856419,0.012760766137849,0.0105286030912664,0.00993251155625277,0.010055335627017
2010-01-01,"C12",0.25,0.03125,30,1,0.268615372009291,0.276455531591077,0.284,0.290061333863461,0.2934919611683,0.291392306690146,0.284953661659502,0.275274238725411,0.264186147552307,0.254988046199789,0.25107668853997,0.253798252524274,0.260118674114685,0.269866580928147,0.277589544540013,0.284987978170912,0.29113291969772,0.298371246261977,0.303854713298205,0.309229569790621,0.316311086240685,0.324925283501775,0.335749118860948,0.345395125291041,0.354316890758256,0.362837634410237,0.371749067734766,0.386570207427278,0.407309660462545,0.434179515003397,0.46458488724588,0.497268573064921,0.530033726719623,0.563980566685286,0.595233663363889,0.622590706159711,0.640006057101986,0.646603759428547,0.641064496301235,0.627,0.610213466979322,0.59866536737755,0.595362804233889,0.60004882679541,0.610822516762635,0.623473085472191,0.638599158086334,0.655642613854092,0.677967861821681,0.707732010258523,0.747399815537482,0.799046103189661,0.863354598933623,0.939461932042603,1.02934461523606,1.13392579926396,1.24809010185804,1.36809320327778,1.48871144201553,1.6048761700583,1.71337110990519,1.80707086992982,1.88562767736037,1.94258798940239,1.97461292122429,1.97957199779389,1.9586333829179,1.9120372084771,1.84106372832148,1.74892220140631,1.634887026368,1.5034219868099,1.35825030892917,1.20774143403622,1.05346896209619,0.902909048221357,0.760648377756399,0.632766783615821,0.517541536239514,0.417432465640259,0.333282129763069,0.263552557953218,0.207013737603904,0.161866355750313,0.12657998522718,0.0998895256830837,0.080473176851628,0.0644190654993832,0.052395018967575,0.0431823718080445,0.0358030373707701,0.0297187642801818,0.0239914413966467,0.019906386273854,0.0163046726362668,0.0126955891837142,0.0105584711873039,0.00992489610213454,0.0100582134559364
2010-01-01,"C13",0.25,0.015625,30,1,0.267011876659956,0.264846026415996,0.26,0.2551825842301,0.252604449803468,0.2545576956778,0.261124457094133,0.269714280340398,0.280283668959543,0.288010910889398,0.290425111606929,0.287182783508862,0.280874912705602,0.271090276807892,0.263858132962547,0.258614259007371,0.255980119349239,0.256168625657522,0.257776690698146,0.261326944326463,0.269923441019042,0.284580068023216,0.30481750446526,0.326939537424806,0.346762843341276,0.359808556441315,0.3667552360665,0.369968191922847,0.375702903723499,0.389541359085006,0.411176750691169,0.435449662100075,0.458858168973024,0.475955644320247,0.486544402832355,0.49263637487972,0.498774001940863,0.504912316554419,0.510293351990019,0.513,0.514235184454933,0.518136492027772,0.527927495414814,0.545461410416101,0.572045218435152,0.603078975519559,0.636443732597086,0.670527834104211,0.704579426605983,0.742566368671554,0.786947323253408,0.842732164306961,0.912969417731132,0.999808034329231,1.10020003990667,1.21290095446707,1.33260789456253,1.45228814233779,1.57041324415385,1.68075821938484,1.78059314544956,1.86447413806822,1.92990824418132,1.97204942064941,1.98881727129343,1.98112915797882,1.94981039828538,1.89583350749322,1.82223172293494,1.72773631487647,1.61322140925275,1.48136594932798,1.33732702765359,1.18660467651294,1.0334260486355,0.886174803335802,0.748689944330998,0.62458509736078,0.513958376602266,0.417449398993414,0.33609513626145,0.267640330979516,0.212159146364023,0.166355858749747,0.129984119057861,0.100063178461482,0.0772021541462617,0.0599433541032065,0.0478519873425927,0.0400109985009256,0.0338342847232221,0.0291785091350289,0.025630374432915,0.0219489135505666,0.0182903969207537,0.0146175846100707,0.0112708533570417,0.00887220401720468,0.00707750415270329
2010-01-01,"C14",0.25,0.0078125,30,1,0.283607369551082,0.284173391070176,0.282,0.279753453181096,0.278233355648494,0.275706990909644,0.273229063364677,0.271964496401843,0.272167160244497,0.27402561544332,0.275852032923133,0.276019283779357,0.274706939998903,0.272489864367528,0.271781550346531,0.273588427603908,0.276052135317244,0.278226620632457,0.277263876263134,0.274013189834238,0.270323720485006,0.268015775238376,0.271289429271447,0.279467145862074,0.292200668132591,0.306700007589717,0.322821882636066,0.340640520371651,0.358390573595429,0.375059996734332,0.389732440568406,0.404005338568326,0.417424382386003,0.430132008042224,0.441460318205991,0.447429399126457,0.448875803438985,0.447284134015109,0.447487352258414,0.453,0.464474069807562,0.479341645195924,0.493744387771888,0.509149311302801,0.527374945907165,0.550744806608304,0.582003208567953,0.619138594229308,0.660280339036738,0.705605986026551,0.756898517121041,0.818790060281392,0.894264008343537,0.985949239771311,1.08945494975706,1.20127325349248,1.31647383172413,1.42811209341472,1.53650151488427,1.63746730000368,1.72809197418917,1.8039346451363,1.86106663270785,1.89733352777933,1.91099791896538,1.9003336328831,1.86525930281682,1.80760792624346,1.72928080539476,1.63151620403206,1.51663529012303,1.38811708045605,1.2490937009428,1.10576694441423,0.959822590271662,0.820039926758001,0.688762115230479,0.57305864518146,0.469114134143708,0.379406060274774,0.304498461449253,0.240931917869477,0.188987868608279,0.147469707361077,0.115230145492236,0.0889295793589739,0.0683999463002384,0.0524642897630208,0.0403002633400853,0.0319822161059027,0.0258520232915426,0.0224510963765601,0.0201129793093343,0.0175224595569813,0.016130902091509,0.0137885104192193,0.0130104387640527,0.0125040464346349,0.0117845760929865
2010-01-01,"C15",0.25,0.00390625,30,1,0.283496680893091,0.283484658918041,0.279,0.271611060050499,0.264881724101434,0.262214493072233,0.261133805425142,0.259867396916972,0.257422287540735,0.254813189867975,0.253933691565094,0.253976642617883,0.255087267133071,0.254810202675582,0.252308668865592,0.248596914316681,0.24390141778166,0.240844287657605,0.243775985206973,0.253208559344187,0.26933001739234,0.288810913036338,0.307655434185033,0.321844531819408,0.330941620331306,0.333979822151637,0.3337560264634,0.330878194469616,0.326951174026687,0.325712149602311,0.331511946209121,0.34546058149112,0.364173851342809,0.384030202955872,0.398287182390179,0.407621617603854,0.411017381774192,0.41446201634977,0.421660012986673,0.439,0.465344854932225,0.498325476178047,0.531301847291412,0.559309404924957,0.581462495393196,0.602088411851155,0.623842061141094,0.651630716380925,0.689298100985978,0.736189983128751,0.794315595594251,0.866082835927009,0.952001211368987,1.05007841471125,1.15722042998138,1.27213839682807,1.39108729929152,1.50768482063307,1.62092806788076,1.72471224035308,1.81477740254374,1.88755586133723,1.94309927962663,1.97711767886181,1.99160765298946,1.98460280539655,1.9555623867756,1.90176112728028,1.82539502902392,1.72771381694618,1.61065575645387,1.47834808919853,1.33437073800417,1.18537882265864,1.03355233361324,0.886244277926318,0.747682561584167,0.623570507899805,0.513328067140401,0.418029358456489,0.338840006112794,0.271647514053027,0.216430441675578,0.17139090708646,0.135607713076165,0.107068232378772,0.0831194080094622,0.0658242287843624,0.0511084191800786,0.0402656261699934,0.0327967479951734,0.0270534511848093,0.0240336537647876,0.0216480725033298,0.0191813073709297,0.0166674130973276,0.0132391948803565,0.0109285143835143,0.00845356093121461
2010-01-01,"C16",0.25,0.001953125,30,1,0.245928140920298,0.252008714067401,0.256,0.256872590619627,0.252819723067279,0.243920292689994,0.234022515547011,0.226718630620546,0.226334473341757,0.229972861089037,0.234395227675265,0.235985795316328,0.234468647650694,0.229995215812566,0.228165579977097,0.229442417396039,0.234116258764354,0.240092559613641,0.244546966450342,0.247296312491556,0.250676174978823,0.254468189132927,0.260493884427182,0.264740151087053,0.267592926034171,0.268994230577407,0.269164049730418,0.272611713502352,0.28078684978093,0.29144266799089,0.304678082644111,0.317947413066131,0.331127783085203,0.341363880973959,0.345886783316573,0.347176840862319,0.350065850225971,0.35735579777695,0.374031953310988,0.398,0.423820970277407,0.450081181304221,0.473293389581821,0.497288017592235,0.521706001733704,0.548239090422888,0.580019708629746,0.617624696210824,0.663020256304082,0.715629529346777,0.774258225273031,0.842424185473044,0.921124886991494,1.01188833361262,1.11462737443109,1.22724097574271,1.3437210993154,1.45788736196057,1.56862601063299,1.66895251613047,1.75667785323292,1.82711987901112,1.87917126067041,1.90933969383676,1.91687999703861,1.9006692651197,1.86173557039169,1.80046095670301,1.71967046611468,1.62012914703118,1.50251913368793,1.37128496451889,1.22870770561999,1.08331261835472,0.93671128360399,0.797705425424074,0.668777517276926,0.554602697161493,0.454009272794929,0.367497591369655,0.294344577751274,0.233053924816328,0.182531779564978,0.143121541591923,0.111872080012001,0.087821348654249,0.0696588000967833,0.0545065986626325,0.0423943907823549,0.0331319380645161,0.0268577898636799,0.023447911578906,0.0210888704077468,0.018629349918066,0.016199201044312,0.0137814912303511,0.011054158491137,0.00773977431578413,0.00615738064445294
2010-01-01,"C17",0.25,0.0009765625,30,1,0.255540305636551,0.251415224440222,0.251,0.251168269930359,0.252120903726267,0.251673263755378,0.247535179269668,0.243729753226535,0.240678783371999,0.241764453488147,0.245876761093278,0.250779798299167,0.256674250343336,0.25928778181123,0.258118328581779,0.253086890973183,0.244805101771042,0.23546322409037,0.230563845536373,0.231610191594265,0.238128659601762,0.250131183477027,0.262377222267583,0.273566154657103,0.282345088367336,0.289877779348716,0.294650494117826,0.297853200332715,0.300324224990987,0.30184493107595,0.304206710272257,0.310877669130042,0.321717694727856,0.334640903824278,0.349152164501665,0.362468464761068,0.37565956511519,0.38756902992317,0.401286960848316,0.417,0.435368081936205,0.456081223370351,0.479861734723385,0.505905852709035,0.535095074787177,0.565936567376745,0.600556792466349,0.641081016428299,0.689853461595113,0.747531935481495,0.813540847495938,0.889099014456989,0.974207339517381,1.0710346426731,1.17726479234608,1.29407667311211,1.4149371944472,1.53094071975673,1.63936334734116,1.73520910384493,1.81539306689848,1.87788643723283,1.92132591306179,1.94403825878457,1.94317987305227,1.92061335667518,1.87464181918898,1.80712801948427,1.71904379038284,1.61168744136228,1.48637984716801,1.34668086310802,1.20030676249455,1.05162282970193,0.905312008567174,0.766621491608259,0.639808390933404,0.527780788677687,0.429324274487736,0.345144030655832,0.274887426893052,0.217299706854077,0.17050583529799,0.134226445846884,0.105410832691185,0.0827778566364227,0.0657994824843424,0.0522596444899418,0.0420591728397463,0.0339859009888316,0.0278327503350694,0.023196118722921,0.0195237575547717,0.0167035695873226,0.013231088870575,0.0119149073640479,0.0106044480345386,0.00991317340745132,0.0100626433834559
2010-01-01,"C18",0.25,0.00048828125,30,1,0.256356467033331,0.257980934012969,0.256,0.251002904119143,0.244324280797735,0.238540820141033,0.239432961703139,0.246538041202284,0.253680850822395,0.258045409543874,0.256254816073825,0.248365429637005,0.239972986634487,0.23319880916704,0.229945212593706,0.232203418699283,0.23918104647852,0.248804329024324,0.257178096361736,0.261073843575931,0.260206665083343,0.256624873921124,0.253390117342207,0.25365898264557,0.258627705568897,0.265841162875194,0.274398937930481,0.28250150352669,0.289637776728118,0.297852609821478,0.306396126709829,0.313417607401905,0.319151906055565,0.322587865425995,0.323927964934324,0.325088231968859,0.326981687163183,0.334033022662274,0.347776245906967,0.368,0.392834631108181,0.421534370006215,0.450609274359666,0.479780153765282,0.509075689412773,0.540014953089579,0.573867114808003,0.609734219516941,0.649300734904531,0.694725623575659,0.747259944852612,0.810555531722633,0.884955877986116,0.969688813951352,1.06504558482816,1.17150017213171,1.28611126119659,1.40614606024008,1.52565019086109,1.63965552266047,1.74075278629472,1.82387083906585,1.88692873741746,1.93046667256016,1.95203663158226,1.95239599031982,1.93054768255435,1.88519322296613,1.81738663735656,1.72767226547747,1.61804737307251,1.49108209805034,1.35200675150603,1.2072375920957,1.05770687661371,0.912199788305799,0.772662409936535,0.64604887102419,0.531279776029246,0.429711578254451,0.344486455511535,0.272425605964122,0.214668680147432,0.168875363235335,0.132855620579542,0.104987098707373,0.0820413829195502,0.0636198575993205,0.0497129232421385,0.0394074031890027,0.0308042878504147,0.0260590619406942,0.021048275391071,0.0169432100018958,0.0132157230922572,0.0119112773689756,0.0106061115219304,0.00991274926886907,0.0100628036625751
2010-01-01,"C19",0.25,0.000244140625,30,1,0.246014273491114,0.253813958060967,0.259,0.259820666184511,0.256138427349744,0.249009013133431,0.243421168901403,0.240962888238502,0.242764483178616,0.246609306481565,0.249632505305763,0.2500441121041,0.247458358660182,0.24247334225077,0.237507823246406,0.234134306632024,0.235047923293046,0.23923057402287,0.247163993034297,0.256300441622174,0.266207729096721,0.273600529784054,0.279188524113509,0.282200193693649,0.2838096998911,0.284963686174776,0.287434166482545,0.29215650401149,0.300106236290322,0.31127951447158,0.324670196351997,0.337850685135323,0.348850799619051,0.355025343519162,0.358781556520699,0.363805848227657,0.374886678427868,0.394786580703517,0.422539027028966,0.454,0.484234641337743,0.511290304967239,0.532655583073605,0.551065493694996,0.568283457996466,0.590088305258407,0.616794971279263,0.650989230100256,0.695933789800592,0.75521556151577,0.829835480054859,0.92011556125962,1.0235976102855,1.13539730235729,1.25055488497424,1.36793731392207,1.48122930497841,1.5886858865826,1.68854118743591,1.77664559419132,1.85223665082117,1.90989694690144,1.94746465180786,1.9629053667291,1.9541486265596,1.9205144089296,1.86144682765589,1.77935391979853,1.67750080372003,1.56101180434252,1.42991200662075,1.2887163491514,1.14236570786899,0.995432671934963,0.850212886339497,0.713887607262457,0.59084742761944,0.483838598914574,0.391448074737242,0.314098285834948,0.250310618763433,0.197661549540938,0.155280467954458,0.12125153241873,0.0948281938815035,0.074740876529331,0.0580582063767993,0.0463188827991556,0.0372631802263618,0.030004696606071,0.0248791867462398,0.021383028123763,0.019456774196822,0.0184105570656764,0.0162096202337739,0.0137616581428233,0.0113424879439232,0.00890217780064893,0.00646351334884212
2010-01-01,"C20",0.25,0.0001220703125,30,1,0.275177365923552,0.274267053163216,0.273,0.272869899837583,0.271540351884595,0.270347386816144,0.269162629788115,0.26801557089595,0.269266154779239,0.271048566154863,0.272279198403297,0.269229286813112,0.260499087188311,0.246146558678258,0.230603571827708,0.218233063790302,0.21398494990976,0.217687009559964,0.229840654846741,0.245347874653562,0.261628432997989,0.276221975432931,0.287631795823822,0.294648538049094,0.296245306815081,0.294076665211941,0.289216734568127,0.284245040981793,0.280983429274203,0.28248298058232,0.288392688704409,0.29874430381628,0.312610079422206,0.329395593744572,0.348808600540103,0.369329797394188,0.389356840760054,0.404612964612846,0.416182883149476,0.426,0.437162901224432,0.452162214368982,0.472271109730896,0.497892875533015,0.527155239286996,0.56115386087519,0.599715928443427,0.642746307547517,0.690929341856848,0.747461841698886,0.813854210797994,0.894830090668002,0.990470176301013,1.09940137257371,1.21578253701208,1.33486547722992,1.44958520140016,1.55407998916714,1.65036419744152,1.73713151272564,1.8100030842147,1.86617950615043,1.90151689849495,1.91449117161865,1.90362921529322,1.86923113686102,1.8128416862328,1.73560156517883,1.63858244868373,1.52712262075586,1.399397358153,1.26060803027089,1.11561815299775,0.970776837964359,0.827766054219278,0.695285553557808,0.575883672902872,0.472519987772009,0.383483200582513,0.307800634843997,0.245173450321261,0.193746185599827,0.15259107971234,0.119743722698367,0.0946851422660412,0.0747032765843743,0.0588521448650778,0.0452124357662691,0.0352005507599171,0.0260487960245197,0.0208571853575916,0.0162764502287825,0.0145131106010714,0.0132922906020287,0.0121526235855569,0.00983984643714145,0.00841078402985393,0.00628157953969164,0.00592830923271815
2010-01-01,"C21",0.25,6.103515625e-05,30,1,0.276966137612655,0.274572355654835,0.27,0.263441594912985,0.253500455256626,0.243687683280837,0.236390661951606,0.23620612527996,0.241681791907859,0.252127715980042,0.26246590868354,0.267881169119213,0.267492994650326,0.260470992533036,0.251605184004424,0.245475123137246,0.244001791785425,0.245591763351946,0.249539232867051,0.252248387454521,0.256483221281248,0.262584303326728,0.270486975121781,0.280407710506628,0.289487550549349,0.295876958089548,0.301691999977789,0.305473803153428,0.310512420776032,0.315370701656642,0.320260395571575,0.326665249313556,0.336139774343868,0.348593457509903,0.363950414472921,0.383235054370301,0.404245693814677,0.426771263168662,0.450644394159729,0.475,0.500625969824399,0.526232622133448,0.551675947747979,0.577133680331441,0.603922101543597,0.63229126933987,0.664876131613107,0.705052163561383,0.753851151412669,0.811469539324781,0.878246567935173,0.95944671843912,1.05292626486632,1.1583033677173,1.27245560285012,1.39075573371333,1.50608640700182,1.61296970466016,1.70813451832595,1.79042084681142,1.85527492197699,1.90207893564563,1.92867996677734,1.93296439975511,1.91258475909474,1.87000462514749,1.80341475773727,1.71406465604316,1.60718559258017,1.48498850516782,1.34896452450706,1.20480064344062,1.05865052266223,0.915622064931398,0.777099071595367,0.648716413863154,0.532925143894761,0.432767259476059,0.345944772579682,0.275493584086569,0.217639406960513,0.171097671198524,0.13463044630576,0.104905060018889,0.0815511293580728,0.0616931149978012,0.0471662431926859,0.0358773413701816,0.0294026479062947,0.0254710608269863,0.022930650638389,0.0204911072201349,0.0180578934092449,0.0157121499043845,0.012315841568669,0.0086927348711488,0.00661978236711467,0.00541597162132833,0.00484769117067616
2010-01-01,"C22",0.25,3.0517578125e-05,30,1,0.132885742212404,0.133676688407777,0.136,0.138499168298787,0.140237306077337,0.139413575620952,0.138056516248996,0.137931106393832,0.1371754821146,0.138002293477546,0.138826833333295,0.138062700079982,0.136806588644854,0.133606347482944,0.128700559951124,0.122844383256814,0.118954934471871,0.118044567554382,0.120210670113987,0.124583855034902,0.130427376722401,0.13649952640868,0.141032631133161,0.144725738049903,0.147449317558399,0.15093882501153,0.15355103910733,0.15660405981106,0.157554611287667,0.158917515879461,0.159020382384407,0.16041760105826,0.163642513934814,0.170193429228964,0.177528542993886,0.185869002969716,0.193073300416416,0.200558459663032,0.206874094436358,0.214,0.221390668466205,0.230762191219246,0.242404269158207,0.25545720964245,0.270054506591677,0.286426613836416,0.30501432237713,0.326713808239723,0.350990386441951,0.378008924335735,0.409183696261779,0.445483289363802,0.489633491938117,0.541659545931827,0.600158341707719,0.663445264359113,0.727934217073446,0.786218344151429,0.833613736004747,0.862894702531572,0.870555366379958,0.851989773675686,0.807145871789113,0.73852187857449,0.650355127719483,0.552859491745494,0.452863785718868,0.357453671652098,0.274558465520705,0.207512675284323,0.153760604021555,0.113090535561907,0.0828066916303031,0.0601655798345425,0.0443417922755923,0.0327380623099663,0.0239349362968886,0.0192973624964232,0.0159651549385104,0.0143250546943171,0.013070212523136,0.0129613578189882,0.0116668465306252,0.0104833695025972,0.00925722182925621,0.00805638933275128,0.00696339192695585,0.00674121924526662,0.00529720921515929,0.00496794461728569,0.00499368326133794,0.00517979432155571,0.00646222170402145,0.00776783840784318,0.00800535987882102,0.0079376198166823,0.00658521579557827,0.00596631546188944,0.00543989744572579
2010-01-01,"C23",NA,NA,30,1,0.0965628417200567,0.0937470985152733,0.09,0.0875244696301992,0.085677337697187,0.0872093862215635,0.0897325580054242,0.0921459670955613,0.0928795324238164,0.091113619597158,0.0877882291802319,0.0850642380669375,0.0838203459068222,0.082974804339844,0.0824881906430073,0.0811753248489981,0.0799782434330825,0.0786329098086188,0.0786792571297174,0.0814067705819836,0.0837512460481295,0.0860839646823895,0.0860183369416454,0.085501037044001,0.0848118805283366,0.0869361543713268,0.0906888374960843,0.0958935586175195,0.102591527481455,0.110883756691226,0.11945462442815,0.129158905735292,0.138900075181871,0.148654794536269,0.158420963044307,0.168089559490561,0.177547994497074,0.186070994955182,0.193777095770778,0.2,0.20340102204336,0.203612532353893,0.198336366088765,0.190051830006094,0.179226069410861,0.170211396227455,0.16501756913459,0.164557350030891,0.166830390031145,0.172822366701124,0.179657018648578,0.19070571597232,0.205368674758703,0.224620464855343,0.246686666542673,0.271738536605397,0.296835550290508,0.319218390651106,0.336315719210318,0.347051560912209,0.348273739779334,0.338414375210389,0.316554533669336,0.284317189235359,0.244778742849803,0.201454762571158,0.158347819776163,0.120239878384025,0.0882571598315561,0.0650022199421181,0.0498071146886529,0.0404185694907665,0.0343571761683675,0.0298753436785932,0.0262975564147456,0.0226111650187707,0.0189604120794106,0.0156349421081045,0.0146479573115446,0.0131447395145497,0.0138771351965739,0.0139817827100885,0.0140609378999465,0.0135502158558433,0.0122494891790555,0.0110536605111629,0.00990873826350975,0.0103438371410675,0.0115069714504543,0.013653697701858,0.0150153407840332,0.0148428415023765,0.0132142837882069,0.00999104402009306,0.00629476004796795,0.00266933739481188,0.000867390072153873,0.000985573069990149,0.00160811575245592
2010-01-01,"C24",NA,NA,30,1,0.592604053030609,0.570936486649289,0.54,0.501763199772948,0.459195481286735,0.41364150589861,0.366100921603552,0.321994067693585,0.280464206523682,0.244842107809554,0.213386504854307,0.186947432608001,0.16556218194293,0.149182502214824,0.136394843000688,0.126341795451845,0.118876529603991,0.114534995556198,0.113844519603967,0.115170200928553,0.118632643453807,0.12353270182004,0.129400333775736,0.134262561710699,0.137760204630376,0.137997218468774,0.137694573057476,0.135766834431775,0.136373925503671,0.140219270032858,0.147472592856432,0.158421696333086,0.1697402792239,0.182263595214191,0.192417399663967,0.201861746376978,0.207254299188188,0.209840393341694,0.209333066838802,0.207,0.203169020639432,0.198290258177006,0.192825280413732,0.186636987576435,0.181748099234603,0.179744882586966,0.181208856177241,0.186514741778178,0.193706769595712,0.201094711129918,0.209917478283427,0.220191973374303,0.232830599422523,0.248511781645429,0.266838683449899,0.286455916727376,0.305507559540556,0.320844540787432,0.331785947060551,0.33633959512053,0.332018842253165,0.317329429352516,0.291615567327028,0.257061553075996,0.21650484134799,0.175171554636162,0.135845311383768,0.102522548271999,0.0767440942088582,0.058683770468758,0.0462845891607265,0.0384188398912592,0.0311825792055053,0.0255622266501374,0.0205734128858761,0.0172735287474431,0.0159882150559204,0.0148132458733845,0.0132266623500534,0.0105770964701049,0.00912483258325233,0.00795236419105793,0.00817933605596001,0.0100728620531414,0.0117744814116819,0.0129651774635513,0.012872697561444,0.0115979112496891,0.0104064601376753,0.00918365898712739,0.00796480490006856,0.00670001030356675,0.00593969128083046,0.00593156182778611,0.0068855327265366,0.00811220445493376,0.0093831276596029,0.0100899944118532,0.00993615951892331
2010-01-01,"D1",0.125,0,30,1,0.236884098051965,0.233101656303669,0.235,0.241570753249367,0.251635205392668,0.260142795641546,0.264862683844212,0.262609952099508,0.254977871295758,0.246405992899552,0.238277697080079,0.235041617092368,0.235267932181528,0.23974639993826,0.246400807496165,0.254851839900882,0.26005738572201,0.260757008472382,0.257512889919757,0.255097889895695,0.255747089295308,0.260554943700329,0.266376370020287,0.271339674491392,0.274508491358025,0.27792762220524,0.281823745411165,0.288044007047182,0.294146771967629,0.299494894610468,0.302076556810823,0.303231622853516,0.30476095681749,0.309024655517263,0.320175160278764,0.33616963241343,0.358475258006028,0.380275694588536,0.402222684505237,0.422,0.440143339750876,0.457062306782584,0.474738753350657,0.492894859313331,0.51351110168283,0.537829621736889,0.568833081833557,0.60787261678679,0.657789264319539,0.718038789311817,0.789715841155296,0.872296159823263,0.961868359646311,1.05898584088246,1.1608337138844,1.26853246178743,1.37851328813199,1.48739893063177,1.59109402523702,1.68625708394171,1.76588398930557,1.82724324171021,1.86742110518705,1.88538254109327,1.8809217083653,1.85514502819601,1.80853132325483,1.74217455544838,1.65573262910632,1.55205709626465,1.43172291223447,1.29924555925907,1.16027127765079,1.01999464790096,0.879565396557413,0.746766703759191,0.622834954197139,0.514320549880013,0.418200775772187,0.336332164531794,0.269595516324186,0.213442365748476,0.168638471375424,0.132712072557626,0.104449563616327,0.0818035496740919,0.0637198440275788,0.0502837352387522,0.0400812439622683,0.0319059664109846,0.0268560802349308,0.0221212820687469,0.018943497936921,0.0172743294629614,0.0160973539228072,0.014855965350405,0.0139707027647669,0.013562416323007,0.0121598545919547
2010-01-01,"D2",0.125,0,30,1,0.255377370469797,0.248916374733734,0.246,0.249196191826463,0.258561168284873,0.267271144719776,0.270937108612199,0.269803077696609,0.266042436912854,0.26291452648218,0.260511730059019,0.258995828983558,0.260164574611213,0.26160936485873,0.264470518702198,0.264268705822165,0.262977350325309,0.261805905641999,0.26310064016084,0.267663968652011,0.27259686037907,0.276267044581674,0.278426413559054,0.279364818834891,0.282164783058559,0.285942054008967,0.288442537049159,0.29011490582489,0.290470187784649,0.292585226056315,0.297332380207088,0.304404106646181,0.310668734327475,0.314477511459061,0.31777558145716,0.32297264418648,0.336482432041076,0.356386836631819,0.382058942521927,0.41,0.436827625251756,0.463419451611205,0.487983806019075,0.513103294846717,0.539899724846593,0.568612298219877,0.601571698644005,0.63977478774275,0.684049279655413,0.736606818787301,0.795726192567627,0.867634994086413,0.952183232121219,1.04906083716418,1.15622832368561,1.27122301925655,1.38939680393041,1.50491429965089,1.61339573149963,1.7109213485109,1.79255787625656,1.85485324860627,1.89833158404804,1.92125131450895,1.92347316805905,1.90385518996378,1.86112357685861,1.79729004208378,1.71329455315328,1.61201904974503,1.49417626720321,1.36324694872709,1.22309410353852,1.08171113836102,0.93949787374013,0.804139955518906,0.677799621885296,0.564301556075664,0.461608671744143,0.372496537862269,0.297421885734434,0.234964891691951,0.183178911736202,0.143045092781119,0.111878688789736,0.0878269085338979,0.0697685708053767,0.0559074694029952,0.045025309071165,0.0362925253717776,0.0277771440552152,0.0219314478564767,0.0173866351044144,0.0152417660876579,0.014065890557303,0.0140282708947549,0.0138101621523175,0.0119223769998192,0.010028711922052
2010-01-01,"D3",0.125,0,30,1,0.258172924776688,0.259950796634501,0.259,0.258055595127377,0.259777818907545,0.262774745852456,0.267506726097071,0.271268679187674,0.27444491279511,0.275546641425409,0.27606472943312,0.275123913957054,0.268866661409094,0.258737134935743,0.246901198594227,0.236978711959307,0.23297849440712,0.23480354880635,0.242988258113547,0.253530595172643,0.262343350742322,0.26724378736346,0.267787246985759,0.266431703109528,0.265672815707194,0.269882624385149,0.276169024989306,0.285288592209894,0.293956479745999,0.300212914836612,0.306294582745975,0.312517625883231,0.3201111110215,0.330980251516331,0.343206827648857,0.357519904864178,0.371209316070094,0.385289076607424,0.399967095493778,0.418,0.439175608327634,0.464139998863021,0.49027626672811,0.516989503975526,0.544955902884833,0.573291933840987,0.602195964774361,0.634038154471098,0.673208421720596,0.723563572165568,0.784737084727402,0.860502900505947,0.94794041172199,1.04501512360157,1.14969773078364,1.2624005029635,1.37731659710097,1.4901083829636,1.59616129166509,1.69143006607417,1.77280172669484,1.83811677668872,1.88430202905787,1.90854687033731,1.91078001151945,1.88959809382046,1.8479318862644,1.78648688197003,1.70743743289237,1.61098719785713,1.49753033450793,1.36816740185321,1.22898266164529,1.08490902847743,0.940504641259684,0.801628455258333,0.673782181419446,0.558091346978114,0.456030073992903,0.368106748780241,0.295070325621756,0.236189990487208,0.186576895347405,0.147194055809605,0.115156352785311,0.0898988834490907,0.0694523387939315,0.0552491181254995,0.0449642085265047,0.0378196747717419,0.0318076007268434,0.025922081981642,0.0211095114569028,0.0168390320757036,0.0141301683765848,0.0127990438632964,0.0105622410432373,0.00947888132476995,0.00822125410404676
2010-01-01,"D4",0,0.125,30,1,0.218785819010016,0.216536549717843,0.213,0.210649924945288,0.210436496677042,0.214972467216968,0.222924650712763,0.233777566602258,0.244615487984191,0.255468885525269,0.262218248230633,0.264947211820884,0.264859333433865,0.263788661435556,0.265225522378671,0.273296594514535,0.28632454267887,0.304673308360126,0.323434738259291,0.342057835610338,0.362017077230905,0.385191625890277,0.411541442749993,0.442469938659192,0.475821668334123,0.515143013701629,0.560728478569264,0.615683871352329,0.685455165719975,0.769751101129519,0.871356258709089,0.983947272757129,1.10598779943897,1.2264739902584,1.34333468573132,1.44811580859414,1.54270485948068,1.62110662955251,1.68358654557598,1.73,1.76407659946245,1.78308832475749,1.78812860831676,1.77820662269885,1.74934793927925,1.70110535046096,1.63387942274344,1.54897170039777,1.44738363110255,1.33239125386799,1.20826395123836,1.07534423899421,0.941157076986909,0.808140552282183,0.684858875505011,0.569724678786152,0.466669817562774,0.377399319718983,0.300696631919704,0.238353806436152,0.187655695529744,0.148834888072609,0.116560314393879,0.0923442726893939,0.0716917405119757,0.0567927407133931,0.046038082871247,0.0397242592174436,0.0353681902741157,0.0324774700475389,0.030273170301541,0.0281356257427297,0.0269101709044764,0.0252736535284849,0.0235229755272567,0.0206525091365273,0.0179848104013955,0.0167676727985553,0.0158241615858219,0.0166859736426953,0.0170590231283111,0.0158421209332538,0.0136581340925411,0.0119870525073615,0.0101455966910633,0.00997272514748188,0.0111750164828012,0.0124694501223826,0.0129590595680024,0.0138454397211836,0.0139957082778767,0.0139492347062985,0.0144757700771872,0.0149846076224495,0.0158845455353495,0.0171311962142714,0.0181287149317219,0.0175703664562974,0.0155541863774414
2010-01-01,"D5",0,0.125,30,1,0.235005991728976,0.240926531732462,0.246,0.248176014423209,0.247319801467507,0.24418669553437,0.239543338282716,0.234622130318832,0.228430392249745,0.223246966892007,0.220849217802178,0.224727209184252,0.233455782108693,0.248102551624558,0.26548873046746,0.281644065746356,0.297303388865715,0.311878834984001,0.326874793180822,0.343762224385838,0.364976318792543,0.38832346112675,0.417033612947385,0.448829264715055,0.484951862805971,0.529034886043621,0.580834171133687,0.64311859282045,0.720136279424596,0.811925932954842,0.918602254987754,1.03562859684939,1.16015381483262,1.28599511123114,1.40887984839153,1.52320963107098,1.62773772572409,1.71773263733957,1.79312652256348,1.853,1.89803234318365,1.9278312591436,1.94120277607228,1.93758199516976,1.91362580010384,1.86909666600462,1.80462257297582,1.72005905795203,1.61745040890238,1.49984373844708,1.37051950980647,1.23044077108481,1.08589138801623,0.940747312263711,0.802568715294626,0.670217945844395,0.550041337121256,0.444744853639988,0.353356139954202,0.276836627928457,0.214669537570432,0.165456940287482,0.126697780597585,0.095662723207955,0.0728940811751068,0.0560788535275244,0.0442129349857373,0.0366785163551376,0.0307763609788632,0.0264309726121337,0.0234360990713255,0.0221047886077183,0.0197742277112566,0.0187381463758753,0.0169169393248816,0.0144083222089442,0.011976175950757,0.00952386586921015,0.00749727628898599,0.00626780916251995,0.00599021942900908,0.00604216978892715,0.00738571758583306,0.00804145006507208,0.00809708589669218,0.00702642734467589,0.00688750133068531,0.00585940204097848,0.00613467078967028,0.00513861010136965,0.00499824456962819,0.00524241693381696,0.00590436341639177,0.00743950723015025,0.00797678101856241,0.00899994807080775,0.00761665630733254,0.00646500709098791,0.00522649708372891
2010-01-01,"D6",0,0.125,30,1,0.24421033044611,0.24511107667248,0.244,0.240135418696955,0.23548439716206,0.233130203012329,0.233729303406222,0.23727629096708,0.240741862106892,0.242207539542373,0.241334024446107,0.24000350593711,0.242730495761782,0.253285804489261,0.271771459992997,0.294586105722567,0.31537096020483,0.332118546093735,0.345763437307595,0.358089478379531,0.375106976878008,0.399471670633434,0.431712990569496,0.470972867708239,0.515547070183885,0.563015849699209,0.614338256579056,0.671242773381933,0.740915778991076,0.824007665360718,0.92333768172273,1.03705567691795,1.16261096371886,1.29505525096952,1.42725102696999,1.55100627434515,1.66162494551844,1.75591619752568,1.82894461307318,1.884,1.92271701344698,1.94573518296464,1.95585782378814,1.94976595652553,1.92568692507418,1.8803902394766,1.81215045132786,1.72258216148549,1.61274522281725,1.48780960520332,1.35149615079791,1.20595751070037,1.05729400788673,0.910727077619548,0.77294159122011,0.643013993566086,0.526741745494638,0.425449407064937,0.337712618942398,0.264519822264762,0.20522336349853,0.159756650194965,0.124618475159152,0.0970145772305827,0.0750096025166706,0.0574711616252328,0.0444620234406831,0.034627787057342,0.0285699614978181,0.0233903451400021,0.0198189129388527,0.0171424730727689,0.0147941095736344,0.0136721932585987,0.0124210563986713,0.0112079653078445,0.00998777840745174,0.00879231445898135,0.00748147621500857,0.0069703974471285,0.00693861890323347,0.00804670088847651,0.00797675371413526,0.00797735457445956,0.00810795278650651,0.00702527562979815,0.00687457080531328,0.00597203437776906,0.00538272844548734,0.0050349526272099,0.00396968053006928,0.0042598967298331,0.00501229165320961,0.00563876521556394,0.00685881611128906,0.00920437554269133,0.0100440004906275,0.0100370196357094,0.00938334661593081
2010-01-01,"D7",0.125,1,30,1,0.316901703203222,0.30714598880527,0.296,0.291767865658056,0.295384784949291,0.306386192488135,0.317954713715998,0.32539510280508,0.329987782832566,0.333017502083024,0.336111331410867,0.339885524823839,0.342410705274057,0.346070764037746,0.35066944667439,0.359242489558314,0.37331947561662,0.390788445696395,0.410372008522838,0.430500174863623,0.450233426333306,0.470972740654377,0.49487061939566,0.523764483985174,0.562734900668304,0.613830064617202,0.679173719174401,0.755911371772918,0.847672350083517,0.953250676350002,1.07217369301263,1.19989796660872,1.33334884051668,1.46503475289591,1.59079165959227,1.70496596943835,1.8052709746055,1.8870965484715,1.94823971635034,1.989,2.01031442925058,2.01074935659412,1.990337051,1.9453616083489,1.87861030948615,1.78998111208122,1.68629319729117,1.57210406838636,1.45372366335001,1.33855488433805,1.2347865764216,1.14336929565014,1.06936323158237,1.01673347890941,0.985623218935674,0.977577288868723,0.99120712453488,1.02410759383977,1.07518674014574,1.13744718390399,1.20450725742726,1.26758010403305,1.31916546304021,1.34775982485514,1.34696460729738,1.30998162073974,1.2370063576848,1.13105252726949,1.00171094305174,0.858830680919639,0.711694270341735,0.571920109984432,0.448046595634667,0.342484569751273,0.257852479951034,0.192502886515641,0.14257310580845,0.106255314851956,0.0790500566139126,0.0592505418199119,0.0461468478536417,0.0375555862117193,0.0330624578266392,0.0294026918667706,0.025896164293019,0.0211805229914015,0.0175161523508308,0.0137604440858982,0.0107807845919493,0.00826400797877259,0.00803209317958158,0.00916633506318578,0.0112846582518695,0.0145067120226095,0.0159587917937654,0.0160328116386726,0.0154511894479959,0.0133677542290046,0.0116904165717331
2010-01-01,"D8",0.125,0.5,30,1,0.344600370511853,0.333311562871437,0.321,0.312854357536575,0.309419513995306,0.312663187700216,0.323345008843567,0.341428996709136,0.363641986393698,0.385360023799657,0.399293906444371,0.403012193582479,0.400331961341348,0.3942399209697,0.390606431863902,0.38973340448173,0.394133502529177,0.403400272727999,0.420558003464596,0.447078147835552,0.483413433376685,0.523564502500141,0.562488374478037,0.598212455485657,0.634025821182776,0.677029787708279,0.733007969481778,0.803883835684821,0.890220713577868,0.989997925827912,1.10389593318061,1.22581982134819,1.35687948287796,1.49156090969448,1.6243005066736,1.74679711239861,1.85226843632532,1.93145081049765,1.98041250969127,1.999,1.98938318293608,1.95462615024692,1.89855746330251,1.82435420420534,1.73215770022332,1.62925311609175,1.52028388257966,1.41225006155456,1.31081199802761,1.22266317669182,1.15204035053235,1.099733269943,1.06883883330364,1.05798226077968,1.06887016116526,1.1003691896153,1.15368944272566,1.22659370531337,1.31546456013369,1.41258137960297,1.50759548683489,1.59059149894998,1.65206220097631,1.68246732536957,1.67470969430682,1.62446003684134,1.53099170773497,1.40181255386556,1.24711136146427,1.07955088343891,0.908198872001156,0.744423711199023,0.596358124148466,0.468882065676445,0.361288975915301,0.275682753780366,0.208424066315563,0.158949831191715,0.120656544384023,0.0932882335347899,0.0729252849166754,0.0569732891503662,0.0442730226514142,0.0355751911711139,0.0300292963654169,0.0251538436564794,0.0226929441521401,0.0202168708799701,0.0178016165264766,0.0153883088566086,0.0129525953841116,0.0115501077537454,0.00942235160747296,0.00836522228227391,0.00704252081562231,0.00692776210501863,0.00582661874623835,0.00653749893379873,0.00719972419155486
2010-01-01,"D9",0.125,0.25,30,1,0.334198606782895,0.340483559954366,0.34,0.330783340593221,0.31709270812847,0.304767825997635,0.29819322683503,0.300454158736418,0.311241248396352,0.326582115875064,0.342726495020689,0.355559953470935,0.364897041955272,0.368816557294827,0.371319428868167,0.372682596881648,0.377123549562601,0.38494148144147,0.396772482248103,0.41233570803291,0.429383818508466,0.448791389152137,0.4681369452036,0.488890831483509,0.514301888882345,0.546241097469645,0.590979445413342,0.648717005722695,0.719062607448034,0.800583500628624,0.891705310512575,0.988988313753738,1.09075066019788,1.18952334389472,1.27816628190708,1.34995499816036,1.40197622388255,1.43258572989585,1.44086723657475,1.427,1.39240217458644,1.34054571661393,1.27596534905086,1.20666857286483,1.1384528623952,1.0791400882827,1.03037531462847,0.992820570918602,0.965847675021011,0.95063314552165,0.9492942028883,0.964827713046299,0.999189073392989,1.05291447491043,1.12750726301968,1.21982178638685,1.32598782685146,1.43860796040277,1.55674043763892,1.67417357368027,1.78448934423262,1.87893468197417,1.94794358058186,1.98327843531543,1.97980362192981,1.9357056346959,1.85681311134993,1.74474168064879,1.60943351086795,1.45620346472959,1.29033648392582,1.12117084805051,0.954478520899881,0.797288555632547,0.651255469034988,0.522117380069913,0.412001437131329,0.322186604216809,0.249935037328998,0.192711324150413,0.148203658674928,0.113841898438653,0.0870921139290598,0.066604039053415,0.0523225402868844,0.0423518571220235,0.0352038070389373,0.030708936608965,0.027828041454869,0.0246089668124936,0.0209184026848152,0.0182649519225038,0.0152540901017648,0.0150603610356024,0.0141171617673869,0.0129021642125283,0.011424581355984,0.008881246482758,0.00647142315317055
2010-01-01,"D10",0.125,0.125,30,1,0.276341759934627,0.275330861323515,0.273,0.273269638258396,0.276664364290905,0.285567480879517,0.296922130299367,0.30432161382299,0.303866906876057,0.294497814399696,0.283807654730735,0.27898786409963,0.284203892697328,0.298241853437802,0.317983197659911,0.339753691341607,0.360398622557898,0.377809998488159,0.386155370940192,0.385464218841765,0.379469575793645,0.377051838952857,0.382456277481736,0.398770351553673,0.426375504772866,0.462210817385749,0.50374832394291,0.548785504093917,0.602071531840452,0.662506653087775,0.731616441336842,0.807305295680202,0.889096927365475,0.971748161641719,1.04788199911131,1.10764799957392,1.14701836434936,1.16167834312405,1.15279666602226,1.124,1.08059817099294,1.02985347957369,0.976820312201576,0.926329572481901,0.881077069524879,0.843154678608235,0.813650307518091,0.795453515842121,0.789000385995881,0.79432604453447,0.810485895444227,0.839874611370469,0.880587135521397,0.937962270935505,1.01258919961692,1.10659742993699,1.21644518784828,1.33596141111825,1.46019947239703,1.5802956098708,1.68753113875394,1.77612949417463,1.840011496334,1.87450644651751,1.8765788188429,1.84446130073022,1.77970175828315,1.68564473402824,1.56729195317295,1.43083940346049,1.27859778009527,1.12056044781261,0.962275434185545,0.811126199263683,0.670184382376202,0.543796915033895,0.435015426795968,0.346115420559179,0.272436655233952,0.214120907081258,0.167540665340513,0.129571195338476,0.0993169221312862,0.0772298736821555,0.0600370527011722,0.0484065376004579,0.0388580265572818,0.0316736551570218,0.0248975931100257,0.0195936753001614,0.0169497623775719,0.01592113354615,0.0160926785620959,0.0153756707941956,0.014079443922026,0.0127817872943786,0.010630152224254,0.00896827404482243,0.00701136773727011
2010-01-01,"D11",0.125,0.0625,30,1,0.296910806576334,0.304112527004421,0.307,0.303024400029496,0.296166581485519,0.287226875973932,0.28141059838878,0.278981793937649,0.280411915491735,0.280990306690776,0.281649681304113,0.283842285223005,0.289995177741606,0.2990778143922,0.307828810861574,0.313519417256526,0.313952559366468,0.310128244086588,0.307598859811788,0.309663528623313,0.316962859022011,0.33144367984674,0.349380349778495,0.370273948983597,0.390826529097799,0.411590577333614,0.4325223020109,0.458499968309718,0.491437765213498,0.532082164303624,0.579399815204288,0.627907264349959,0.677742962848967,0.72510843512431,0.768606318711932,0.803153186181852,0.823140630509875,0.826221527988739,0.811320126631771,0.783,0.749002782478361,0.718709083816846,0.69587314252255,0.682013199734477,0.675702739699399,0.674393183553121,0.680120302488022,0.692132937075792,0.713923826814766,0.744820305652923,0.784151060809085,0.833878489674662,0.896337453902373,0.97458176401095,1.0694502876935,1.18076731826427,1.30103844080471,1.42404502055805,1.54362073623039,1.65783834403914,1.76104489776387,1.8502622409388,1.92081624838377,1.96617033951807,1.98063748588394,1.96489001379418,1.92074026811464,1.84992822739499,1.75797951325687,1.6461821710422,1.51703986625598,1.37583785697792,1.22477666106784,1.07242398178274,0.920367693796204,0.77652092926141,0.643758762475771,0.528105810610657,0.426639481423621,0.34208079275664,0.271980909432389,0.213336405928872,0.167292651761431,0.130652180791762,0.102386377323762,0.0807432032826653,0.0638110734013674,0.0499028876642269,0.0389722637783129,0.0309982675445222,0.0248355355708847,0.0201217240398965,0.0171029235534396,0.0139542541705915,0.0111363053542493,0.00989822802786999,0.00855208837608034,0.00841981552315255,0.00927402815914701
2010-01-01,"D12",0.125,0.03125,30,1,0.283334305251241,0.280156167897678,0.272,0.260031091206721,0.250880608739176,0.247797799857999,0.254848284004305,0.266992437978643,0.280987724797466,0.290581958558074,0.29415325601327,0.292128156344499,0.288463421837979,0.285492507048562,0.284248213453435,0.284810785799516,0.284990572311271,0.285239902906186,0.288985561202643,0.296886046808788,0.311402441833584,0.329629484793922,0.346003021311749,0.35745017363186,0.361722442256931,0.363921034132816,0.370387311436888,0.385685297380797,0.412737276477519,0.449693117385775,0.491154847467761,0.535995086636506,0.58059958399494,0.624595034127341,0.6657657291693,0.697969920156042,0.716813554058413,0.718803143022154,0.707836937041567,0.69,0.670422247781938,0.651597530597429,0.63580929324035,0.624896739105059,0.618778862801468,0.620150457877416,0.630875245920487,0.651391269029609,0.679702581029573,0.715236799465407,0.757254157179607,0.80978394162722,0.871631394277175,0.946398218990393,1.03238236995327,1.13229312229537,1.24431445925306,1.36391666697251,1.48927058844228,1.6113734628617,1.72368183760795,1.81841149311374,1.89275401673597,1.94212498227759,1.9643998859119,1.95837336757061,1.92598952798028,1.86960586589099,1.78973364178783,1.68974358035227,1.57033829250863,1.43454770850891,1.28810724588984,1.13659694119002,0.98295639487681,0.834315213065552,0.69669604527379,0.573949371713295,0.466062039533407,0.374649954200112,0.299426941704682,0.237021420395972,0.186339822782036,0.145550050499708,0.113209481407975,0.0869387097165876,0.066554405922929,0.0514162986874727,0.0404578417960464,0.0337484361372372,0.0298927065069289,0.026408323212741,0.0240798088284228,0.0217138058638671,0.018305550827462,0.0146219723247666,0.0112600186420202,0.00892320495899262,0.00645556732705085
2010-01-01,"D13",0.125,0.015625,30,1,0.274843889860997,0.269228015277869,0.262,0.257500109547767,0.257738561679966,0.264270723141717,0.273878992028193,0.2848050311086,0.295050944585281,0.301333278581541,0.304052716989119,0.302152865554361,0.297279358177581,0.290744950865622,0.283890870842519,0.27858067166785,0.277031249400012,0.281025838480067,0.288375092354927,0.299553309919883,0.31354980348952,0.330487041331437,0.346285671279247,0.361752162895257,0.374637724045063,0.386746361456849,0.400303859228893,0.417139579066897,0.437805166136821,0.463336389975149,0.492547232793703,0.525483333471841,0.55940178728968,0.590490546443266,0.613898077151792,0.628150797871798,0.633622704846868,0.631019314999692,0.624482922498265,0.615,0.605626168185566,0.600636199439973,0.60142658278028,0.608804756688146,0.623296260447919,0.64452822926015,0.669597570440238,0.69833111688607,0.73063859287622,0.766355982029463,0.809108495758506,0.864149915089775,0.935675458723297,1.02591831711206,1.13019631995202,1.24672053972565,1.36658150181918,1.48635345823936,1.60340153071739,1.71541542040136,1.81735955482145,1.90088241016279,1.96301894508398,1.99771693575109,2.00573493477399,1.98659552101699,1.93989542022248,1.86882381862275,1.77346574225587,1.65756668213661,1.5209397666681,1.3703871068576,1.21196871149139,1.05443895616471,0.900662242932586,0.757082599837481,0.627789424257738,0.514685138849942,0.416745983647423,0.333598269212815,0.266568896678008,0.210423639965553,0.165909566011809,0.130839075841925,0.102324684900003,0.0807793119257408,0.0628518088590965,0.0502573148927639,0.0411714241292879,0.0348594397018282,0.0298789375352879,0.0261970371744398,0.0230882419934957,0.0199302448218087,0.0171870307378797,0.0148309537182646,0.0136340967737365,0.0129538523023378,0.0124446071899417
2010-01-01,"D14",0.125,0.0078125,30,1,0.25654986770617,0.248606789460245,0.24,0.234376460537565,0.235186204172601,0.242335708597242,0.251884869433392,0.261571151012117,0.26883736831377,0.274894962201103,0.27696510959362,0.275175523942966,0.269073796025839,0.261794748817877,0.257971100097093,0.259364992348553,0.266187703762769,0.275673633136699,0.282387935142631,0.287917035098893,0.290811421109921,0.293236665217016,0.295511466698328,0.299376651996318,0.307032671693815,0.318735881337546,0.332170405317262,0.345032812620206,0.357727133743128,0.371954648264075,0.390044465179832,0.413468101798274,0.439740778984198,0.465985926540907,0.489758668147465,0.506457927677375,0.516239139515014,0.51994697766082,0.519319298763775,0.517,0.514934626896491,0.517296062140462,0.525250925461958,0.540822356863293,0.563820676406095,0.592689627896502,0.625238792338113,0.66082580115847,0.698435540607938,0.740187572100436,0.789394336505204,0.850744552653472,0.926244044288704,1.01791985573933,1.12053573175722,1.23373850467234,1.35066213861593,1.46584653232938,1.57548832014005,1.67463581859269,1.76113373543142,1.83032985860728,1.88121385678569,1.9075030223611,1.90830752734644,1.88158339213166,1.83027876284558,1.75678984437941,1.66316391170362,1.55455592679548,1.4298912468613,1.29344031963635,1.15072596474765,1.00576337465373,0.862424797974537,0.727019542304426,0.602828656216162,0.493381808697842,0.398594124527878,0.318696269959682,0.253419821573408,0.19956485895785,0.156134415593979,0.12279716196139,0.0968933159323688,0.0767277391871256,0.0598635302080668,0.0477721201261774,0.0380018264898974,0.0308543517821799,0.0248531150242118,0.021243911133644,0.0179762855530945,0.0156740078621363,0.0131503073135442,0.0118729407088804,0.0109117444455146,0.0110225024763888,0.0109914964654367
2010-01-01,"D15",0.125,0.00390625,30,1,0.25359546438508,0.252048878465566,0.253,0.25455458817858,0.25791183426705,0.260924957430688,0.263788370581963,0.264991497649199,0.263519277082057,0.260456256520487,0.257458627858328,0.255983714371134,0.258455617556379,0.262178651078729,0.265388339096179,0.266173927020801,0.263942969441931,0.261705332923154,0.260438516241811,0.260426976581808,0.263568734776736,0.269635920342263,0.276952330048566,0.284638178014832,0.293992170775423,0.304747325733594,0.319580069968364,0.337019832744457,0.354835826524615,0.371048025200638,0.384601803094245,0.395028847995335,0.403033447563998,0.409658474700718,0.41471750046222,0.419533849837157,0.424440731813039,0.429157245969915,0.435544668112224,0.445,0.460010796892353,0.479967150706663,0.504432747091756,0.531840680688491,0.561127925480203,0.593369442542949,0.628203177911861,0.666884907275378,0.710109325606886,0.761543924703139,0.820781064205957,0.892252386772201,0.973835059265379,1.06589609064267,1.16694084645658,1.27639323209184,1.38893882732576,1.50008375490735,1.60852449999446,1.70903655038406,1.79630983235434,1.86406504608321,1.91030162625821,1.93280654170346,1.92875968036171,1.90032628994435,1.85011582740687,1.77785659141617,1.68529671437793,1.57610662411987,1.45025078443437,1.311605179271,1.16651232333026,1.02063613314864,0.877966628258024,0.743740130534095,0.621851462971635,0.513307084808244,0.41683084530448,0.333791145987054,0.264755781362693,0.208385458494321,0.162809274410274,0.127758207342869,0.100123023257282,0.0787523245671933,0.0617996604049917,0.0481161804409281,0.0392010087985143,0.032855911874461,0.0278787835703941,0.02419751370468,0.0210862457156917,0.0179382418295939,0.0151723728407532,0.0127336338861143,0.0106010399186059,0.0094207503744334,0.00884588531200104
2010-01-01,"D16",0.125,0.001953125,30,1,0.248596527700498,0.252984076450876,0.259,0.262498250843423,0.264563691868044,0.265127565320314,0.264155380197028,0.262931151399258,0.261484592662016,0.25902010823423,0.255908771255461,0.251225353926781,0.245277262399992,0.240769184651124,0.237618818576631,0.236836520197286,0.239065683840282,0.242756764905254,0.24630081731054,0.250706026650655,0.255437482903253,0.263848038502952,0.273943173327628,0.284449700769216,0.29353825876378,0.298914406865608,0.303888095135319,0.310275752447772,0.318296816640521,0.326915045246356,0.334274863026437,0.337364994884965,0.338452345456081,0.340102365500669,0.346433673089349,0.358726481034032,0.378160870247136,0.400796118316827,0.42462232916237,0.449,0.473386786452384,0.497803341720639,0.522002933327729,0.546317273263508,0.570729996029755,0.59686240142621,0.625242042065059,0.655866581129467,0.689517622226927,0.731408723480121,0.783611087579198,0.851558107932346,0.937635986344405,1.03922097362627,1.15092115150323,1.26745309208301,1.38430252699511,1.49532587996016,1.60005660785315,1.69431926657273,1.77591555921231,1.84036054336911,1.88627447311289,1.91128221301008,1.91173091204457,1.88901501332552,1.8426510919216,1.77403469645519,1.68527505649549,1.58149330563627,1.46175646217046,1.32929967325478,1.18788530471972,1.04364884419565,0.898303880938931,0.760447555038101,0.633810023328616,0.5232221680113,0.426774649690387,0.344445301141264,0.275839995833961,0.218306880660648,0.171282107334035,0.13370857935799,0.103572313003116,0.0807996322710891,0.0627240425694497,0.0492232169276172,0.0395889053519267,0.0327948568252546,0.0278507654331146,0.023159196137148,0.0196303269192271,0.0159713923527233,0.0122473871096783,0.00973821145447371,0.00777582457664481,0.00850221147915623,0.00981572299604277
2010-01-01,"D17",0.125,0.0009765625,30,1,0.261586058539407,0.264886798958266,0.263,0.259127132222168,0.254880683733312,0.253268678400185,0.252931685501363,0.254104056511953,0.25508909697907,0.254897469860145,0.255699630966656,0.256941893820102,0.257967716126845,0.256440399857026,0.252594328625351,0.249212743091567,0.249041724890167,0.252833244257256,0.258979544492697,0.268206822906063,0.279878658649471,0.292149667711643,0.30342926919808,0.3090810991853,0.309474469340955,0.307040988657884,0.305969523195619,0.305868565542487,0.307170583386385,0.309546812789757,0.315385014849737,0.326027976766527,0.343331789964551,0.360962867725459,0.377175969402386,0.388028289869899,0.39588530539256,0.402195034568945,0.411144437812901,0.423,0.441678724879489,0.465346022681826,0.492824962917174,0.522497680470779,0.55533805088152,0.590073560950484,0.629670253706868,0.674537376207426,0.723888703664338,0.780237234779858,0.843946773494813,0.919506993531292,1.00680077527845,1.10608004295393,1.21183850723377,1.32351981787079,1.43667673125743,1.54726020627589,1.65455875482307,1.75632651612138,1.84562150805126,1.91886109129952,1.97021684906309,1.9962447109726,1.99463156376489,1.96806110470516,1.91884674586016,1.85008573597664,1.76245746619455,1.6576894452969,1.53482352313221,1.39668726548086,1.24917684983878,1.09879821951379,0.948071654151959,0.80437925964619,0.673774077903798,0.558085170586158,0.456352432348355,0.369889277959837,0.296383572546659,0.234035596163114,0.183014414734186,0.141912411998497,0.110927409296065,0.0867959001388004,0.0698152887077862,0.0562141453720309,0.0462578359992458,0.036332179236685,0.0287866462046087,0.0215656245842699,0.0164169275272554,0.0135428607679836,0.0120432904856454,0.0120053224495072,0.0120487400898322,0.0115425191836715,0.0101673735871589
2010-01-01,"D18",0.125,0.00048828125,30,1,0.260717000486683,0.255098257971596,0.249,0.240548005028574,0.233658133211662,0.228854181621069,0.22694357881509,0.230470185952637,0.239278756729063,0.249339476799509,0.256421107202904,0.256162745846194,0.248606713889458,0.23601584482725,0.225346652051497,0.220288306635328,0.221103256762011,0.230186777024719,0.243854386442675,0.259388353461216,0.27115915584082,0.278479130413727,0.281290093166753,0.280122805021565,0.276694365164274,0.274038256922935,0.27303036065041,0.274880691615949,0.280781131621104,0.293184445718935,0.306677737975742,0.319529703907988,0.327377233464883,0.330430265836326,0.33370690226047,0.341159701183568,0.356136207343779,0.377839335427845,0.400200359951584,0.421,0.440433552792982,0.460648987656143,0.483780678008447,0.50992553943138,0.539139680082636,0.571338870736276,0.606487900682186,0.6479712500219,0.694997376936426,0.749026936677817,0.811376190991851,0.883691636030492,0.968081469573481,1.06606331760505,1.17194763856046,1.28561871464299,1.39912411056018,1.50844121715995,1.61081918479902,1.70265028126671,1.78192700867956,1.84301364238511,1.88633962770596,1.90802709084609,1.90636517019205,1.87849521330371,1.82657599660105,1.7495544158278,1.65117616739091,1.53655895788003,1.40660507511285,1.26665046205877,1.12158359370539,0.977357966838986,0.83650700455889,0.704388289850379,0.583874433817628,0.478937072927683,0.386824696825168,0.310208762827086,0.246236919797224,0.194711409340441,0.152185149635851,0.118798900361645,0.0928400859843921,0.073646228543024,0.0591557981741604,0.0476552197306451,0.0392569587553714,0.0328265695331197,0.0278520394306311,0.0231584762387969,0.0196251104159071,0.0159945560068438,0.0122047460731398,0.0108616718423984,0.0102137972321905,0.011084930090002,0.0115407372046925
2010-01-01,"D19",0.125,0.000244140625,30,1,0.244967552800952,0.245831000856472,0.246,0.245579425909445,0.241418082888639,0.235543744174641,0.232919220877853,0.235303866402317,0.241952470153258,0.250377806667685,0.255474720465743,0.256097670139201,0.25121280444174,0.245136608094025,0.238863512871746,0.234431006937774,0.231959587121302,0.231081339005076,0.23279480978257,0.236354194241474,0.244155192871229,0.253945186747469,0.265002596898232,0.275653448911097,0.282908039778804,0.28793553446507,0.289020423221139,0.28895105066682,0.289447638207492,0.292327846670748,0.299437309206284,0.309375214487152,0.320274649252955,0.332583910137824,0.347135739209312,0.361719983457148,0.377121561077774,0.389892373899145,0.400952602508086,0.414,0.430414386762849,0.455016045509953,0.48616912172294,0.521973239516204,0.557484035339699,0.592404914622659,0.62521946970397,0.66124284321726,0.704118247647071,0.755953777439803,0.820499927560885,0.899747980602305,0.99217218913502,1.09521305558142,1.20554836765098,1.32188397417503,1.43918694669408,1.55213784885804,1.65691725330715,1.74829308160171,1.82335221551417,1.87824946506433,1.91450113896855,1.92761882496868,1.91778240701365,1.88279157516702,1.82343261973064,1.74137363811159,1.6390285134909,1.52060625929679,1.38672868865651,1.24378809189978,1.09649664391133,0.952013161357566,0.810931401684805,0.680131425394876,0.561899954985755,0.459414704775452,0.369276070547019,0.294456601594871,0.232972136671672,0.183862112366121,0.144141999064836,0.113374368460981,0.0894016790831982,0.0706564790430625,0.0560475155332812,0.0433288722238829,0.0330383878478634,0.0250062606006571,0.0188537332537859,0.0154264544540523,0.0133651489576842,0.0130712529147578,0.0120602269596817,0.0119209592871218,0.0109497425324002,0.0105195221237019,0.00977872793411731
2010-01-01,"D20",0.125,0.0001220703125,30,1,0.253441741945216,0.252209762897355,0.251,0.250057956535537,0.251696421081843,0.255409047483438,0.261266781827773,0.268521859198179,0.275638574630679,0.280500557961359,0.279911121584564,0.273409361308233,0.259985053209666,0.24425834872124,0.230755435733183,0.220925750169711,0.217998995811171,0.21950729552821,0.224471053648861,0.233132616563955,0.24561449300962,0.262582547715572,0.279293650786858,0.291838225542831,0.298484556416415,0.298061116260283,0.294361335765142,0.291270532313292,0.291916524765794,0.296921201322139,0.307593675603789,0.319851206778099,0.333463974590162,0.346134975421592,0.358242178360758,0.371508915323442,0.384539153923592,0.397319491611494,0.409850599306278,0.423,0.440453211492653,0.462685579127705,0.491025317941706,0.522407179548836,0.556448114458591,0.592017440657391,0.629316664964012,0.669631720628373,0.714091318529645,0.76571438148506,0.827853027378156,0.90339990354908,0.992266895034305,1.09626051686717,1.2096353314205,1.33146559204653,1.45234727831967,1.56709628547216,1.67182998886821,1.76219787359276,1.83732892804014,1.89241114481113,1.9265498810564,1.93695895512401,1.92233691963351,1.88448914962483,1.8227868852146,1.7383210521002,1.63603626160305,1.5179271848708,1.38609837133975,1.24565889559466,1.09944994176361,0.953620604498164,0.811369824195177,0.679328388315259,0.559884668648892,0.456478903048832,0.367858315259404,0.293391831872057,0.232888537685779,0.183927001867974,0.144984344191405,0.113220578239302,0.089524852291055,0.0696870538860781,0.0550333436775241,0.0426866344779809,0.0331248917477956,0.0249944964629934,0.0188515954814692,0.0154806502748229,0.0129170711747795,0.0119641299882243,0.011136124800355,0.00998596119033597,0.00965836558565847,0.00939271807401018,0.010284268103026
2010-01-01,"D21",0.125,6.103515625e-05,30,1,0.254495288606179,0.257748240858396,0.258,0.256611979715695,0.254177752108625,0.251162062176183,0.24731390389155,0.246011555753446,0.247639021436694,0.252488385507661,0.258103019932166,0.260962860342416,0.259506798159204,0.25184551096195,0.240648184703531,0.229417666746325,0.222911519945263,0.22146530859974,0.227909453025489,0.23857794858468,0.250949874066048,0.261940618131098,0.271201192561635,0.277666511993573,0.284485038934765,0.291855765577551,0.299210464539621,0.305887041474415,0.309426884055328,0.310850685826537,0.312049152904759,0.313542971023244,0.318511464076194,0.328185306457222,0.340238257543234,0.353484934066913,0.366831126649544,0.380792924944254,0.395978384085754,0.415,0.438510228902301,0.467125801454509,0.499400587585695,0.534011931895872,0.570581773086148,0.606856469012506,0.642799985565773,0.681762648948492,0.727013561855331,0.781202563891084,0.846641075618222,0.925126041519718,1.01711906294737,1.12019295791895,1.22925956174301,1.34167903325177,1.45353269122738,1.55980286424514,1.6584704793433,1.74472748715566,1.81367397345587,1.86125774320693,1.88575210270706,1.88662039369978,1.86525149631196,1.82121192103166,1.7551649607981,1.66822676298888,1.5649851086844,1.44687604087208,1.31571202365619,1.17744537358995,1.03611429803772,0.896740943921606,0.761235888190463,0.63605201220059,0.523961785667547,0.427340046540149,0.342162711249129,0.270865753552455,0.211767366583941,0.164005298459523,0.12645178221684,0.0977774486534796,0.0776052095455991,0.0625389132287707,0.0505133053805023,0.0411754936504952,0.033404039194694,0.0259923392611717,0.0208836241701834,0.0172073225269129,0.013981837126607,0.0116924408644003,0.00911322194982049,0.00903180153917068,0.0089254234174753,0.00951230675417245,0.0102092441468911
2010-01-01,"D22",0.125,3.0517578125e-05,30,1,0.213209129530459,0.212211199196094,0.211,0.208830553678115,0.209092647817216,0.208814325194279,0.210704504257064,0.213215512482552,0.216845906559755,0.22098474184677,0.22586859589132,0.230879800619113,0.230708201717502,0.225995956428434,0.21789574742332,0.209117949862298,0.20393985347525,0.203348536040584,0.208608899843155,0.216415293922283,0.227901363365099,0.238990040620007,0.249608775550144,0.256608277334273,0.258838109941002,0.259980155245708,0.261461100758683,0.265089654530354,0.270088774681201,0.275326878138308,0.281272199417727,0.286204963809519,0.292739375805653,0.301495670341102,0.31232115272083,0.32446427697254,0.339854625198031,0.356899428417366,0.375466733004648,0.395,0.415711960570768,0.436841437889411,0.458681491721269,0.481320855263068,0.506819854653133,0.534400125196999,0.568600868255531,0.608406950972256,0.655893038824549,0.712232156781138,0.776015021233626,0.850951773785535,0.937048262891433,1.03401078531838,1.13708420374513,1.24289462333302,1.3429115075911,1.42983963086578,1.50281516698115,1.55688363157123,1.59238844389533,1.60586978316702,1.59837107599174,1.56881392445649,1.51632328662165,1.44258742558333,1.3494674553391,1.24025460589912,1.12102804375571,0.996931976237446,0.870933565929836,0.748208589624124,0.631543738449829,0.524862159457122,0.428423476374746,0.345762858581818,0.276379259677379,0.220726816716883,0.174368696194358,0.136416723763914,0.105029704568065,0.0804509471092088,0.0603252541644634,0.0454710948475365,0.0341502034311472,0.0262672105580591,0.0204554955549264,0.0185341426784866,0.0179154671746195,0.0180704954198335,0.0169572777488965,0.0158069485300777,0.0140790404978896,0.0122484766716052,0.0111027940490783,0.00988035279770398,0.00867146222991842,0.00745103325119792,0.0062317777038519
2010-01-01,"D23",NA,NA,30,1,0.131225671915376,0.13076731029371,0.134,0.137513345803307,0.139649604710172,0.139448909575216,0.138149208610219,0.137000753557648,0.138489341431133,0.141517382595677,0.144634003710094,0.145057733207106,0.141157945245354,0.134002781198443,0.127886309257182,0.123444637630031,0.120972059074439,0.121354721399058,0.124189825667547,0.12929715073568,0.135400714836439,0.142603926802945,0.148656164945248,0.154364645422758,0.158195983509923,0.163840217903045,0.173795625722353,0.186520631910272,0.202713971975555,0.21892559942024,0.235883961255681,0.254146448290749,0.274462396126281,0.298162807082108,0.321607493517258,0.344279144649151,0.361321001627469,0.372566692720134,0.377020479443942,0.374,0.364912426265601,0.350131683916901,0.331804718541111,0.311214263922915,0.292812527208357,0.27754961477258,0.267476853581255,0.262386195485249,0.263799528876351,0.271401843193102,0.284796776249162,0.304357834380796,0.328901090692323,0.35789107841241,0.388404645428136,0.421619728509886,0.453875542161533,0.484375658250869,0.511094893178542,0.528652701615024,0.53286333691071,0.519081529427759,0.485862699955439,0.435001865478141,0.372599808742513,0.304859281114339,0.238239943557069,0.179244474623797,0.129961573718686,0.0934276309500505,0.0675897402184869,0.0508152591192818,0.0400139220527899,0.0328860003391765,0.0259899175395878,0.0207327691381617,0.0169636519036,0.0134632527797672,0.0114151724761825,0.011006263644927,0.0108801911828146,0.0131263831746652,0.014534440163303,0.0166939165643805,0.017092715012747,0.0160712888331942,0.0135421554005835,0.0097659753983255,0.00670677097190569,0.00502597391887825,0.00603963771674482,0.0074246422061845,0.00990883350723119,0.012527475225738,0.0130314901663907,0.0130156784771594,0.0128671119380189,0.0104628029612734,0.00719687652381597
2010-01-01,"D24",NA,NA,30,1,0.123784961232566,0.121538058056415,0.118,0.115600748359783,0.113000070569321,0.111789797762291,0.112876225612077,0.114155407777412,0.116203612951932,0.115688291148822,0.112859770189647,0.109175975228415,0.104556908037287,0.10224272061034,0.100264617128828,0.0999067475014107,0.101020061862363,0.102570196618141,0.106476226141402,0.109858045469547,0.115390844093819,0.121400356025619,0.125098147761464,0.127325251100719,0.126240357469707,0.12502995597152,0.12403880780579,0.125654319922028,0.129250393522449,0.135874380198383,0.146654839245856,0.161412172241705,0.177670423103163,0.19561984285833,0.213036917319342,0.228817569693604,0.245817603641025,0.260505504302772,0.272406015819819,0.278,0.277411709429716,0.271585939556023,0.262944493848776,0.252965593777363,0.245521950075006,0.240073540878413,0.238766358495784,0.240288646654375,0.244731806241488,0.253329061586361,0.263113198332214,0.276030343951361,0.290702268239342,0.307527842855509,0.325957447227425,0.347224165477044,0.369952637692797,0.39293540369447,0.414714180102913,0.429088802640457,0.433116450397717,0.422808445339151,0.397667169029867,0.358049862960272,0.30910501192004,0.255472045995455,0.201716487270444,0.154875219199858,0.117381457252946,0.0899143727074322,0.0720109415381411,0.0605868182642706,0.0520832885173503,0.045087338334908,0.0397565952764053,0.0340109064721068,0.0289540581211633,0.0240924745461464,0.0195279532056926,0.016638546613414,0.0142675436803953,0.0118211001624797,0.00954468880216877,0.00903673909838199,0.00827080263488661,0.00795889542072427,0.00901098101466711,0.0096366964854021,0.0117092513960252,0.0127914260479406,0.0140215962674577,0.0138084905245488,0.0124959918107605,0.011424573519859,0.00917004889560999,0.00790151448878121,0.00660176148132764,0.00596209681633129,0.00544149164352402
2010-01-01,"E1",0.0625,0,30,1,0.26105852730537,0.256331518410603,0.248,0.23983991684177,0.236098593677926,0.237675593164169,0.242405725431034,0.248424606884411,0.252489874167309,0.253536038578736,0.254062855776215,0.253988425161555,0.253845430135123,0.253203706438894,0.254550635516682,0.256607959300276,0.259052497030011,0.261234174794434,0.260205920516829,0.257565121626544,0.256053924249035,0.256030338981959,0.257957809381331,0.260689949575407,0.261865491860428,0.261040002897626,0.260152533238339,0.263314590476039,0.270113959407482,0.279683489022025,0.289400142583272,0.294933417514847,0.298064179901374,0.300279830512709,0.304631227974436,0.311880266075173,0.320773865573844,0.330529925000667,0.341001661071282,0.353,0.370411900714979,0.393234917426948,0.420982281952589,0.44887515692168,0.476855106647641,0.502505240469449,0.526847663263483,0.551233549702678,0.577844143284353,0.61125830033779,0.654485322690423,0.710249023359391,0.78106811539173,0.866753538784037,0.964579488674277,1.07304757952636,1.18844740233945,1.30541453753495,1.42349447960698,1.53745458652151,1.64483720492635,1.73732991216383,1.81464025823308,1.87160425356429,1.90637036067344,1.91801027885512,1.90787887406464,1.87588865018035,1.82308262904554,1.75091116181108,1.65974253190573,1.55007644281874,1.42664745042416,1.29328842505374,1.15203278331411,1.00981570161278,0.872671809498323,0.744541806827853,0.625264981217787,0.516937156296955,0.422618608790056,0.339571041768763,0.270131044515559,0.214089856154047,0.16867078382291,0.132262999416131,0.104346730659429,0.0817330735574933,0.0649755125581389,0.051643538384819,0.0417459874431847,0.0346989547672063,0.0286402145880367,0.0231514641019226,0.0192385240400736,0.0167498497754615,0.0145847848052071,0.0134731333525953,0.0122234262240931
2010-01-01,"E2",0.0625,0,30,1,0.234969809987359,0.235583573994783,0.239,0.241310988898847,0.241988007006892,0.24261739630513,0.243770363591604,0.247284493755741,0.250692472678538,0.252620885142438,0.253156821142749,0.252009920920261,0.253187951348372,0.25440787631649,0.255174563523559,0.253604122295635,0.247869706257953,0.241864902471981,0.238120435256979,0.239073893462651,0.243492365054954,0.24955844193498,0.255615602253676,0.261885528630231,0.266325189083539,0.269937584211499,0.272400711201409,0.274469780913751,0.275703952704654,0.27598895990007,0.277113949663226,0.281310961357881,0.289935736587261,0.303858889399542,0.321897527291831,0.339991355093932,0.355944784218743,0.366838838694686,0.37473114700055,0.383,0.395673713925352,0.414835729506829,0.440055933564185,0.468010232603922,0.493799162229184,0.518933687209817,0.542242091041044,0.567010453534074,0.59761434265322,0.635872661549425,0.684412229983746,0.745240617272563,0.818824295715798,0.90472324384071,1.00141555491702,1.11081555447703,1.22891632665793,1.34733210278325,1.46530281762358,1.57292878890718,1.66791659271735,1.74632849217123,1.80796388066,1.8492039774454,1.8693855009988,1.86657336197426,1.8409811629261,1.79312116875724,1.7259759148552,1.64053094661119,1.53648193464921,1.41659891520823,1.28600410431893,1.15002670297994,1.00982460856902,0.872697690244533,0.74173469968704,0.62110869435542,0.512445988264148,0.417185844191849,0.336101160878161,0.267586266650583,0.210980317274011,0.165950883560923,0.129890418703271,0.101936499686993,0.0813003285923565,0.0640389283351484,0.0507733415717725,0.040436470475233,0.0307326428968422,0.02389827527759,0.0190263208347812,0.015541162718335,0.0131637837494211,0.0119000344173314,0.0106024397412554,0.00996192388072288,0.00944155699472795
2010-01-01,"E3",0.0625,0,30,1,0.254837846395643,0.250597786775252,0.248,0.249237811897668,0.25077109257987,0.25328491744587,0.25578846068267,0.257096079027362,0.257935550725498,0.255940593835725,0.254180263577995,0.253950680633444,0.256335035367847,0.258828290733397,0.260575885689292,0.262614910028767,0.265060065059647,0.268757048652702,0.272365305090147,0.276115885771501,0.278783583706332,0.281152958442919,0.282364064842241,0.283065720896105,0.283042745026295,0.282040239268246,0.279616407406306,0.277078537281464,0.27581418262249,0.276755614213283,0.280289969228529,0.28775190672861,0.29725068365554,0.308344300994881,0.320205057447032,0.334692784014451,0.350798019447081,0.368670666622007,0.385914149240561,0.404,0.420930269937807,0.436373632289091,0.450691044921678,0.466910900732366,0.488721768723731,0.516544268075905,0.549786999495981,0.585856267893438,0.62345787866258,0.664036842520577,0.711655960673873,0.7711118479994,0.844743278254234,0.932838772068321,1.03269752197583,1.14120131272824,1.2546922963407,1.36605070109799,1.47560812791225,1.57798182716198,1.67168141754653,1.75168149951157,1.81690015526834,1.8605562943129,1.88068200936979,1.87603165931091,1.84745770384151,1.79700413690511,1.72757224467026,1.64139928984482,1.53814416485152,1.4195344323934,1.29021539236456,1.15466181342078,1.01451673400528,0.876096789134497,0.744738492000333,0.624176575519643,0.514668927174523,0.417429587007215,0.335256759086181,0.265549573191261,0.209017623287286,0.163853255304201,0.128626521329373,0.100980240821946,0.0793467240559102,0.0633838311702303,0.0520098899324359,0.043192308400677,0.0357717908342797,0.0288919520833862,0.0236599749469448,0.0188354146575088,0.0152734839773077,0.0128511579679549,0.0116248379417134,0.0109562130222971,0.0104437150897381
2010-01-01,"E4",0,0.0625,30,1,0.251000904551718,0.250998409412316,0.251,0.251040704060241,0.250616081651023,0.249761169553625,0.251682817946084,0.255396765775493,0.262895453959689,0.269283287537395,0.272782186646025,0.271192410234379,0.265253475159577,0.260871538136107,0.261065979644403,0.269950276491633,0.286386362325509,0.307321194817965,0.329709807772195,0.35331690825902,0.379465211889311,0.408680743495062,0.439755254554143,0.472696226827929,0.505315439886242,0.540243376272006,0.582363596732172,0.636981891971198,0.707971010999435,0.794529587803177,0.896352381158691,1.00869172840789,1.13032519125905,1.25714977369591,1.3845301065052,1.50476158703949,1.61461185179195,1.70874791170573,1.78348095616033,1.84,1.87890587915966,1.90264215495666,1.90993895065478,1.9002785649728,1.87028228865016,1.82032553596547,1.74947420852793,1.65931184785004,1.55259069007341,1.43152683000125,1.30134665275381,1.16256148295447,1.02038799944149,0.879877354166446,0.745456563822394,0.617947324426968,0.504047309484071,0.406071214866643,0.323217565281549,0.256284952944337,0.202076592315152,0.159370391331751,0.125596861914216,0.0992112734402697,0.078442643943939,0.061764700027263,0.0466805922714076,0.0365937148387324,0.0296655986045893,0.0258278041724227,0.0242664087063379,0.0230689380317698,0.0217901741675133,0.0190052809326851,0.0152535865169765,0.0116626691620412,0.00797638930291928,0.0067808618689238,0.00592140606260257,0.00594308305506552,0.00682601258450929,0.00802064395988068,0.00820728866925086,0.00952009216432198,0.0108451010944095,0.0109706691084062,0.0119392230781565,0.0109252356963946,0.0105006524773656,0.00916724971724491,0.00795828480833122,0.00690639182674272,0.00712471601664123,0.00625551227868068,0.00603396440648043,0.00493894402156683,0.00496797645313665,0.0055014570270836,0.00621334418582495
2010-01-01,"E5",0,0.0625,30,1,0.22366315881455,0.224903947183107,0.224,0.221342864423405,0.215405597668244,0.209157095080932,0.206122593057162,0.207253690845795,0.214322969357334,0.226129851788479,0.238247010861365,0.25144890194141,0.264544158839144,0.275176370440145,0.283816102600199,0.290042742585499,0.297149356086858,0.306331644189949,0.320819909654896,0.337977660284671,0.357141553320301,0.37900091729103,0.40316428313781,0.432607503150432,0.46796112081577,0.511051596582712,0.562800013773991,0.622980681007538,0.692475352865244,0.772711570671197,0.863778763049363,0.965563462761264,1.08004582851998,1.20354212363253,1.33046004247881,1.45315279834074,1.56642575112951,1.66264144837591,1.73594471809817,1.791,1.82873296649642,1.85360083331025,1.86608554935201,1.86332548570135,1.84288598412988,1.80009082829863,1.73667833361447,1.65301029880984,1.55234419109417,1.43736215484637,1.31330914634774,1.1799507037852,1.04284725297168,0.903905386849243,0.770524851073393,0.643075094490506,0.527781339919361,0.427301188202671,0.340749290938222,0.267541336640858,0.2078342042804,0.160266329745238,0.122668184999062,0.0926877587674895,0.0702708538697734,0.054165019578304,0.04220364995324,0.0346775989453688,0.028781174300917,0.0244049031210109,0.0215367365059685,0.0191604764893403,0.0168309212584309,0.0153252795728247,0.0134092259057899,0.0114816764683147,0.00898291471591206,0.00776322647145806,0.00690270976903046,0.0070513797530298,0.00691731074606496,0.00799760445663348,0.00664150146382313,0.00551005928802364,0.00417841504767363,0.00399862606017974,0.00409487753752466,0.0054993091496359,0.00595326015614783,0.00684482113522734,0.00699421256704734,0.00699688452063516,0.00706675828970295,0.00639927256517483,0.00504269177556734,0.00494541192085054,0.00359046896717872,0.00291673764354998,0.00306129648259344
2010-01-01,"E6",0,0.0625,30,1,0.259513574591988,0.263301285962054,0.268,0.274165748471489,0.279616940570278,0.281448936474528,0.277690057032706,0.270399093244811,0.262519130591156,0.258648454868688,0.258588164745036,0.260839401806098,0.266902193971731,0.274681577665915,0.286341925415367,0.300733180978879,0.316310196196052,0.330635988699047,0.341941160100786,0.350652166443607,0.360838472247221,0.376708541490433,0.400259675638217,0.432309855610404,0.469251658832431,0.509176048896639,0.550575300308153,0.594396170756036,0.646600651348061,0.712144356007963,0.795571878883833,0.895238654349344,1.00894126783895,1.13301923472913,1.26406168929296,1.39673353981725,1.530254708584,1.65490507251515,1.76354105221088,1.852,1.92069078641087,1.96788902354325,1.99897550048835,2.01339825220035,2.01241751898983,1.99514125458762,1.96150076757932,1.90909088141482,1.83823358982604,1.7484742110984,1.64176473040834,1.51714293133948,1.37944063886456,1.23459300469345,1.08613018970166,0.938525447831461,0.795069330185446,0.661493837085927,0.538554293179529,0.431529096740496,0.34003920304951,0.267582172064539,0.209048553346036,0.162120141943908,0.124078095951104,0.094740874323589,0.0715259592234788,0.0553138337611802,0.0438162166115245,0.035994382352277,0.0293510394601039,0.0242610403409297,0.0206635866264674,0.0183347400966462,0.015736458911678,0.014261586059538,0.0119797431417015,0.0108172120222936,0.00948018864169928,0.0089426202073915,0.00900692682865826,0.0090053757209897,0.00892898671678253,0.00955583181903914,0.00995720572678014,0.010963626244222,0.0109674760600499,0.011097143058537,0.0103602828068643,0.0100268559319418,0.00895720099926842,0.00775364725913094,0.00653859192464665,0.00530544590778803,0.0041191639732945,0.00302249850034733,0.00437305729079624,0.00553761562796256,0.0067725118084099
2010-01-01,"E7",0.0625,1,30,1,0.300085839493573,0.285597158379797,0.273,0.268887476439012,0.271336300871085,0.278396801714615,0.287023051071326,0.296695244512854,0.306204289492788,0.31375245677873,0.319054872025112,0.322832808597744,0.329089032724245,0.3394518853682,0.349783551910032,0.359729266294088,0.366113988337219,0.372122522326903,0.379498541977577,0.3944372351014,0.418396537703331,0.451313348877088,0.493363790192677,0.542352084861112,0.596432808690849,0.655769310354644,0.719442728188423,0.789105631774959,0.868953059652988,0.961648025426796,1.07183107942063,1.19568104403558,1.33232911140987,1.47256491012426,1.60823748017857,1.73078365168492,1.83623554240019,1.9197930230411,1.98121778338996,2.023,2.04683978718773,2.05180091216876,2.03789340664875,2.0032184087526,1.94525559065918,1.86597813915557,1.76617617421993,1.6511810493301,1.52418495635821,1.3950240647955,1.26777005301825,1.14831150238443,1.04255522666048,0.95360231255508,0.883614422734223,0.832626467718659,0.800922085471193,0.788293469281295,0.793186686472182,0.813318076832208,0.841987966783912,0.8733869673767,0.897624034878775,0.908361674639883,0.895614294599883,0.856520035273177,0.790414680034621,0.702171690466494,0.599823000611744,0.493250658985494,0.390296719534586,0.298061015599373,0.221687153693982,0.160954322743883,0.115590056233358,0.0832780094050976,0.0628363450261993,0.0488467566970393,0.0383310295882519,0.029839515885418,0.0236744790072396,0.0176419005014389,0.0145905868187469,0.0134193942601079,0.0129688857420688,0.0129818628110659,0.0142260507853073,0.0149932284029443,0.0156108228193111,0.0160049518232443,0.0159623576792032,0.0134576896590173,0.0110325923781412,0.00917752381897621,0.00898863611681686,0.00899343810301983,0.00904536223579176,0.00859161885319236,0.00654615523951566
2010-01-01,"E8",0.0625,0.5,30,1,0.284931788917872,0.285065231584624,0.284,0.281380148957981,0.277889616271154,0.277141201317442,0.282926250767279,0.294992323578446,0.309149947888807,0.320513322232191,0.32715370949153,0.330871750159961,0.334754705135518,0.342559306966214,0.35175061132497,0.360900928493523,0.366049189334833,0.367258914789187,0.371101302275803,0.382898678368615,0.406281400606454,0.441565751365511,0.483509039611968,0.526335579288505,0.571427006789233,0.621911026798079,0.681174533201504,0.754316870734308,0.845030635472486,0.949563298190685,1.06386824278416,1.18374099267376,1.3055269467881,1.42482124284737,1.54031741306995,1.64746325410915,1.74631801341703,1.83077292030159,1.89494130999538,1.936,1.95186090266621,1.9412968755725,1.90568558988758,1.84769275429918,1.76894678889397,1.67536864048595,1.57179288467984,1.46343416081357,1.35147686591274,1.24211911224749,1.14010368786728,1.04661330486274,0.969851237454464,0.912625612044033,0.878847672021938,0.865710264600641,0.87397533038906,0.898975998331539,0.939114027895864,0.989145111985543,1.0440050333222,1.09501006939054,1.13440049384699,1.15211801211667,1.14206566255026,1.1004110957108,1.02677364756042,0.925386352759323,0.805586076139591,0.678677210616383,0.552958244601457,0.436542684309795,0.335857378445207,0.252540901638377,0.185517280633297,0.135129061530315,0.097679084118814,0.0709561105471593,0.0537049376159888,0.0423774004397129,0.0355605473936666,0.0306647641309989,0.0257236306714757,0.0213694776232318,0.0177245275272573,0.0150947704921041,0.0127350825927944,0.0119384119944044,0.012012837304285,0.0119986767206463,0.0120001748708231,0.0119926449498964,0.0120482147479399,0.0114835526033612,0.00915245931161622,0.00780899492729114,0.00550650168849372,0.00493814674031515,0.00505320612884011
2010-01-01,"E9",0.0625,0.25,30,1,0.344679393074602,0.348320234319098,0.343,0.331597120841726,0.318906694385472,0.308451032245913,0.303160059897778,0.304362581660356,0.313737300785889,0.326611073337658,0.339590634717222,0.348693784727623,0.355807852063363,0.362292629252313,0.37267807031706,0.38666517530251,0.403355943918182,0.421715808726064,0.439562056272009,0.456815988543934,0.477923136136561,0.502413355082272,0.532816385495383,0.568846495266092,0.610805979976835,0.659920663304691,0.719148286947611,0.790035666455261,0.874778728040007,0.974960535914781,1.08682159083412,1.20867546629743,1.33847502023812,1.47067663724529,1.59772805159816,1.71315119746869,1.813958482623,1.89159336572383,1.94369697224667,1.966,1.95725422558621,1.91838194855591,1.85353112182086,1.76917563893368,1.672999410791,1.56980335697281,1.46536436160517,1.36175874977926,1.25993424308828,1.16817452214447,1.09361259172335,1.04050304363308,1.01384691142624,1.01231299518482,1.03393032668158,1.07455499772635,1.13241956570898,1.20488747772063,1.28907141700963,1.38253701131723,1.47836803933424,1.56710549861142,1.63882607884664,1.68010693057313,1.68168574300457,1.63984165769402,1.55485025614328,1.43417447516092,1.28539962830688,1.12128296365733,0.950438905922774,0.783699427385849,0.630686666381368,0.497095257515026,0.383445017641586,0.29166157380728,0.21938100420755,0.166513755967644,0.125291164462605,0.0955097716350436,0.0740320330833312,0.0580308213360476,0.0466305952669563,0.0387334443297108,0.032308532719958,0.026222550189308,0.0213140469083506,0.0166793993644661,0.01377848801792,0.0113192501825321,0.00998259900096451,0.0101892990049451,0.0114857503193192,0.0126561431359249,0.0139464462588689,0.0140059850930623,0.0137603717217811,0.0124283640407097,0.0112403442461105
2010-01-01,"E10",0.0625,0.125,30,1,0.349243775304933,0.35681799152525,0.362,0.363897517309951,0.360303509244659,0.355884577896878,0.353946160995957,0.356212640873742,0.360359319131257,0.366141065942348,0.371005574136269,0.374841938892886,0.379676052493441,0.386765078091106,0.397145868137401,0.410605709405838,0.428419856896001,0.451767960966784,0.474170596195191,0.493277525053045,0.510487912762223,0.527638977449855,0.550027897798467,0.579926843910298,0.618174877793726,0.664968069665756,0.721594632301992,0.789299147376665,0.874356122616521,0.975694517223548,1.09102162418746,1.21638575330461,1.34737882184202,1.47657161365183,1.60001112388204,1.70806365018415,1.79765802897454,1.86104576152715,1.89355745123485,1.894,1.86449722279365,1.80832566133075,1.73369289440111,1.64352490324294,1.54601650667053,1.44446529897096,1.34508077099321,1.25142418170937,1.16900375201307,1.10177295523723,1.0541057371524,1.02618195093662,1.02090252799594,1.03785380038442,1.07745571035653,1.13766026926667,1.21772329947991,1.31274621054308,1.41986757910732,1.52945501254399,1.63326700901406,1.7204647644398,1.78110643582682,1.80912274703166,1.79837784598577,1.74610268646878,1.65457875775203,1.52898259230446,1.37629231678024,1.20801218760863,1.0311318187673,0.859059269583489,0.697630858913561,0.555454377303042,0.431269738036698,0.329210212249767,0.248296779058043,0.187043519608479,0.139478171570586,0.104230608550812,0.0774947176363016,0.0578268305767842,0.0441005433046288,0.0365995104275389,0.0327026914358165,0.0300981451899038,0.0277801483407048,0.0264276799011329,0.023148619220268,0.0203866875569872,0.0168748052620731,0.0135653061390787,0.0128869494552272,0.0136312403416226,0.0149139475624958,0.0161749765185554,0.0166348810192729,0.0134308113191859,0.0090334703229299
2010-01-01,"E11",0.0625,0.0625,30,1,0.299963516597105,0.296559561909749,0.295,0.295154163548396,0.296467211108226,0.297585425248555,0.299644864517972,0.304493716891736,0.315275522235887,0.329959900983234,0.341184904259044,0.346932566299796,0.345665230602509,0.343414603052628,0.343675234903246,0.350336648467458,0.363269610668052,0.376940313186407,0.390694114859434,0.403918272416491,0.419449009868068,0.438892367581341,0.461370464412877,0.486706140565524,0.514843820556445,0.548259634314934,0.589047092633484,0.638352072920241,0.696986702867662,0.764656252287646,0.83884787999032,0.919256457749091,1.00392072350645,1.08559790856104,1.15722615629836,1.21104464668579,1.24577381087043,1.25799350766603,1.24749222115546,1.213,1.16206130333941,1.10341887701966,1.04535951505071,0.995953492746431,0.953197506852367,0.916230949011226,0.883031769596154,0.855747608312806,0.838414022780034,0.837018653551817,0.856013689804854,0.893561999992839,0.950013100522743,1.02236519616084,1.10834666756496,1.20891014503829,1.32003972856137,1.43729363418503,1.55552480744485,1.66864646938773,1.76901007389377,1.84736738790645,1.89929700914221,1.91638683673406,1.89675784739759,1.83758934398831,1.74363840610674,1.61810188087878,1.47084503716472,1.310293030568,1.14235261698176,0.975777472922822,0.819003416225508,0.677194918795159,0.551487546460393,0.443653865848203,0.353173947569442,0.277356217973601,0.215186079472403,0.165793048336232,0.12754361997733,0.0992254871368703,0.0772489127803751,0.0619342157554926,0.0502558046503273,0.0403711848850312,0.0319373715263538,0.0245990117026435,0.0183415096711474,0.0152257824652206,0.0150451526611059,0.0175783890769244,0.0195652297654491,0.0202212290688744,0.0181977457682121,0.0156013494702049,0.0108949258085775,0.0073353202174628,0.00430471579132822
2010-01-01,"E12",0.0625,0.03125,30,1,0.257913357843915,0.254635404776147,0.261,0.272075611147888,0.282145242820641,0.286199220892167,0.283541039235581,0.278741936014658,0.276698297432453,0.278689139828681,0.284644478038815,0.290769607256473,0.295444345954888,0.297391134681484,0.298969299311542,0.303156223677674,0.310195582784203,0.322794783684251,0.338057800103608,0.353141388505038,0.367710397096054,0.381145247145012,0.393039026050688,0.403863914294402,0.414795480467459,0.426712706513121,0.444083703670748,0.468233026062289,0.502425503413944,0.547385284220058,0.600788440504733,0.659460708459045,0.72191400601573,0.783809200198283,0.838171531914351,0.878850872451818,0.904187388648001,0.908742519645223,0.895309300144835,0.865,0.825279357428079,0.781554391588129,0.743402385526194,0.714563796403649,0.696100724545288,0.689134106400636,0.690501938386249,0.698492667993557,0.712295129735506,0.734841306571802,0.768537447929141,0.814028059828462,0.87288760815041,0.947465842540995,1.03708303924136,1.14130957213774,1.25572508586884,1.37241195433728,1.49059045175474,1.60530325345097,1.71132086024977,1.80143006073759,1.86990540047351,1.90914921240897,1.91482119730228,1.88627233133438,1.8260031661047,1.73800078278687,1.62672385910238,1.4966941246738,1.35135106877174,1.19738013594229,1.04144488322366,0.889323404640104,0.743982295693723,0.611917971663862,0.495935501141937,0.39857201153183,0.316359381622845,0.24953890211916,0.194384165512706,0.150227185134832,0.114845587911663,0.0869629863937827,0.0657468264990615,0.0514746302220222,0.0406722247629319,0.0325872949956711,0.0258926907992548,0.0206598311792608,0.0169126308182756,0.0145252759903914,0.0119699311004906,0.0103678412683106,0.00817483683344992,0.00690652289145099,0.00555711115234208,0.00537029644860207,0.00689540499713168
2010-01-01,"E13",0.0625,0.015625,30,1,0.274427816280678,0.271875105646528,0.266,0.260140135050293,0.257454735574446,0.26083200092131,0.268975991200461,0.278639671097607,0.286948559657321,0.29278022422795,0.295690566443986,0.295090938337043,0.292678239545966,0.290273461365207,0.28766166192667,0.286864341255268,0.289090828891476,0.297191184087223,0.309926032407418,0.324744211748332,0.339700332477649,0.35429476257945,0.369312266957642,0.384154734752332,0.397221583739168,0.411697551365087,0.427748686122862,0.449070035006821,0.479720182599569,0.519212644958208,0.566448447872443,0.616028632672583,0.665414488767765,0.710279379589672,0.747134204628303,0.772080925590877,0.782178162429586,0.776921739245431,0.758564214885645,0.73,0.698564608968167,0.669734199707936,0.6479793874364,0.63750512546257,0.638448540219899,0.649333268007393,0.665394838603232,0.685865640163076,0.711767169874043,0.747430357519252,0.792622228728101,0.850442134210986,0.921188248419988,1.00469226631248,1.10128824738142,1.20932677979448,1.32620285889503,1.44351221822877,1.55921274012316,1.6667962698554,1.75966441458232,1.83087764040771,1.87541075257533,1.88895747008019,1.87003376367777,1.82079128902618,1.74551061429493,1.64764002937818,1.53215719979219,1.40234314864818,1.26102014043827,1.11302409975996,0.963350557210188,0.819779077858664,0.683472718802412,0.561317921863136,0.454012214711926,0.363902110336168,0.288664636118557,0.227727878868488,0.179592059585771,0.141546773965494,0.109698804174264,0.0856860918092258,0.0666530282460772,0.0524758204523887,0.041639716966234,0.0339505635577044,0.0279844775139514,0.0226290896608997,0.0188890476807437,0.0153820766039059,0.0133852396850706,0.0130364236919077,0.0121203631064411,0.0109122906480313,0.00931758247108965,0.00779863509512105,0.0081357588395362
2010-01-01,"E14",0.0625,0.0078125,30,1,0.244757388061323,0.246378164234216,0.251,0.258906735022412,0.271773779362542,0.284810334821093,0.292724722476702,0.290520198068742,0.28002556498751,0.265652925908858,0.253655984141128,0.249021204848749,0.251597329888262,0.258842513135863,0.268470621224107,0.275116230645897,0.281106987641745,0.286086487648019,0.292693782472019,0.300529067961478,0.310930675520949,0.323078940044046,0.335628735014179,0.348355070382097,0.361954320525366,0.377647739925758,0.3989105964941,0.426667255216133,0.459255874754946,0.49359159113918,0.526544880724788,0.554984837385881,0.581513574382417,0.604972148834602,0.624933826406693,0.639139252484362,0.644918900091003,0.64325350612797,0.635049186428274,0.622,0.607238991382341,0.593954492967748,0.586813394747124,0.587376580833794,0.596965694491416,0.615346088317284,0.640389161322464,0.671453783726589,0.70742153149958,0.75026226779022,0.799483763072044,0.859723787118584,0.931955732680221,1.01775105645725,1.11552616495465,1.22454528767227,1.34002341764151,1.45381727947206,1.56572233651837,1.66757818839356,1.75732833523572,1.82840836233894,1.87630744931909,1.8975482949576,1.88998097852288,1.85437503549683,1.79193875488224,1.70615695068258,1.59895961880339,1.4751490740178,1.33595561656515,1.18710982406395,1.03615050388495,0.889746478579046,0.749911145336631,0.622414428884055,0.508948502450454,0.411393973106311,0.327860954198076,0.260378466631591,0.206285834976755,0.162207237556613,0.126978936066148,0.097936135340086,0.0751190426703504,0.0576202874619459,0.0444442931035721,0.035468466496455,0.0293382993975597,0.0263133133897719,0.0239195177415575,0.0216740247481211,0.020537126301292,0.0194035563168384,0.0171969103917372,0.0146702913663658,0.0112466998739625,0.00887836241919837,0.00707517693398731
2010-01-01,"E15",0.0625,0.00390625,30,1,0.252037624276522,0.257096963380754,0.262,0.264559929887014,0.268255590253452,0.272551922782993,0.276738168732671,0.276819493562753,0.271156362338288,0.262059662056436,0.251293494295201,0.242329752226097,0.233995226531377,0.22667868793658,0.220216413216651,0.218650791513826,0.224186446579724,0.237067984848142,0.252665720982199,0.267212382008773,0.279988272732624,0.291026962510273,0.303598022517371,0.316677525484981,0.327115778544539,0.336800920472906,0.346459214576814,0.357066325835083,0.37183388234065,0.389595650902125,0.407947233201608,0.427074581992806,0.445619339942752,0.466009244086234,0.485935897557477,0.501613901832055,0.513779487044224,0.518060553677905,0.516594489275276,0.513,0.510755720598275,0.512278335447948,0.519581113741768,0.534829255094364,0.556663245833479,0.583244226902189,0.615139628633067,0.651387654019984,0.692250226997405,0.738804017268988,0.791064829852713,0.851916482194479,0.922400699282069,1.00570566704105,1.1021133841742,1.20872084532481,1.32081081455354,1.43300153787133,1.54148940906707,1.64233212878916,1.73064098429372,1.80195052398608,1.85321945557132,1.87942035891633,1.87852239158316,1.84937466405977,1.79486045498105,1.71658229812794,1.61916882916915,1.50553357324906,1.37660465499237,1.23763340926176,1.09151085373183,0.947153727990182,0.804763119600231,0.673038633966158,0.554897201030648,0.452565319712099,0.363743069304189,0.290081674747712,0.229911582422279,0.180918324727227,0.142190676421275,0.111849156976828,0.0885589479964713,0.0686939215467589,0.0541863661285078,0.0426392500490194,0.0342820113035941,0.027761716754409,0.0238933823357237,0.0204034129861093,0.0181075773841597,0.0156005841891807,0.0132481810763212,0.00970007247764821,0.00732835511978767,0.00530259639934809,0.00492036710273156
2010-01-01,"E16",0.0625,0.001953125,30,1,0.254526465082371,0.265532476263005,0.271,0.269464213791398,0.265071784459917,0.258079111725361,0.251632523376933,0.24680039423484,0.245956680044891,0.246154690440116,0.244666073541868,0.241191780457111,0.235171497893765,0.229272910276265,0.225955951835939,0.228126464639802,0.236196967595955,0.24760264009316,0.260722510789422,0.272898371979503,0.283141974225714,0.292814473911305,0.301341008259878,0.309330734812823,0.31653446222278,0.323846200510957,0.33254749657646,0.344424793914257,0.361069190522665,0.381123348262314,0.404110619048298,0.424152789352532,0.441784851137741,0.454567357421939,0.464498538174743,0.470482637755955,0.473760538585217,0.476165290359258,0.47847126108146,0.483,0.491853177301613,0.506145778880845,0.525775558769916,0.549187451375733,0.574749337824732,0.599020867636094,0.624053053769619,0.652969810718173,0.687434906564228,0.731782819623287,0.786017644833117,0.851256830020062,0.926695623251855,1.01376272979848,1.11161203150057,1.21964363829277,1.33385743561462,1.44788476066398,1.55865803609777,1.65846616907815,1.74335463935037,1.80708014682279,1.8484186479352,1.86350489622481,1.85049233155453,1.81213314437157,1.7471545403305,1.66119886269956,1.55540419529648,1.43449536970925,1.29965051183965,1.15675554383108,1.01059330336503,0.86812185290345,0.732704995468518,0.608841631113692,0.497968379882955,0.403058137168585,0.322488231109601,0.256001834341234,0.203159231564706,0.160302926754214,0.126136727190401,0.0996043627486802,0.0782571436031024,0.06063814242726,0.0462899093302896,0.0356991659043036,0.0277790388684982,0.0226102278478353,0.0199531926844723,0.0188150019838895,0.0170570263761788,0.015333436619362,0.0132123879400607,0.0107430870104727,0.00859670791460327,0.00742185490341579,0.00684546791792336
2010-01-01,"E17",0.0625,0.0009765625,30,1,0.256627782917569,0.255820706133087,0.258,0.263380766016619,0.271823263039833,0.277976660619482,0.279157145382501,0.276734238969502,0.271663529496782,0.268160321364919,0.268459879231935,0.272764197997431,0.278769135237325,0.282563338814236,0.279862912617569,0.274019013683881,0.266881234785785,0.26378745026907,0.267617756772856,0.278910546881642,0.296333344635301,0.313475574188356,0.326572237453061,0.331983087502231,0.33313439607505,0.332980434169817,0.335672655058532,0.340617646773094,0.345581784979956,0.349512192006176,0.354297046842982,0.362077980654677,0.374619098789597,0.389714036706469,0.401443715947843,0.408507061683346,0.412215310719098,0.418026477904119,0.429108936442467,0.449,0.477513309143037,0.510128471902899,0.544804457629376,0.580145640516138,0.614343074986132,0.647004814161991,0.678506363351113,0.70981310834837,0.745382266063605,0.790969095994928,0.848754251063468,0.923822830273358,1.01411558951591,1.11931058630474,1.23346419546763,1.35467494448439,1.47757711907144,1.59654357821489,1.70990010616947,1.81374684377848,1.90349066331899,1.97281170729923,2.02030791603366,2.04022367860923,2.03258622825795,1.99959557734708,1.94041919734904,1.8583110263136,1.75333555510961,1.63027757691259,1.49033469708849,1.33931547628276,1.18339550081968,1.02922810715847,0.877848728844017,0.735983464394712,0.606788707619378,0.493653619384707,0.396088279933976,0.314324884759114,0.248315322805497,0.195652744904865,0.153450520910933,0.121244670261733,0.0973130780667696,0.0796355353164512,0.0652697583426017,0.0548701600028311,0.0455355849691932,0.0395710110182447,0.035877649964169,0.0326931581126033,0.0307037621516672,0.0277049224214456,0.0234350660792314,0.0185761614115934,0.0152986600125452,0.0128168757478939,0.0117010762463378
2010-01-01,"E18",0.0625,0.00048828125,30,1,0.277926713874722,0.262164941631223,0.246,0.235725735362362,0.235406709520065,0.248516027784814,0.267849959486424,0.28610272964473,0.2964098029092,0.295195583904735,0.285046653648442,0.270548077146387,0.260055767362516,0.256454218743058,0.255451901165933,0.253592462218178,0.246805466649891,0.235724509469565,0.225303700251225,0.220071024205577,0.2224117510622,0.232084844647249,0.246178099605806,0.262016332232729,0.278454253655682,0.296632991433593,0.314963216605988,0.332287331203416,0.344407778424434,0.3513433000543,0.355094987632882,0.356442854475993,0.35887863584584,0.362614809469942,0.369466974720848,0.380362745658518,0.394413708138484,0.4109144982756,0.428725914488609,0.447,0.466617225058671,0.488105169150048,0.512406107711957,0.539842984690045,0.56912750097975,0.601380331941761,0.636137968975817,0.675510703811399,0.72012649469966,0.76909636097108,0.824140082061601,0.888614824007014,0.964258974759716,1.05592866363864,1.16013964514946,1.27713938736205,1.39781790258691,1.51558850070198,1.62876500008512,1.73030615663325,1.81884152078561,1.88793831362637,1.93335343872194,1.95208274341486,1.94288910096345,1.90705135766591,1.8482302147039,1.76745903235918,1.66770990753434,1.55072435750737,1.416829727388,1.27201153834473,1.11978173274871,0.969519539741321,0.823592706091648,0.688662148115234,0.567881916217303,0.464311312983312,0.374735113555547,0.300466965412802,0.23910649277207,0.187793488281812,0.147766854320851,0.114190893929974,0.08862026485958,0.0687173497590568,0.0530688140873707,0.0420571038603318,0.0342534572638044,0.0286012023736768,0.0248838117764277,0.0215321949847142,0.021039030320421,0.020381309791961,0.0190860830792905,0.017829560277154,0.0150321302922836,0.0117453908350783,0.0101552581995665
2010-01-01,"E19",0.0625,0.000244140625,30,1,0.215359005350699,0.215659681035376,0.218,0.221554907005985,0.223565065673174,0.224043572785977,0.224006018897305,0.224036329633349,0.225495776063167,0.2283515644424,0.233045248465175,0.235921772634824,0.236836811505455,0.234315132060292,0.230718062670871,0.226375805112914,0.224984158912532,0.225474180437004,0.22983781866589,0.234705104662247,0.23955153498709,0.244394660075955,0.247674425427951,0.250492427338181,0.254856019815974,0.261840118393321,0.270546805960691,0.279630220367667,0.286278855104054,0.290647614184291,0.293152446487367,0.296782395750871,0.300847058751054,0.30626866989306,0.315366782993801,0.326305019759954,0.340774573687902,0.361658679218742,0.385501457749109,0.412,0.438836228356927,0.465440681374236,0.489874050999748,0.516003486577049,0.542898089439725,0.57142901320491,0.602700138728202,0.637522308613959,0.679155648781976,0.72957653519319,0.790227276097842,0.8627381410733,0.94648835055092,1.03990812189607,1.14089552381972,1.2476801315822,1.3555277002038,1.45723453680362,1.55090485636987,1.62970699235866,1.6913833843276,1.73170917275333,1.74889609626302,1.74233916957192,1.71219119878658,1.66091858958514,1.58966557430134,1.5001075975713,1.3946775285344,1.27808750072685,1.15144648360195,1.01906349793506,0.885276473551574,0.75683363773015,0.633498679311358,0.520948599048856,0.422093202113256,0.339084339435055,0.269446177898963,0.213544402124405,0.168310931375138,0.133796794981717,0.105956684219739,0.0857604085709359,0.0700549010925189,0.0564655517879565,0.046630747710431,0.0374478375647182,0.0308948579386274,0.0257367185701641,0.0208889920475951,0.0186062204404467,0.0155114458175877,0.0132744242528224,0.0112278828612256,0.00882137960795839,0.00788419375459544,0.00847458064184149,0.00982616450372657
2010-01-01,"E20",0.0625,0.0001220703125,30,1,0.239503299429014,0.240832165217235,0.241,0.238178912289347,0.233690564830548,0.229329549585347,0.226868865753251,0.230342753117263,0.237096424364175,0.247285283910163,0.255583703638586,0.26086475113082,0.261813590884808,0.25667736086647,0.247259599750678,0.237379372212748,0.229899185232196,0.228230459299822,0.234283160799029,0.245540611456752,0.258903824030671,0.268791255348754,0.274762868603788,0.275071129093085,0.274264461388213,0.273965385198753,0.277832530455732,0.284459351371975,0.290765538503011,0.293803980145935,0.2939178228867,0.291535113960159,0.291448066703915,0.297449188242382,0.310108533538134,0.32721836456552,0.34953363403761,0.370660809583287,0.392767588007356,0.417,0.445349344414916,0.476448501837405,0.50737357102568,0.536880259428899,0.563819577221076,0.589254457675828,0.616344140702536,0.650338021818843,0.694011201292907,0.749458842821803,0.817864185081878,0.898488666638773,0.988592202508622,1.08808956990455,1.19514800684868,1.31066250829078,1.42957299203362,1.54326959959665,1.64567328156874,1.73249028780363,1.80052154385131,1.84886630424456,1.87665646853889,1.88222158216637,1.86235066190922,1.81828806934446,1.75131515759631,1.66309051230187,1.55632428891198,1.43581040257026,1.30313425319553,1.16165645815881,1.01783150364107,0.876235957919971,0.74018290249331,0.61506649968923,0.502964509943005,0.407883269633231,0.326446910805075,0.259431129528162,0.205261437498643,0.161137719858944,0.125013125699151,0.0981429394003494,0.0761175498595727,0.0595791749908113,0.0463511437000362,0.0356595032179542,0.0278674814228864,0.0218258074942181,0.0179213757859689,0.0154464107770164,0.013532131311828,0.011696317461122,0.0092017272691654,0.00683281006723886,0.00565089406789185,0.00485309266491196,0.00568801140477695
2010-01-01,"E21",0.0625,6.103515625e-05,30,1,0.257461216245324,0.256760718437695,0.26,0.264872682357996,0.266947078695951,0.264474951789102,0.256985966201252,0.24957743575717,0.24537643982764,0.245693426001746,0.249824039861014,0.254849797609927,0.257235383250271,0.257794239345187,0.256305852175912,0.255910626853862,0.257026670197993,0.258237669866483,0.259480713334895,0.260610975193026,0.262720170276383,0.266348860241697,0.272108100815848,0.280679511099681,0.290723778885823,0.301774874882401,0.312440180642366,0.318562914452022,0.32026791614916,0.318503076290412,0.313815831447305,0.313435229097741,0.318820981887802,0.331076744719687,0.348823064434941,0.369258591338094,0.390361955550265,0.411710786626116,0.433724034894922,0.458,0.483854137245154,0.512798790642447,0.54389794185418,0.575447876850857,0.608290477824769,0.641637876404053,0.677675843640424,0.718211686475623,0.764968297719942,0.820242165696913,0.885928383840842,0.965652340222539,1.05974850148344,1.16529629889897,1.27946355188858,1.39775588927544,1.51307625065138,1.61999118797309,1.71388571543959,1.79232613930083,1.85059631948401,1.88887592812573,1.90491551383945,1.89854992022291,1.86898055470199,1.81591506645308,1.73962710469742,1.64162172902229,1.52471290306312,1.39188105544864,1.24750171332829,1.09803273852904,0.949597972646599,0.808671338612204,0.67688400745316,0.557965472367946,0.45303293954111,0.3639500214343,0.288650954487988,0.227725063475363,0.179604918964648,0.141592048244128,0.111078022797818,0.0877560638480451,0.0686469965179122,0.0544707128876038,0.0435384998664028,0.0344734586025224,0.0279318134276388,0.0226116700919514,0.0188616704256671,0.0143787849987227,0.0115885453641761,0.00920666054145176,0.00806747534211264,0.00802202155266462,0.00792108121603855,0.00856165230288629,0.00858793288315364
2010-01-01,"E22",0.0625,3.0517578125e-05,30,1,0.228706354076931,0.222043647132519,0.217,0.217419437688293,0.222324278874357,0.230478755771113,0.239109785312281,0.246481526358764,0.251940835981414,0.256094284296272,0.259576862264478,0.261032508633716,0.257309922760045,0.250566937086687,0.24124699874579,0.232029424190703,0.22797117511956,0.228355709034353,0.234231347510228,0.245614655207439,0.258770191193179,0.272167145624948,0.283859715376398,0.29258140470204,0.297502819007649,0.29899122347993,0.298964969335741,0.299251730557244,0.301207918516919,0.30365762110924,0.307251416175505,0.313459760596552,0.321821783644594,0.331423529497742,0.344183894326974,0.357623844571447,0.373602788238623,0.389881769453698,0.407698799352576,0.427,0.450291513326335,0.475540299225317,0.502254732067728,0.529876472252495,0.557935695715379,0.586430472132006,0.617558046636582,0.653836270521301,0.698983763708098,0.754275131189714,0.819664103828273,0.897663926570974,0.987571946589726,1.08708064610768,1.19252665004993,1.30134838614977,1.40891149846487,1.50940084907873,1.6007825477723,1.68002531103589,1.74282365744735,1.78530881026042,1.80291989369685,1.79362548834725,1.75616053184019,1.69390970787046,1.60863504546832,1.50442566391154,1.38737651901122,1.26097863468499,1.12680687409743,0.988359519638281,0.850717013731921,0.718187059149792,0.594225228358037,0.484267065123657,0.389142825347216,0.312009756652293,0.24770391051692,0.196507391184747,0.155914125226091,0.12288728428786,0.0956232055159777,0.0725896412756249,0.0551866314668894,0.0414797802545675,0.0319828642519181,0.0263694897971499,0.0220893344102206,0.0192772471332439,0.0179664704301398,0.0167578840838633,0.0154367468400973,0.0150550965275818,0.0140678859326117,0.0139650958847179,0.0123957421864691,0.00988859959197436,0.00746864446262607
2010-01-01,"E23",NA,NA,30,1,0.125506867254117,0.12682589145914,0.127,0.124350038721003,0.120976441599952,0.119250478821736,0.118933575932873,0.120104870670164,0.121080278158131,0.120815209759518,0.117099207168447,0.113157969936275,0.108400304800162,0.105430435485374,0.104901445565119,0.105722869057731,0.108046282270863,0.110703784058539,0.113962281471286,0.116939988138318,0.120690476631929,0.124407510012416,0.129150466075214,0.132138976756273,0.13448857908734,0.136960074325558,0.139745457087276,0.146270771589977,0.154784839145809,0.165515000055811,0.17764418187744,0.190950728030303,0.204387360054754,0.21769384103639,0.232119068581533,0.246616989494202,0.260988993741892,0.274052959509638,0.283067603765963,0.286,0.282971290847364,0.27466162642543,0.264124800394375,0.254001426915385,0.246696514127491,0.244545227335504,0.244753494813313,0.248059982274583,0.253707541828091,0.262399640973029,0.273669937891278,0.286452774846789,0.300726342065347,0.316490112288253,0.333557799567363,0.352245270361445,0.37270461314372,0.391499293884091,0.406061075746821,0.412794258989415,0.40903834271149,0.394458547688398,0.366680005877175,0.328345681519145,0.282711390916215,0.233264399022728,0.184889771778252,0.143042111674658,0.107861300755451,0.0831481854236646,0.0653860259556554,0.0535449153402016,0.0463399597470193,0.0416216133361774,0.0367055715968147,0.031809694186202,0.0269443424640092,0.0209958897799569,0.016654655819509,0.0129106450419797,0.0109850736217934,0.0121041228018965,0.0132244129114131,0.0150906521020235,0.0162680869933818,0.0141020136028219,0.0115681258133543,0.00769765224028509,0.00521447628498355,0.00491939712726708,0.00603960804550974,0.00728098822096672,0.00815355642457025,0.00737262474667034,0.00606549257742079,0.00609069239105753,0.00727297949679315,0.00910466283348868,0.0103584059941211
2010-01-01,"E24",NA,NA,30,1,0.118511907583609,0.11714109436926,0.117,0.116983822210524,0.117085293288903,0.116367079483388,0.115234916359557,0.111729305112467,0.108085017821663,0.104909674626159,0.102490119276819,0.101020490383566,0.101036357046505,0.10070809321582,0.0993580960100006,0.0982622991216604,0.0959594963967127,0.0948753375420163,0.0957191057124382,0.0989368048721528,0.103490984709301,0.109505574294212,0.114100273563942,0.117157456601784,0.119464703750407,0.122901454058689,0.129058855023668,0.13705233168742,0.147022109957033,0.156693852595461,0.166414569789705,0.17361810481002,0.180456809731602,0.187169998304288,0.194577158817977,0.201890942432782,0.210421198081055,0.21960410444955,0.228517600779372,0.237,0.243990970136948,0.248786497984432,0.253049567395238,0.25652012763909,0.261289163252868,0.265102638059061,0.270160397300526,0.274312273050637,0.276907881568246,0.27934448094813,0.281728029740939,0.284528782086858,0.290656928772488,0.301374265387632,0.316610399078693,0.33676567667529,0.358371745380114,0.378406044054095,0.394249433027986,0.403274026569281,0.400152201416254,0.384790317375354,0.354742971955267,0.312738875748375,0.263601530204565,0.213690203029237,0.166809868091795,0.125038672687182,0.0897953152541281,0.0626412209565168,0.0426541962213387,0.0286843912524006,0.0202909070792948,0.0158196445145522,0.0131149329273661,0.0137693764052176,0.0150209388870469,0.0171579745922625,0.0169800543243125,0.0165913890099505,0.0133919748858732,0.0108781175831937,0.00994302966293397,0.00994967133009833,0.0106417610016712,0.0119994901269658,0.0108251854168855,0.0093169867575988,0.00683356205659724,0.00423362856144736,0.00400371708379147,0.00417882491369734,0.0053894411335011,0.00739906039728345,0.00890625728335878,0.0100240511078927,0.01033704616242,0.0106084517903812,0.0097152898130845
2010-01-01,"F1",0.03125,0,30,1,0.247383798444456,0.254095996640673,0.257,0.254067931808938,0.247666602493436,0.242822298332828,0.241016591981395,0.242169081092701,0.244266631089599,0.246458252215657,0.249460709819267,0.252840893444807,0.256404586630635,0.258278718935088,0.256908473634289,0.254352323321405,0.25195178376764,0.249487371026138,0.247342394352001,0.24742083287023,0.250616330035036,0.255535750746041,0.261287764365436,0.263645541764793,0.264751214343358,0.265969507750659,0.268624187376801,0.273954467820365,0.280154674905514,0.285520519706813,0.288135230616416,0.291961355272534,0.297584993303472,0.307088611870528,0.320164838170359,0.334707113557471,0.350409684869914,0.364361645976378,0.377616890459448,0.391,0.405825723850377,0.424425823560088,0.44847729464513,0.474961340913769,0.502906138978622,0.5299543795635,0.557747398005805,0.587684712713202,0.622514223787526,0.663299903944552,0.715731027719992,0.782709983903349,0.863725245997966,0.956925416643729,1.05762326275391,1.16403263477146,1.27294643355585,1.3795633981649,1.48323128292915,1.58125526431728,1.66761350223779,1.73734204246077,1.78917172173549,1.81785782421955,1.8216494317068,1.80130334098844,1.75659682128069,1.68806857378153,1.60044941195836,1.4959394354259,1.37620451532934,1.24704737176836,1.11063608247485,0.974001402262559,0.837893957298026,0.70909962073649,0.589879230002183,0.484965713365551,0.392408470182292,0.31510575523643,0.251309750605947,0.198660968678175,0.156287919541387,0.122208397649157,0.0959863246921882,0.0747148078738192,0.0601893439936986,0.048727732804209,0.0396220876847069,0.0328537506343891,0.026810266969861,0.0208792933158998,0.0164764901175816,0.0135987160927685,0.0111820842360127,0.0100555605451165,0.0111210206850524,0.0109691434139888,0.0110116604964324
2010-01-01,"F2",0.03125,0,30,1,0.253069012344289,0.242661826233521,0.235,0.235504310634037,0.239851065823013,0.24758246723328,0.254410904628285,0.25925935345378,0.261204877508313,0.260178776783812,0.256841696809113,0.253133709249344,0.25088982349617,0.251184544018669,0.253762053436728,0.256650682180094,0.259027193808196,0.258806230456545,0.257414925119838,0.25740707822839,0.260618285333422,0.265540592972777,0.271230485207937,0.273964122222765,0.271948090998166,0.267101756225656,0.262390829471816,0.26111955378731,0.26350908434097,0.270616160633343,0.282616061769449,0.294726766601475,0.30622305016981,0.314325803209374,0.321542210143831,0.330080204260069,0.34162899608596,0.356596811089747,0.376265332532965,0.397,0.420063293441523,0.441868864575539,0.463793645554809,0.484744367318742,0.505488527353373,0.527736956439526,0.551052493057408,0.578076127366767,0.612457078052429,0.655674596919851,0.710324943868312,0.776945789846723,0.852738681332767,0.938666341268156,1.0315713666702,1.13489270391119,1.24344476558454,1.35222101011348,1.46052884625931,1.56136559835998,1.65276479119234,1.72815803708685,1.78508093272088,1.81874279767485,1.82630172175901,1.80694925420334,1.76326256411561,1.69932679893048,1.61673467724287,1.51841845348508,1.40430676966274,1.27703005033166,1.14056578948656,1.0023687519818,0.863679838022523,0.733179082717113,0.613871906432542,0.507934936294046,0.41480687952988,0.334118395805601,0.266775442282253,0.209364968235753,0.163294134659606,0.126543160460601,0.0991989407473902,0.0777053933675704,0.0631590839052176,0.0520111290260102,0.0443215303698291,0.0378810410970753,0.0318105865286288,0.0259038309739821,0.0212089801516025,0.0161157192478985,0.0131318071010669,0.0119322166337978,0.0123279512123935,0.0130558243044321,0.0135517360854072
2010-01-01,"F3",0.03125,0,30,1,0.307744017627511,0.312620453890326,0.313,0.310075811603851,0.303869963500701,0.297083215736003,0.291360094884099,0.290043774219087,0.293264125927233,0.299644964493242,0.305133692533297,0.307042302228887,0.303198939583222,0.295414506788568,0.286685943099337,0.279724046655139,0.277006308880145,0.279767352510585,0.286021811004923,0.294794950416723,0.302454654339753,0.306114905088376,0.305741484127732,0.304236940960385,0.30526021141458,0.310815043881481,0.323150285383174,0.336243372238089,0.346768188890428,0.35187754506828,0.349794607568657,0.344667544459056,0.339128483449288,0.338217091383364,0.34438914941185,0.357780128975197,0.374869651661375,0.393064281563659,0.412460295191147,0.434,0.461373129071552,0.49455895055535,0.529996537165661,0.563565028009393,0.591746263986722,0.61449471259613,0.636594384892877,0.661670792622588,0.693543079272264,0.734157205681595,0.783416048327182,0.844687432196758,0.920400546761367,1.00986753923127,1.11287001113005,1.22926410068438,1.35316498655968,1.47881438659473,1.60067242724545,1.71308796701082,1.81111345292058,1.89122148925301,1.95202467695921,1.9864936219898,1.99165617119019,1.96759198247838,1.91466224613381,1.83868042819188,1.74242413766629,1.62998207011183,1.5024892826604,1.36270526410155,1.2151275870326,1.06543925386859,0.91651871598297,0.7758827418383,0.645768103259566,0.530112856488317,0.428281386194414,0.342458606451487,0.27098671891705,0.213361908025669,0.167776786637981,0.133181816021144,0.106947522901157,0.0857616000392069,0.0688540430564082,0.0545525894043643,0.0427971184028049,0.0358142807558015,0.0308926067518657,0.0285804806934259,0.0256564416346183,0.0220463247123481,0.0173605352357347,0.013620202516327,0.0104553600468079,0.00990294788046531,0.0106691714539514
2010-01-01,"F4",0,0.03125,30,1,0.228911851330029,0.224522367127463,0.223,0.22713953603328,0.234983285721101,0.243591575268479,0.251258939138398,0.257385616376864,0.261845101544502,0.262998211464298,0.263820285267762,0.263070606505858,0.261941693511575,0.262171424478805,0.264944062081013,0.273205895493411,0.288383891266169,0.310860262216845,0.337872955195222,0.367831390058777,0.39826821512631,0.427471504886801,0.454487879040952,0.48240046787378,0.511563036960452,0.546244257549098,0.588592538363094,0.643343416209866,0.712429059978228,0.79599176993539,0.89520322331071,1.00402453344125,1.12353893856369,1.2463984120746,1.36884244869639,1.4844854610526,1.5931885996777,1.68724897264866,1.76253433226281,1.819,1.85625852953008,1.87447193220754,1.87565065366453,1.86067400161986,1.82806909043903,1.77457156128246,1.70163114123559,1.60747510312527,1.49577942340919,1.36979390025659,1.23541508539995,1.09467560026971,0.953938798820444,0.815950209646436,0.685703612468448,0.565865409653983,0.458495134841479,0.366557934446822,0.288585815721403,0.225184424190994,0.175287199883997,0.136699602161719,0.106521450726498,0.0837585531680105,0.0670492530180256,0.0551571599007745,0.0459689547907478,0.0397424409580832,0.0348499566263945,0.0304865427334761,0.0267814272689416,0.0241763809067677,0.0206426927524796,0.018245981221646,0.0164496376863757,0.0144064388997318,0.0129955643891363,0.0130616529280701,0.0125486187656411,0.0120113301233172,0.0111566053838164,0.00990186432847518,0.00896425061593817,0.0085936710154485,0.00717206447234709,0.00699158757383595,0.00695868366311773,0.00739078952869828,0.00797027867634726,0.00885912222426917,0.00901319274910596,0.0102843365839671,0.0114393106467491,0.0127453493446171,0.0130558494647876,0.0118694820305418,0.0106764438851969,0.00944976308094138,0.00823225769265363
2010-01-01,"F5",0,0.03125,30,1,0.224037901467275,0.218824942739935,0.215,0.215420806710087,0.220089831981934,0.225808992960595,0.228821669741062,0.230088267335549,0.231162355098045,0.233707678057567,0.240137077031276,0.250501959367448,0.26376554982561,0.276995782415817,0.28786775278935,0.297610129962257,0.306178026670025,0.316026049954718,0.328416041590556,0.347655088379038,0.37337123383784,0.404999145647331,0.439552703180214,0.474368663410143,0.507369263498195,0.541301882573967,0.57837957008561,0.624711443643337,0.687618582258177,0.768995452748201,0.869335512529329,0.981931114512383,1.10442841773708,1.23112251982192,1.35854657026679,1.47891014955152,1.59157595895297,1.6899627031698,1.76968750779677,1.83,1.87093277984075,1.89272041936468,1.89818622185691,1.88815436644908,1.86045486359418,1.81319291608924,1.74565689667406,1.65720844116157,1.54967463850856,1.42617481654563,1.29364189916245,1.15213990728641,1.00948639124816,0.866824890204964,0.732709959234247,0.606109560294779,0.491408995375111,0.39216205259765,0.308028804688742,0.238804727554403,0.183966462951563,0.142025577934261,0.110541326469163,0.0864337948943548,0.06719680571029,0.0529047849259733,0.0412974853984129,0.0326443100031188,0.0268087691134383,0.0223908054397312,0.0195654433620399,0.0171198542442985,0.0159030140537864,0.0142890912855549,0.0124542972840011,0.0103614282286654,0.00898012904647116,0.00687607911071361,0.00665002592491306,0.00580342260189315,0.0069247846809521,0.00705054722709863,0.00810988431566591,0.00797941300847549,0.00797784671281805,0.00802761928040704,0.00691135073512232,0.00711780745256069,0.00635745478329137,0.00602290730984231,0.00495222406892113,0.00392598061861875,0.00404053371745227,0.00391183672239066,0.00489051966089706,0.00613648484065943,0.0070839361869636,0.00697859883067612,0.00700808735802655
2010-01-01,"F6",0,0.03125,30,1,0.243747749218866,0.240774835215778,0.236,0.231336306758519,0.230037198596272,0.233299331777185,0.240110253860448,0.24859243307831,0.257126055403183,0.264782854830239,0.27001246034348,0.273874573637648,0.276167512192011,0.27780156072954,0.283190887291147,0.293217525002176,0.306309427302603,0.323449072879618,0.340721806841789,0.360369692707164,0.381842208978524,0.408522430836847,0.438898276667894,0.473590612719836,0.510210228339107,0.550177385682743,0.593285023202319,0.643581260091016,0.705100323194565,0.780901900061846,0.87402022597504,0.982198808570571,1.10328708879004,1.23018191599976,1.35749011330035,1.48027802141976,1.5967821660849,1.70135231140091,1.7876994231857,1.853,1.89603968872725,1.9176100667565,1.91918673517029,1.90275992537732,1.87014701193018,1.81969068668945,1.75160691381856,1.66324670856183,1.55564063869795,1.43315533490995,1.29914514780089,1.15689047412424,1.01007075716134,0.865758710370542,0.728227479267735,0.601012254215952,0.487042609400276,0.389057778301054,0.306140905462315,0.238116766083362,0.184607502596655,0.143033375077915,0.111559454993609,0.0865166434629992,0.0682576651698203,0.0544747542501488,0.0440569602057343,0.0377053448581101,0.0317936980417958,0.0270754811925117,0.0221806083415417,0.0172709448131608,0.013681498101754,0.0111915136599471,0.00985184453216815,0.010024964793664,0.0100022130879149,0.00982587270982819,0.00880998556321106,0.00967150906883493,0.0101005094216179,0.00898562055449531,0.00853493859621894,0.00631579365296041,0.00540947983342204,0.00305752239232189,0.00301004458407318,0.00328451140853739,0.00462191360934393,0.00580233419611179,0.0070226256125492,0.00678909833552637,0.00561862162829663,0.00360341757377988,0.00208637988365989,0.000927197177006072,0.00127024827881726,0.00256382879242686,0.00376260602976654
2010-01-01,"F7",0.03125,1,30,1,0.280229703259961,0.287014078751121,0.291,0.288163363833526,0.28053546310181,0.27250932695356,0.268095056696033,0.2714142251442,0.279426223195833,0.290605132706894,0.301799120357737,0.309743746795357,0.31563540958367,0.321065440242083,0.328903726182979,0.340076933323392,0.352227549179059,0.363154316109035,0.374465063061024,0.38780130670847,0.405184230109314,0.428429578704613,0.460598696779914,0.501230464148437,0.551595607962868,0.612671731509324,0.68406074800981,0.764553177737849,0.857017947799398,0.95901039709431,1.07179642276569,1.19120537376528,1.32044717570653,1.45299686610121,1.58614409431693,1.71236496993249,1.82670678796348,1.92462108690423,2.00133914753116,2.059,2.09733357676056,2.11533659464367,2.11281028061381,2.08896564205827,2.04316792386846,1.97733318521172,1.89101182012069,1.7879315742363,1.66907425202635,1.53728766588243,1.40078797317163,1.261060103026,1.12646319115355,1.00249150068747,0.893395322656894,0.80140297500402,0.727977569173508,0.674767741648236,0.640539806991083,0.621402531331517,0.615380220066684,0.6156418512728,0.616997658696636,0.613946263040759,0.601821623430772,0.577091089050321,0.535572729675967,0.478847723190012,0.410561312679856,0.335189293378992,0.260679157863548,0.194646500777978,0.140336115482643,0.100395382120415,0.0701383518431546,0.0496604736789466,0.0369014644037509,0.0286914052738779,0.0239261173416616,0.0216179088816009,0.0201569492396516,0.0178044086193072,0.0156045501193615,0.014588137345143,0.0125167581239073,0.0110162152834457,0.0109830365747107,0.0113033369822418,0.0125762631738839,0.0139266467038405,0.0129342541116411,0.0104926658536306,0.00801889759676149,0.0061958139388054,0.00595807812639733,0.00719826237605425,0.00972705810780666,0.0116350364968987,0.012705864919123
2010-01-01,"F8",0.03125,0.5,30,1,0.267311107427944,0.274754305525602,0.281,0.285477815937096,0.285789257699379,0.2832892612484,0.27844924274377,0.275870376096412,0.275217728310689,0.279299025370974,0.286790036291875,0.298526952446998,0.309524289745846,0.321460110495245,0.332879408238221,0.345189636718257,0.357240895465168,0.369525341202801,0.383895468179366,0.4001026348149,0.420892451911425,0.445351622041159,0.474381796446256,0.510095483475597,0.554939287332035,0.6088199139755,0.67287434854915,0.746384478824674,0.829442443325816,0.92144898051715,1.02118407316808,1.12960401442407,1.24720422060556,1.37161875979156,1.4984832705767,1.61997996021455,1.73237050952375,1.82853990316793,1.9023264977102,1.951,1.97574545249811,1.97900482770936,1.96245284966987,1.9270805868974,1.87146768041563,1.79629383583834,1.70330441682043,1.59535807577158,1.47784121039545,1.35470204530848,1.23223586664718,1.11398347626305,1.00611764100703,0.911408441600438,0.835373675650731,0.778698140622584,0.742149021375995,0.72554160471554,0.727897593526208,0.744495850748216,0.771376125135826,0.802120258440708,0.829543019313505,0.845692694320304,0.845419560978322,0.821500177257823,0.772267996434866,0.698847345249324,0.607953076806639,0.506589589385163,0.404462899231734,0.310309984355016,0.22929033601715,0.165981060535466,0.11730750151224,0.0828094235046615,0.0588095624862815,0.0437835695123343,0.0336884906434764,0.0265403249741008,0.0214771998564668,0.0177871237667522,0.0156353985437642,0.0144616796619704,0.0133690502677658,0.0110772751556017,0.00975676905797694,0.00705578618070913,0.00591767183389619,0.0058908891856073,0.00808896866101295,0.0102965258696819,0.0115943737306265,0.0114304020799837,0.0100864032203839,0.0088572556734944,0.00792775628892164,0.00797018152466001,0.00861393211397256
2010-01-01,"F9",0.03125,0.25,30,1,0.268565650350331,0.266516104588296,0.263,0.258232273754986,0.254958861406728,0.253761563811145,0.255611328864892,0.26041514437165,0.26625423475862,0.271048419785872,0.275849460193945,0.282611704330793,0.294703396314452,0.30847376458488,0.322889564215167,0.333681396829719,0.342163648885521,0.350962307450287,0.36309450893546,0.380827673825778,0.40715552775997,0.442432827224451,0.483875293730519,0.529648377416,0.575077641752246,0.61912051588268,0.66455395514846,0.718509016437769,0.789321640799631,0.878929102784888,0.986732466475521,1.10759477000891,1.23761527373983,1.368839873759,1.49665079859125,1.61202139049979,1.71190197368947,1.789213403462,1.83909391016146,1.861,1.85883538820805,1.83332111910831,1.78918696200753,1.72600838667835,1.6469299336578,1.55213693458088,1.44616218519972,1.33099491219523,1.21273789956633,1.09614805805819,0.988706125648062,0.892925839990093,0.814997714159342,0.756534411515805,0.717751672570391,0.69737201306964,0.69430606169529,0.705423737287289,0.727317544666831,0.75633226398118,0.788625337725284,0.816552867496029,0.83381334016526,0.833698102642295,0.81123572339777,0.763421318270808,0.692691414277967,0.604269273927841,0.506191893072522,0.408086613096286,0.31478192280952,0.234350541984642,0.169106442620746,0.119947327777112,0.0842582908980774,0.0602420988062229,0.0448808949628076,0.0340954887480925,0.0256244258122192,0.0194882814107716,0.0162211189382642,0.0139019006624347,0.0143215805763752,0.0150989577215915,0.0149360303364948,0.0150532868319465,0.0127684971507974,0.0112859371240718,0.00930299392338092,0.0082184358314978,0.0069915266092283,0.0067467214575354,0.00634925812727351,0.00708717610104986,0.00699439147238086,0.00700416789665758,0.00693808685502626,0.00750907796357504,0.00821046428515359
2010-01-01,"F10",0.03125,0.125,30,1,0.301130546685447,0.298977879229953,0.301,0.305921392290426,0.310529652708663,0.312728356508921,0.313903155322556,0.313970522004646,0.314322865452845,0.318110297386031,0.327195767683253,0.341400884785757,0.355832070701961,0.368523681246136,0.375593965395473,0.380286889512498,0.385126209635864,0.394183632520812,0.407605058840931,0.426020709991192,0.450468704593035,0.482200465338264,0.520695863590817,0.561884579532197,0.604310089420641,0.65001886855166,0.703061576552192,0.76627090451778,0.842537739570268,0.933142876281879,1.03748250418853,1.15390331585829,1.28176797069233,1.41480885809096,1.54638286865683,1.66773482102599,1.77345900496414,1.8549374033557,1.90908937590967,1.937,1.93965880220291,1.91931746484923,1.87794884205445,1.81601256218393,1.73472152715363,1.63549230742211,1.52245297202502,1.40128187999202,1.27878658619506,1.16350602561254,1.06072505167596,0.972642247156907,0.901116949246567,0.84872926304133,0.817452777959847,0.808180438881933,0.819832793142004,0.850451713761109,0.895577929717505,0.952136312078527,1.01376918222186,1.07147844292908,1.11920021362557,1.14775804617789,1.14758699049848,1.11779009187198,1.05459760155723,0.961771121826649,0.847290979828456,0.719750759546989,0.58723922056649,0.461141794313807,0.350817257613143,0.261164788828697,0.191819255052146,0.140933035905909,0.105694808442355,0.0788340274996217,0.0595457126196653,0.0443801607547367,0.0339338907139261,0.0265883558800193,0.0219844561526031,0.018904945385888,0.0164616687381292,0.0150413863668621,0.0138217275020217,0.0126386270380797,0.0112944382016183,0.011037469837355,0.00996076081749421,0.00865192617688322,0.00839542392375164,0.0089988629696085,0.00988336787693485,0.0111301102335576,0.0121380365888078,0.0115197512981654,0.0101759774180435
2010-01-01,"F11",0.03125,0.0625,30,1,0.364433756069615,0.36458294998033,0.368,0.372697674743857,0.373736631370173,0.367948756212984,0.356444813059358,0.344370738913228,0.341216629838558,0.347820397015062,0.363576883958446,0.384190333650026,0.403451585836683,0.42110550081651,0.43636900741676,0.449240652062208,0.461246498650842,0.473298680405666,0.483960604505584,0.496828500617245,0.513298700124588,0.53522860619289,0.563070774911828,0.597479716738585,0.641859727457968,0.696772104440101,0.764593971888807,0.843207078604238,0.933332277678368,1.03077719867491,1.13642599154253,1.24847383237296,1.36857025641252,1.4914400236248,1.61297467556678,1.72346986696973,1.81638347067999,1.87881694519822,1.90444745469846,1.892,1.84652077844267,1.77562461810083,1.6900336299735,1.59407530613196,1.49069749942203,1.3872819985582,1.28908725991048,1.20280555716136,1.13435705153489,1.08424807227752,1.05493963821601,1.0436805596905,1.05123866796847,1.07702523296122,1.12179836892975,1.18884836685238,1.27717683967965,1.3801334373802,1.49448324375459,1.60989703601722,1.71790447590201,1.80942252797642,1.87502478026441,1.90513387316398,1.89245067566155,1.83425436284768,1.73051665701072,1.58917373725339,1.4208296072312,1.23877954540609,1.05203093400683,0.87240587700777,0.707312069235566,0.562957866824921,0.438246244604376,0.336123656000421,0.256302709410248,0.19517530241647,0.1488848528074,0.11543929214258,0.0913450044103367,0.071822729775438,0.0578392471519647,0.0460673497319161,0.036730516641024,0.0292535555949552,0.0245052084325122,0.0229100773888974,0.0225839027657285,0.0203836071251969,0.0179266796605903,0.0155157404565868,0.0129231754430039,0.011897523283458,0.011996571862202,0.0119253658184866,0.0107020136545948,0.0089981899900987,0.00639739879006383
2010-01-01,"F12",0.03125,0.03125,30,1,0.31326062628869,0.311632513830705,0.316,0.323425370668794,0.329737102150747,0.331000123599905,0.324168440823453,0.313278654658859,0.305843051017057,0.306207925152768,0.316030461731238,0.329458354281407,0.342552920941918,0.350596878972361,0.35278328946296,0.352902177796354,0.356133614334927,0.366688818950103,0.384892050912849,0.408419497140324,0.432832778518174,0.455986640319582,0.478249296309794,0.504465322923016,0.536858482569339,0.574204431593623,0.615791951390546,0.660229675004341,0.710433905052715,0.772735073012465,0.850199864090849,0.941123301505653,1.04175768336876,1.13976830264685,1.2282001313599,1.29896512848862,1.34998157710652,1.37456877501459,1.37156608960514,1.342,1.29012117888128,1.22044719668687,1.14222170981637,1.06254147324569,0.989268283796979,0.929348525081962,0.885198865678444,0.855716169866703,0.840318828630618,0.838550412117029,0.84986712379948,0.87587631611102,0.91742085077019,0.974941263716296,1.04819775415313,1.13932702711242,1.2448360280139,1.35851216127314,1.47661812847744,1.59114119664872,1.69491468616393,1.77986937882645,1.83914401851707,1.86323951942257,1.84627837168879,1.78792993823074,1.69109058524756,1.56291589383185,1.41088426028215,1.24682811172747,1.07573681722793,0.908732518049868,0.753218251705953,0.61422323220403,0.492041372907549,0.389585333098719,0.305247041040836,0.237809951903892,0.182471532608336,0.138619099213211,0.103379233020078,0.0763435282575362,0.0570822966264978,0.0458050795101526,0.0406177698009013,0.037182651906012,0.0324377180991717,0.0285852946089432,0.0235222648041481,0.0194719909498571,0.0169477730880808,0.0158216315343084,0.0140551635224796,0.0123337655802137,0.0102123636107466,0.00774308126294152,0.00559671054847619,0.00442185423185847,0.00384546817170035
2010-01-01,"F13",0.03125,0.015625,30,1,0.294405780643391,0.294046943045164,0.293,0.291468673472377,0.28781067199179,0.282839601292746,0.277446255515472,0.275012266690177,0.278098784168527,0.286459092239343,0.302094996885558,0.319344507877989,0.33341582747817,0.338355670577338,0.333951639139847,0.32357886349203,0.315916998072876,0.317375802550245,0.331663552897821,0.354925605536251,0.380762580991642,0.4038814155983,0.42302265307478,0.440882758769381,0.461876990443563,0.490365581937776,0.524968887678002,0.566604599615517,0.616647996707783,0.675689138844611,0.742447706734154,0.812614317138331,0.882437292401898,0.945339719142329,0.99740726811715,1.03067466229092,1.0434446486769,1.03337670990642,1.00471271276887,0.962,0.911944418881254,0.862078945262336,0.816486699414727,0.780330688242715,0.755717115651297,0.744227513506377,0.744782819455441,0.754785985593673,0.772222605906532,0.79342998241362,0.822972372543979,0.864650089991695,0.921910637139234,0.997490673433461,1.08708734834198,1.19098082193649,1.3038466721164,1.42130159692544,1.53949560084377,1.65081504786258,1.74709543878391,1.81816835755935,1.86146923547193,1.87017616805239,1.84579660569072,1.78818565608583,1.69958950994439,1.58470059957805,1.44988089244013,1.30215992562721,1.14714933714933,0.99226514224046,0.841599721202483,0.702048600690911,0.571810991292595,0.456976603446792,0.359121201483043,0.279647542595364,0.214916680309107,0.165843405382882,0.127538815743092,0.0992252892651167,0.0772431037050122,0.0619701214577832,0.050123813933224,0.0422306113963477,0.0373377715578632,0.0324479794821126,0.0276181522677249,0.0227238079151908,0.0178455806394737,0.0132603082131407,0.0118132158574836,0.0126260543189706,0.0139478327203576,0.0140008197800076,0.0138227419444003,0.0119191695362667,0.0100299240009676
2010-01-01,"F14",0.03125,0.0078125,30,1,0.278373435961005,0.27786036102542,0.28,0.284893801984833,0.289926762812875,0.297426124460988,0.306052246087699,0.314533041734037,0.319832411760896,0.321377119198386,0.318816940785856,0.316116353281299,0.312662330341993,0.3096236244788,0.305100060150479,0.301553021837653,0.298997349222679,0.302001317054828,0.30900594958694,0.319193782385185,0.336233603083628,0.35711895847505,0.383232506937661,0.410099872567218,0.435167504688485,0.459523682179339,0.482743055325104,0.507438030090811,0.536852562396872,0.570340631706293,0.609069842718569,0.653196837593797,0.701528182077058,0.749796208644209,0.79372689596004,0.824845051364188,0.841881192283497,0.840341858313135,0.822593043618881,0.794,0.759873779832159,0.727959776989624,0.701989235054907,0.684369064065834,0.676851514334101,0.681230979467188,0.697106177569594,0.721068133689209,0.748881661591709,0.777149149451135,0.809547055472609,0.85155700727087,0.910390455119154,0.990689022108859,1.08917872046649,1.20417017489201,1.32771858216281,1.45017316639399,1.56837355927491,1.67674502333652,1.77065527429116,1.84422566033712,1.89332888573449,1.9092830776283,1.89027554230115,1.83537526204827,1.75011357427594,1.63894438614403,1.51042980908765,1.37069426390181,1.2222857026048,1.07015787748568,0.919181725344786,0.774963778421142,0.640044888592973,0.519729402090332,0.417065422632488,0.331584712057878,0.26030058366616,0.204460956325654,0.16023099217026,0.125868416463943,0.0987008152762074,0.0783225825085837,0.0621508473314388,0.0503979747496896,0.0407855625000683,0.0344077091115247,0.0290569829541396,0.0235995150243689,0.0198642461001533,0.0152798298133177,0.0134345058423609,0.012943431518635,0.0130172879402218,0.0130916405295406,0.0141044866132456,0.0139733590983455,0.0140100674176522
2010-01-01,"F15",0.03125,0.00390625,30,1,0.279739988748576,0.279464415473235,0.275,0.267569541912193,0.261277558157714,0.259670652937696,0.262419213981214,0.268362897931423,0.271455425143452,0.271879460332261,0.268109174328227,0.264136291032188,0.260570360915005,0.258836600366382,0.259332315890394,0.263109048506342,0.270185662254418,0.281345875013605,0.294339272638489,0.309751380878467,0.325548264547691,0.341298781982836,0.354518908512159,0.364937926650586,0.373942964113231,0.384751737918231,0.399728819957278,0.420934580081285,0.448549238453296,0.48066840064326,0.513669353384308,0.547315886371686,0.58002159720639,0.608886249903655,0.632790667240694,0.648284589908309,0.654802609865532,0.651155860034869,0.640412545572817,0.626,0.611637175372494,0.600050738140553,0.593541665182307,0.59354718924591,0.60183466481567,0.617759448377727,0.639922530428397,0.667240158041371,0.699576100143854,0.738894747771968,0.787947953487877,0.851809168645736,0.93093449597044,1.0218817743223,1.12271865241336,1.2286054878757,1.33638086189286,1.44069894684859,1.54284470776209,1.63494738032771,1.71475254567842,1.77178470483217,1.80171659287093,1.79946382283124,1.76408776631023,1.69975336260806,1.61112275157714,1.50321555549664,1.38114335177082,1.25087882303789,1.11432207013261,0.974440347188057,0.835775816341405,0.704245239094358,0.580758807944158,0.471885335444096,0.380166751955401,0.304493649231578,0.24385825150843,0.193651848020497,0.152124819191646,0.116751202773721,0.088460659011377,0.0665174081494251,0.0516171469817921,0.0413053839759903,0.0351302764674424,0.0296559459498126,0.0262428899918009,0.0225634897507065,0.0189121797973556,0.0164245490303394,0.0148517652204513,0.0149530705428122,0.0158729348638238,0.0170354040273919,0.0170861340215937,0.0160879312918233,0.0133336539576033
2010-01-01,"F16",0.03125,0.001953125,30,1,0.243992226044199,0.248048748478678,0.253,0.258055952207419,0.263923956565771,0.267939904702495,0.271674907484291,0.272981749227839,0.271466380100981,0.268954897416276,0.266566955033954,0.26406747907853,0.262735529334191,0.26047966919829,0.259779518473194,0.261600662147523,0.264061348549983,0.267679334991023,0.27210133130677,0.278921152143705,0.287950375511561,0.30121952648596,0.314859290486276,0.329547829553561,0.343998354813338,0.359672876642883,0.376942825960172,0.396728699237427,0.418054597849403,0.440979167225251,0.464181485239412,0.488339785340497,0.512912191097427,0.535479711890538,0.551316433766845,0.558292287283297,0.557205320520373,0.552265650274808,0.545976402125621,0.542,0.542283114777223,0.545523818199084,0.551616990480341,0.561582424296361,0.577336590883111,0.600461580080161,0.631291087622883,0.670443179768023,0.716054909417479,0.767566744210718,0.826174442239161,0.895394540300241,0.977559535184284,1.07199377825857,1.17657062705081,1.28773370101751,1.39812832044328,1.50377010132849,1.6025284505573,1.69006259146767,1.76033145496673,1.80775020379397,1.8278934755281,1.81853509317832,1.78168444406376,1.71921723450168,1.63450446352854,1.52929343266082,1.40815230608692,1.27521884959663,1.13274762120558,0.987681812177733,0.845273774791095,0.711063720911127,0.587254890972556,0.477257131409243,0.382140667875223,0.305194587731174,0.241810834230323,0.190482562679273,0.149927840686294,0.116928234252775,0.0910997886058468,0.0712218734153785,0.0565733973639486,0.046384538053446,0.0368089915437354,0.0300603443147059,0.023902101251499,0.0193536019529061,0.0179654284515981,0.0168976103610775,0.0171274611982812,0.0162538878148915,0.0160361816730878,0.014953199949357,0.0147757371329873,0.0134726847488822,0.0116209318358361
2010-01-01,"F17",0.03125,0.0009765625,30,1,0.26006097579953,0.267201348408237,0.269,0.266523664489532,0.264118199315762,0.262092242226667,0.263550567137681,0.268290332687261,0.272032537414223,0.273884839642637,0.271154789952565,0.263374931299596,0.255068276227538,0.249717511413286,0.250441271623837,0.255201516862552,0.261115468189192,0.265760775260468,0.269627692131107,0.275890156571926,0.284173463786008,0.293874907643279,0.303826683656351,0.315369046629556,0.327553215073408,0.339761468279748,0.35048116272679,0.358617148959932,0.364463339224883,0.370920289908634,0.380611718496535,0.395578173297225,0.413620782316262,0.433530937151183,0.450157613808948,0.462079023502051,0.470094218069034,0.474193941881734,0.477956961463262,0.485,0.497468740469743,0.513222197602717,0.533020408644872,0.553625348924858,0.576672941944692,0.601429282331795,0.629682849041619,0.661344833262068,0.699342561933622,0.743653142630944,0.796301036379464,0.859474380922552,0.935262961872124,1.02691448510174,1.12973849430405,1.24388321131954,1.36015937521499,1.47223882040443,1.57698709564682,1.66982023684803,1.74797024553341,1.80600851690684,1.84155604964404,1.8492413454401,1.82706782392696,1.77619858538477,1.69885501374275,1.59851129763661,1.4808000441239,1.3498571765132,1.20774596358216,1.06274027737348,0.917912799189732,0.779440291512402,0.64944244579782,0.532522593215778,0.43006209536714,0.344674833729597,0.27252100464421,0.214686068031402,0.169433131411805,0.132715658146056,0.104782516643388,0.0832514065634026,0.066136974762176,0.0534331971478593,0.0437517410038948,0.0354771450410421,0.0295133589276971,0.0246973133704634,0.0209142900398833,0.0185194555643742,0.0159960636401282,0.0142626736562515,0.0131025829170522,0.0118857957693366,0.0106089647670317,0.00996026019803091,0.0094421856892338
2010-01-01,"F18",0.03125,0.00048828125,30,1,0.287663447496512,0.286185150541219,0.276,0.261304816552234,0.250011997105665,0.247957490298429,0.254764665875722,0.268020074595143,0.282240737414987,0.292580433656462,0.296921568990206,0.294256088891369,0.284204084265359,0.267696791668333,0.250864705232661,0.238970371733035,0.237068289191044,0.245312763959592,0.26006846957944,0.274682719187222,0.28609979125932,0.294624713174948,0.30053458486082,0.307489769275028,0.317716671508212,0.32972364061838,0.344084702235521,0.356087461904434,0.367131173202089,0.376681642036078,0.387606362852299,0.401183045541582,0.415755827107518,0.431276864707586,0.4452620352174,0.455929956114638,0.463113170562751,0.470016439164283,0.475706960702633,0.485,0.497676193510295,0.516544874749863,0.539858882155808,0.565136787311554,0.591979389331152,0.62143671805445,0.653474745295513,0.69168861434532,0.737021020153789,0.789689313975728,0.847621392607374,0.913655314762175,0.992057901748249,1.08394607563461,1.1891867802335,1.3066017205661,1.42774405889025,1.54659192118851,1.65750186667238,1.75441696100691,1.83313459653665,1.8896256225594,1.92164356427001,1.92448111622381,1.89705566560356,1.84015882589787,1.75577628975264,1.64921533139442,1.52540466841951,1.38842752107562,1.24020320243398,1.08911331144355,0.938256591173412,0.79529053439292,0.662092402707737,0.544390631501553,0.443074834024126,0.358907312334727,0.287753318466665,0.228459056337709,0.180708348976937,0.141609536000638,0.112211210121526,0.088710003201478,0.069700873731547,0.054558922467577,0.0413722241566538,0.03284822434439,0.0274185007551606,0.0243071229578766,0.0219230290450074,0.0195361963235624,0.016714574407078,0.012848518873695,0.0101901390582537,0.00781246305222247,0.00688827986979642,0.0074735388070089,0.00882655820610648
2010-01-01,"F19",0.03125,0.000244140625,30,1,0.252484768939272,0.247927681973586,0.243,0.240970809764809,0.243263036443847,0.250883203905157,0.261784563681135,0.271468469431655,0.274087283116656,0.270916994010185,0.262314213176807,0.25145014467571,0.240769060193836,0.232577745956207,0.226396565969309,0.223085963169582,0.225075020779195,0.230499630361151,0.239317119252255,0.247687152419014,0.256274821383095,0.263641484609973,0.271041413757365,0.277787581126501,0.283757756208414,0.289883411446593,0.296184521698631,0.305171708811445,0.314984103445792,0.324733848444742,0.334494434176694,0.343911787103117,0.352736153911487,0.363290119860179,0.375201898475631,0.38963034871542,0.404182765850792,0.419351653467036,0.435815271165787,0.455,0.477236185925041,0.502184618284161,0.527711658110441,0.553070130127577,0.580981573002719,0.611183003459647,0.646200418735062,0.685458348763795,0.731034669157916,0.783792926575275,0.845677141072055,0.922590096193241,1.01246795434946,1.1141767591,1.22343571746698,1.33719866355512,1.4497371327786,1.55406935734168,1.64899525228893,1.72915753957915,1.79096005770209,1.8299993458131,1.8449521619621,1.83439920091419,1.79616565547857,1.73324426362011,1.64769087450351,1.5412262366121,1.41906462502462,1.28626833068138,1.14363742503009,0.999635045870411,0.857305777166359,0.72249270658811,0.596464475760612,0.486306948916795,0.390126696719053,0.311983008097624,0.247363203290814,0.194852220072784,0.152992762324405,0.119885744924194,0.0928168381478565,0.0712702027487713,0.054033575034565,0.0424035951387023,0.0328025805838488,0.0262823761761211,0.0220783361439297,0.0193619553162924,0.0169501804579882,0.0155946290832035,0.0130417024590105,0.0106620670712903,0.00815190592104591,0.00687800343950117,0.00585824522630071,0.00648119672565265,0.00782366433012836
2010-01-01,"F20",0.03125,0.0001220703125,30,1,0.240293997579386,0.240475822068109,0.245,0.248709193749416,0.251463599548622,0.249283635689225,0.244525827472361,0.240868497635687,0.241595604456278,0.246443888183015,0.252705799564435,0.257862701622037,0.258852058847302,0.255734216003155,0.249528911312438,0.242071937162388,0.234849501754931,0.227782808466296,0.224097780126542,0.225580652043948,0.233008303919448,0.246297521849422,0.261110828669331,0.27421304188117,0.283541169204778,0.288924450526357,0.292629189387365,0.298377822608915,0.30908480756589,0.321404188676737,0.33355559854769,0.342757602807015,0.34950324530695,0.355479998861041,0.362501415490157,0.372196160103602,0.385330565019585,0.401950250031375,0.419665964456721,0.439,0.461192768026113,0.486711549993442,0.516686744906173,0.549351154476903,0.582266289590846,0.613693872100281,0.644129487762417,0.678466005209541,0.720165517962153,0.770718601993058,0.83227802726696,0.905199466034814,0.990992961150534,1.08908439712299,1.19601186970452,1.3099304105521,1.42499376703398,1.53357629417691,1.63331808905601,1.71549374437505,1.77869243740815,1.81722142074007,1.8319621686941,1.82032066313789,1.78208319229323,1.72001281448475,1.63380535908597,1.52834003921139,1.40862963508996,1.27821886197454,1.1381338683038,0.995573066618449,0.854459434764336,0.720798703120546,0.596271094380064,0.485383449432299,0.390122843187251,0.309629673950723,0.243921031121115,0.190674076156753,0.149912977479773,0.116926253528681,0.0911031602474947,0.0712083725601747,0.0566219368292511,0.0463338145576544,0.03907555441925,0.0334085842950234,0.0285155008381037,0.0245976573205094,0.0198661766828632,0.0162913126789553,0.0124538716369311,0.0102114850639843,0.00910200177412139,0.0078570633538395,0.00697019959194346,0.00656254461674044,0.00515980611061527
2010-01-01,"F21",0.03125,6.103515625e-05,30,1,0.234500234140122,0.228583698021924,0.228,0.233354304687508,0.242386890113503,0.252380988126843,0.259493393497622,0.263228479856325,0.264998376324512,0.262767356080701,0.256860019456617,0.247429872748079,0.236764288855293,0.231059479949219,0.232351725535734,0.238812301978019,0.246122128658503,0.250719571627859,0.251803545800123,0.249747605206684,0.247062723960756,0.249397509584198,0.256627076528877,0.268398162826169,0.280614424179733,0.291793693736659,0.30146304277489,0.309222428666028,0.314517890678192,0.319375863394716,0.324273009831342,0.330404388834191,0.3391997749591,0.350274166243601,0.362325300654375,0.372056637352752,0.381565863610386,0.390236546836438,0.403050829909105,0.422,0.448091651381011,0.477964510553122,0.508253749938722,0.538663898433417,0.569224802332639,0.60239193236365,0.637693002880047,0.676979600613696,0.719209718728086,0.767041799285061,0.82230032782494,0.889603766712551,0.972247358156708,1.06905769396032,1.17641027973802,1.29249752638035,1.40872573506536,1.51762000762964,1.61745460228915,1.70215524826072,1.76816607377682,1.81126470761903,1.82991507063561,1.8194348283808,1.78023512939641,1.71286031863905,1.62144401230181,1.5099776358005,1.38325902754724,1.24906417542682,1.10736661260098,0.964485559753612,0.825630201676497,0.693756207711913,0.57232891598836,0.465584201739665,0.374171608247727,0.299505988676641,0.236851852421258,0.18558480812051,0.144007739414939,0.110862754494607,0.0842597979386354,0.0653634588833259,0.0504947404976848,0.0413074142681054,0.0341669405508089,0.0298010370955341,0.0262212237056229,0.0225411396566045,0.0188832037869357,0.0154667322693368,0.0126615400966831,0.00947420242900458,0.00809522089864749,0.00692460069166153,0.00732261731249636,0.00810542270602665,0.0079303292702658
2010-01-01,"F22",0.03125,3.0517578125e-05,30,1,0.280967062894255,0.27127451635995,0.257,0.242567186934079,0.231774567608722,0.227933073202548,0.229526585064269,0.23542817791989,0.241749262105899,0.248263184949956,0.252388644336882,0.253084137763979,0.249458267935711,0.246299779162948,0.246890228700984,0.251131263472913,0.258169437220925,0.266410629485036,0.271987760032235,0.275984008891442,0.280547326528966,0.285478907698966,0.291963233856162,0.298874355266065,0.304084250873325,0.307953056970495,0.309163158483575,0.310393945063629,0.311944965105034,0.317080345316634,0.325565378296475,0.338995390422223,0.352475769712939,0.364580409172978,0.373578473320066,0.379725688079338,0.387205657699447,0.397920129834616,0.413493899935386,0.437,0.465469156149645,0.497934241112366,0.529950666583214,0.561548481457855,0.592117229146687,0.622737289022373,0.655698979431656,0.692400035016218,0.734151369633055,0.784420505946476,0.844385468942911,0.918729044599086,1.00672200183512,1.10507703291811,1.21190814092789,1.32398590961183,1.43724141498143,1.54469837635959,1.64325187769052,1.72582432987152,1.78974320741724,1.82833954067653,1.84103047604864,1.82575733395615,1.78352967424613,1.71638808393434,1.626298465029,1.5160457231404,1.39039063312679,1.25561598563897,1.11272287434981,0.967655176896096,0.826464947064962,0.693075762159051,0.569761159531986,0.460995598119516,0.368168136390816,0.293490336395665,0.231137701596578,0.181830718488167,0.142820165907837,0.111012335641999,0.086473346384847,0.0671901785482919,0.0533583642858781,0.0433639291979792,0.0348670128013056,0.028320974808435,0.0235574326885303,0.0195254841560186,0.0159012500705847,0.0137461346167649,0.0120957563634995,0.0102470533504994,0.00910008670130718,0.00786129601637208,0.00691708076106939,0.00702114187857177,0.0069920106262057
2010-01-01,"F23",NA,NA,30,1,0.125634411025225,0.123449906585204,0.121,0.117094917263978,0.112980497654049,0.110592213067401,0.109914160310292,0.111133205151766,0.113650340815801,0.11559745451595,0.116286112664295,0.113149733247929,0.109284418790382,0.103675551115063,0.100103100113788,0.0980650642884362,0.0980104153824653,0.0994405384325206,0.101871663100733,0.104965060568703,0.10867179160646,0.112314360472315,0.116216315222864,0.121299659376086,0.125212793159595,0.12990697601869,0.13343981174853,0.135712201175045,0.138841371781329,0.142437596963624,0.148372554541755,0.157146169095621,0.169628293284211,0.184604464279697,0.198202060590005,0.211399118747706,0.223353620432388,0.233214307331547,0.240769825117853,0.247,0.251817186981464,0.254292751800143,0.253416692691392,0.251366363586451,0.24782572353113,0.246898239126056,0.24768701757354,0.252378237454735,0.260657787706073,0.269347540746729,0.280918651959583,0.295555598143324,0.313026970115995,0.334684274314809,0.357615432776387,0.380830603536484,0.403569221095066,0.422504219660155,0.437042141452067,0.444083162388354,0.441198115212344,0.425781266998199,0.395744435654561,0.352104893501636,0.298182721270576,0.2407906001076,0.185650942172796,0.137789521776067,0.0992981709249752,0.0720253526919949,0.0532932636510167,0.0415377070920122,0.0342052017696945,0.02879763560512,0.025253374641787,0.0223058228281321,0.0209888708970536,0.019790383198425,0.0184705429830546,0.0180224172393643,0.0171637662273291,0.0159309601171449,0.0144670616336057,0.0119519516813509,0.00944854707398133,0.00804785437362233,0.00693368705509703,0.00702441128553305,0.0069966786804468,0.00699527754946472,0.0069940558634422,0.00720266839171885,0.00830503019567858,0.0110514564033945,0.0137704060047396,0.0172712058987592,0.0178364923220634,0.0159639020287669,0.0134103559801638
2010-01-01,"F24",NA,NA,30,1,0.0951375410964259,0.0956415141136446,0.098,0.0990789551579219,0.0986836408931075,0.0968635770895332,0.0933642372611154,0.0908323198906375,0.0885855048243871,0.0878618835703535,0.0887012308131183,0.0899460412469248,0.0910417504236194,0.0911344766311442,0.0898014288631685,0.0883035219038482,0.0849504819421407,0.0835628602437883,0.081766047063326,0.0824791508408486,0.0856496035346297,0.0893845737877101,0.0943839580128267,0.0987915552428933,0.101502168343575,0.103972991158346,0.103926079090347,0.104363958760529,0.105480202174654,0.108435936295366,0.113296854574769,0.120950763463381,0.131622892681163,0.145301508276014,0.161081111903772,0.175592191639351,0.19012451282788,0.201996942058413,0.209118262600961,0.213,0.213773198881182,0.210771122380804,0.206480224730611,0.201473508122832,0.197730079471782,0.194484831382323,0.193894982505328,0.194647887015653,0.196860027010535,0.201855988113758,0.210003960912311,0.222913522960075,0.239206715934791,0.259638033519946,0.281703526526922,0.306378839495917,0.330074743835478,0.352161071583973,0.370453709890585,0.38210352839206,0.38340548994369,0.372023204078833,0.34664974308298,0.308187275904307,0.261221138524368,0.211188309017302,0.162931279932292,0.121116710331271,0.0883065135961632,0.0642215225760507,0.0462711334781802,0.0354994931082887,0.0283863999854973,0.0252724777939213,0.0228709516393028,0.0203728919640855,0.0179618605511686,0.0132418094682336,0.00967188718857112,0.00649434492070516,0.0058617269032494,0.0081980966993584,0.0103866465494397,0.0114564513870278,0.0129238236138926,0.0120346981588325,0.0119254100404034,0.0104991983617187,0.010017956796358,0.00924154274277697,0.00798904837776812,0.00785652120305077,0.00642939953926507,0.00597278552592421,0.00596276253278182,0.00713572261984898,0.00831234702951356,0.00960133331385419,0.010145769410644
2010-01-01,"G1",0.015625,0,30,1,0.232581041134535,0.233750174732176,0.235,0.23346684921567,0.229422396516126,0.223678836092179,0.219294002768412,0.218081453145768,0.222589659733925,0.230110803800218,0.237403358576302,0.243825905770428,0.246188776558471,0.247166176748703,0.24634196829103,0.246038887320686,0.24498026029962,0.245228594991016,0.246149883404532,0.245450370139214,0.243231636654935,0.240772991355831,0.238501077296152,0.238262997097526,0.241136760660955,0.245896004166744,0.250599200119521,0.254603421408984,0.258784122647928,0.264141466945729,0.27028885509823,0.27652607741684,0.283966930198639,0.291170100399938,0.29946061969588,0.309186610329078,0.319871040966621,0.3300821775564,0.341034892229585,0.353,0.369144060094191,0.388198402725393,0.410275218134043,0.43342269378509,0.457791238886819,0.485159599304261,0.515036251200115,0.54969560701685,0.588345451559639,0.632260262754304,0.679495212401106,0.73560887657317,0.800376316536405,0.876446108735499,0.963144600600003,1.05995474670798,1.16293872569415,1.26753138770154,1.37232829723543,1.47195768756283,1.55965718394805,1.630190016733,1.68120275828661,1.70860789700144,1.70915850837326,1.68338765741586,1.63073710688517,1.55360599946372,1.45632195508892,1.34427444344485,1.21979546130949,1.08996600656809,0.956065074999142,0.825139240351432,0.69894278880377,0.581797286466435,0.478043081026629,0.388615217789991,0.310864524069461,0.246282102299089,0.192302192868775,0.148246950797361,0.114479699229054,0.0884261270786779,0.0694245855343496,0.0545161761244841,0.0435577105565889,0.0345496195725722,0.0273043485084302,0.0216146788590087,0.0179063596066494,0.0156868532768761,0.0145546353389353,0.0133137988822789,0.0120979629435594,0.0108792115024917,0.00967198524170165,0.00845089989913445,0.00723182809670028
2010-01-01,"G2",0.015625,0,30,1,0.240086372936673,0.245839899876912,0.252,0.253811365295314,0.250824311926911,0.246297730560905,0.24323777172719,0.240884671202818,0.239532669352677,0.236884559926814,0.235165044832429,0.234976791149605,0.236239169372731,0.239116273119944,0.242351455633335,0.243866912315806,0.243971752849465,0.241482649543919,0.239040068061446,0.237129972407342,0.237796750451685,0.241483807552436,0.24760444534762,0.254316945910993,0.260177365353786,0.26393584354362,0.266210174305389,0.267721610375223,0.270172615943089,0.273514855884522,0.277219717170441,0.281947363152546,0.288211607225918,0.296826067064768,0.307322287946106,0.318198641343932,0.329117632132003,0.340720673850061,0.352679622122405,0.367,0.381971390245641,0.401604590833361,0.425174852782918,0.454547487108248,0.486327661566644,0.520395692010422,0.552859028942851,0.586476460656842,0.620586169191376,0.658650855990286,0.702068821571704,0.753660065267322,0.815650423706009,0.890403822907913,0.976218737839444,1.07466988164522,1.18166464498111,1.2902110036832,1.39855745343611,1.49890568176643,1.58729956198931,1.65748227191499,1.70725014553233,1.731047336981,1.72727350639244,1.69516779698928,1.63726265126614,1.55755882543716,1.46048824080906,1.35027419531549,1.22715482602023,1.09420554964702,0.956569991978504,0.820478005517974,0.687832438690473,0.567042477042574,0.462031850408906,0.373123756060311,0.2988175400488,0.237159973265031,0.186949585951611,0.145357594675949,0.112813171089664,0.0875444622745054,0.0682755871892962,0.0545197124315575,0.0426024008545297,0.0346292123748625,0.0278083424395566,0.0234307465654159,0.0209292170743071,0.0184859990251772,0.0161036717088994,0.0135220517365533,0.0121347070770078,0.0098141271265005,0.00869298691891594,0.00749378353126671,0.0056129587478013
2010-01-01,"G3",0.015625,0,30,1,0.244013700417513,0.243975908823215,0.244,0.242876877738986,0.243347650947193,0.245055774894052,0.249465261965933,0.253197214857969,0.255462556607656,0.25559971791117,0.254346967863827,0.252082656713534,0.250858077252751,0.249658813322999,0.248181015409598,0.249454809841136,0.254127147250354,0.26333462162446,0.275023541118907,0.283352228370003,0.287052745774234,0.283552302985955,0.276486576856041,0.267502918390099,0.261052001918371,0.258000259612628,0.260787616747587,0.267376826437527,0.274719899355105,0.282100487138609,0.288284061300255,0.294566554663839,0.301605735658642,0.306913309383828,0.310834018116516,0.313368325610956,0.31914099315333,0.32930647285333,0.344643686849782,0.365,0.388510155643438,0.414126793381094,0.440874313307822,0.46881567333928,0.499158523138285,0.529546562120958,0.560581958839477,0.590557456643622,0.620779390179695,0.651438190203819,0.686768016779155,0.730871845527387,0.788006872773336,0.861405348721093,0.948679096308099,1.0495076903856,1.15976318023821,1.2709725375322,1.38291813668234,1.48895893303545,1.58644190470075,1.66869381690122,1.7329194280845,1.77496157911762,1.79013840763264,1.77892151607566,1.74078388320252,1.67943307801644,1.59734768530892,1.49688501027731,1.38090758360201,1.25205300054693,1.11554508815042,0.977698812644468,0.839749254919875,0.70923322190006,0.588856715886526,0.481842640232029,0.389114170928725,0.310370818462984,0.246215368387847,0.194675866758865,0.152756236955605,0.12087105075295,0.0956562875083705,0.075713496506422,0.06002033633616,0.0469867792274126,0.0359475838114576,0.028021432086172,0.0218592646642877,0.0182505103584127,0.0148831721658051,0.0133835508424831,0.0111729594939559,0.00990139431348175,0.00861064054686796,0.00791159450555341,0.00806324003986962
2010-01-01,"G4",0,0.015625,30,1,0.24551706268813,0.246034018695276,0.246,0.24447719970289,0.240470594304826,0.23417698674665,0.227580628714898,0.223922406886111,0.225885836840605,0.232206867929384,0.242620900763901,0.252600422914492,0.263443909215098,0.274363785102184,0.285757828557881,0.299700372598736,0.315315978747059,0.331192441891508,0.346783566940877,0.360236619378969,0.376342331116382,0.395909231627317,0.420132947454309,0.450203270000494,0.485386993889032,0.525166105285775,0.56964260057498,0.622135612657595,0.684218233027323,0.759109592959666,0.849827156654662,0.953102570455288,1.069281239329,1.19195239850655,1.31659148295957,1.43811054727849,1.55157279370937,1.6505073381683,1.73081920221466,1.789,1.82389118841459,1.8385100577392,1.83346106175899,1.81144502278292,1.77262448799491,1.71356238384805,1.63650751600719,1.53894147083038,1.42484256868331,1.29893698347321,1.16579973948396,1.02627952703168,0.886732944018823,0.751074564866916,0.625425823707198,0.510310720242059,0.411198729657221,0.328669369727192,0.26045283995452,0.206934597416379,0.16571254284188,0.13430886164848,0.110401323252905,0.0936651172105488,0.0811098916350965,0.0707415524015719,0.0630015992508244,0.0546370635857855,0.0484828122355644,0.0409560803345482,0.0344605328691166,0.0283061358184824,0.0246104608503105,0.0207934907048913,0.0183708910032089,0.0164675344618844,0.0139763293977488,0.0115716441226775,0.00904399679568876,0.00730644100615156,0.00608107212356118,0.00599425999980419,0.00626365306852435,0.00712663256024277,0.0068833715992708,0.00796681924409805,0.0079719717926753,0.00807356566258684,0.00746982671392712,0.0061701638490677,0.00495755810634267,0.00393365234447752,0.00394663551738795,0.00462350269903984,0.00590936336494674,0.00714012868524849,0.00809109034668392,0.00792853631830768,0.00862966955750958
2010-01-01,"G5",0,0.015625,30,1,0.215914066682813,0.21935752853803,0.223,0.229167802977043,0.234866693287618,0.239044889407207,0.241798212811498,0.243067013900324,0.244464055428858,0.247440938163755,0.251733549268324,0.25869371612965,0.265890219379765,0.273828311561228,0.284182697624675,0.296912364377499,0.311316774871861,0.328495461851218,0.345106194421073,0.36076778104022,0.376543061709465,0.393641331804461,0.413864483770695,0.439076811252153,0.469175212749544,0.507159870115842,0.5529835393906,0.607946473170494,0.67249196598483,0.749113042202135,0.838792151891285,0.942032622160685,1.05914830074462,1.18380632912349,1.30861662663104,1.42884582845186,1.54033055701293,1.64002494848528,1.72217594327967,1.786,1.82936774383614,1.85336613455826,1.85876327043941,1.8456987310077,1.81202699273495,1.75843124393983,1.68377866414964,1.5910190701317,1.47974241891909,1.35596730500723,1.22133219485318,1.08079046242206,0.939102456311201,0.800975026770032,0.67196017253272,0.553322968397505,0.447188039907763,0.356432679970107,0.279608434427342,0.216474454697354,0.167326468393669,0.129329591256039,0.101468152549245,0.0810489731982412,0.0651213773776963,0.0531018721899409,0.044078425582266,0.0355850364029365,0.0287610305131683,0.0240328556163028,0.019740737870014,0.0171375320708134,0.0146920649118669,0.0124864252603261,0.0120462518688115,0.0112022130645013,0.011009855265807,0.0120856770839531,0.0119533553980514,0.0120952027641328,0.0111354745288162,0.00985436284664521,0.00760445223073468,0.00641378000971133,0.00597762742031279,0.00597325959092766,0.00707252489187315,0.00703556359449617,0.0064797808343244,0.00516331018926192,0.00395090642925607,0.00315651092988149,0.00402159112186206,0.00471819550451803,0.00496881896523959,0.00606720636843525,0.00596920190129468,0.0060078525764523,0.00599703256414453
2010-01-01,"G6",0,0.015625,30,1,0.24323178066201,0.241397424003996,0.24,0.237778581055627,0.238595255338241,0.242799211218061,0.251921210296163,0.260549129175457,0.26739034569923,0.271278260691512,0.272169072092421,0.271034043711918,0.271077350701013,0.272881008686175,0.277740465986429,0.285601368156715,0.296259480522965,0.311071133472727,0.327767673302888,0.346629559193506,0.367915038106653,0.392301159522688,0.419891499543216,0.451896887357154,0.487398175242288,0.527177028094483,0.568734274784956,0.613457311996406,0.665794885850076,0.728800497131463,0.806223207030697,0.89873188531447,1.00726526481957,1.12856711981975,1.25722494681149,1.38617508840565,1.5131994429041,1.63015132986691,1.72842778837415,1.807,1.86228868305408,1.89525678484489,1.90657404265515,1.89724244659574,1.86833731095996,1.82036582369328,1.75404342530574,1.66833715310217,1.56449917113158,1.44567979434537,1.31509626295248,1.17428614520885,1.03069189123435,0.886789060275003,0.751480284078395,0.623549361770475,0.508442260448678,0.408279966708855,0.322856491335333,0.251141747841831,0.193764809282074,0.150315129327445,0.116586700110098,0.0914210003955288,0.0718970282725823,0.0561802941733299,0.0442531327438535,0.035597057457348,0.0287667546953652,0.0239385323527275,0.0204707573434896,0.0181635901970986,0.0158244268635266,0.0144009290164355,0.0118244978763351,0.00943344307931641,0.0069808738116066,0.00589870033270182,0.00646862793748096,0.00696422073866826,0.00789546709541741,0.00799973765350657,0.00778652032114301,0.00644605480959952,0.00529005683288689,0.00402678558081982,0.00402399189563095,0.00392791285441325,0.00453000772730353,0.00582944440109967,0.00704196349847331,0.00808134032451755,0.00795604655706476,0.0080943602044757,0.00709873039639299,0.00579183635973872,0.00356554396543287,0.00247803918028223,0.00122157234478768
2010-01-01,"G7",0.015625,1,30,1,0.239385883001681,0.237479329311697,0.235,0.232672893680227,0.231919291864922,0.232363327827614,0.236359183141547,0.242455115350749,0.250058575165055,0.257868116528409,0.262358448862615,0.264885192062419,0.268488352454932,0.274755973287126,0.288708615841172,0.310352852955694,0.334479452913597,0.357208223418956,0.375422802287882,0.388975248950413,0.399993220738509,0.412233270426218,0.429400807907946,0.453661039407418,0.487607229168226,0.534914222919249,0.595479758149298,0.668921115323593,0.755221915738927,0.851741571162659,0.957513933612952,1.07345163711612,1.19927697396374,1.33031009230699,1.46134447750951,1.58405699166418,1.69581863025192,1.79329862013758,1.87496978350436,1.942,1.99171884760818,2.02512920422675,2.04221799313798,2.04203583647466,2.02521799712345,1.98920565194562,1.93359361775173,1.85964593320581,1.76711000293179,1.65677380392232,1.53285200578328,1.39574982157815,1.25275283512608,1.10769210029303,0.967479018835462,0.834423941683489,0.712305236615745,0.605778222216486,0.515531028560299,0.441883877161109,0.385849423584152,0.344057552144376,0.312532306166416,0.289763278724975,0.270382742985517,0.250999316010966,0.230878541203364,0.206705327066191,0.179533653637235,0.149807864879655,0.119932639857901,0.0915994891291018,0.0673297205096986,0.0480007622161741,0.0338887979970183,0.0242860137840463,0.0179604068899122,0.0155771633462293,0.0134608523432744,0.0123605114631472,0.0111273150895051,0.00990144445080312,0.00891656799523091,0.00902837746403639,0.00896807088441588,0.00903010824600221,0.007949128524057,0.00772654548305072,0.0063958504241146,0.00513830870591414,0.00502414369091767,0.0062709261266644,0.00744317361385926,0.00874427834786406,0.00905664416314891,0.00787435484652512,0.00662303169657086,0.005908435140058,0.00606443394285274
2010-01-01,"G8",0.015625,0.5,30,1,0.242893526983102,0.25150205640647,0.259,0.263799208980988,0.266297534062269,0.265449895660303,0.263293633458846,0.260850841384922,0.260240344553754,0.264227026623639,0.272043908997665,0.280676634832554,0.287782369170528,0.291896158172396,0.294128332462977,0.297292912137167,0.304194902015881,0.317018897679257,0.336151537294115,0.362808618517808,0.394097737975274,0.427071111742203,0.460734343118245,0.492404241749519,0.526652051217563,0.566120251730409,0.615696407966159,0.678647674456182,0.759532922803385,0.856279554724197,0.967798001629367,1.08672089889539,1.21124622707615,1.33616880892258,1.45979829779216,1.57548984806436,1.68393890725785,1.77659029698886,1.85144004612892,1.909,1.94892180476573,1.97307440210394,1.98063243303913,1.96764085580597,1.93506586543724,1.88156491865884,1.80882230503901,1.7182813606016,1.61158544852298,1.49040564516224,1.35908093172852,1.21809324427116,1.07691076486687,0.940078443378588,0.817467368481739,0.708861823126398,0.619060452708286,0.549404047657156,0.49576609227087,0.457087206577584,0.43224803251107,0.418760836962471,0.41111778709006,0.406224746591029,0.39877686098733,0.385085004407649,0.360920929366222,0.32704469381708,0.283653306099091,0.23673850623027,0.187386619595608,0.142542339890475,0.102691353617001,0.0716617069264261,0.0481168951681447,0.0329235357364741,0.023934989493955,0.0194758178266304,0.0170688105776741,0.0153235999346069,0.0133755804375811,0.00983855949504796,0.00868684879665992,0.00793638860781289,0.00792104532925305,0.00895748575432957,0.00882605838333114,0.00804173310491094,0.00690841472792418,0.00504155017200979,0.0049711587895551,0.00412787659103524,0.00505458498169414,0.00560996592880172,0.00690019624891482,0.0080696315828786,0.00773120497878859,0.00643580067117854,0.0052375339934462
2010-01-01,"G9",0.015625,0.25,30,1,0.249009343180403,0.258181772157763,0.268,0.274619036877018,0.274522031555339,0.269845500094438,0.264478911289753,0.260855383683486,0.261733207296408,0.268709066617918,0.280201434927604,0.293441538860069,0.307923237669992,0.322308024413428,0.335019046251826,0.347182650152414,0.35924786358323,0.373044264597123,0.389051945711061,0.404863125887142,0.419660902799853,0.435490695161088,0.455183087867372,0.484193147335539,0.525011079242571,0.580758577399621,0.647183255117859,0.721140151304252,0.802751994568751,0.894305321128392,0.996312040584281,1.10923531665166,1.23520713632401,1.36753027343558,1.50212423325233,1.62847637371352,1.74357317025574,1.83969394448525,1.91170048937284,1.96,1.98641875608107,1.99487508591473,1.98719026790451,1.96196379358253,1.9171395326838,1.84843557863042,1.75822569105906,1.6484652612928,1.52511210627007,1.39461421142772,1.26308202745993,1.13270636521458,1.0089263606437,0.893748398867126,0.792667220112222,0.70463927489155,0.63635584058787,0.588385179705681,0.559124158444303,0.547298065441069,0.549665739710693,0.559584101321416,0.572744327936433,0.581812588814139,0.579959624043962,0.562835693512434,0.528734178156049,0.477077798225888,0.413668555018268,0.343222761149292,0.272451458796268,0.205728015328483,0.15000592890496,0.106503384787286,0.074495176684151,0.0529603779131974,0.0378813578918785,0.0285351715810196,0.0221152624294095,0.0173233841364702,0.0133323475861157,0.010871500109073,0.00993583417906433,0.0100164638476853,0.00999594630301277,0.0100016736810441,0.0100272109828581,0.00970148352588632,0.0083814007392194,0.00719619146517222,0.0059761003097296,0.00625027963636332,0.00702639385577164,0.00758948192364726,0.00894856378050789,0.00898806813373102,0.00900546791626518,0.00899860584801296,0.00900052684066426
2010-01-01,"G10",0.015625,0.125,30,1,0.286736612150248,0.283794418932018,0.279,0.275585354873684,0.275311142960896,0.276630644668453,0.277955215803994,0.276849155124048,0.27440939531381,0.275437976436114,0.283442873449385,0.297360341955184,0.314365645110928,0.332201943191075,0.346823060356805,0.358443450640225,0.369242820654617,0.382827992363783,0.398207352472432,0.416988471376419,0.441623506681172,0.468598561725181,0.499471141100482,0.531947901955013,0.567315907780936,0.609079325253558,0.659854585826968,0.724149135851256,0.805479550233009,0.903169009148244,1.01483380149898,1.13672803260101,1.26595061769918,1.39813013496061,1.52846013845425,1.64866351251528,1.75472969896693,1.83763296867384,1.8920442905758,1.921,1.92508320538676,1.90955401448812,1.87760148635918,1.82759693223254,1.75963044123468,1.67230405421048,1.5665188387963,1.44669485409726,1.31826528508505,1.18701002209482,1.06093112037049,0.941272494180342,0.835573200080754,0.746618079406242,0.677993523710338,0.630026379137555,0.601354088151454,0.591075016729642,0.597067015811964,0.614908282231589,0.64195423221588,0.671436455975592,0.696583503373177,0.711499907906804,0.710239193031895,0.687419293773388,0.643318478240881,0.578340534215557,0.49876326968932,0.411913634850979,0.324853056163955,0.24727146228328,0.181956776872564,0.131976017650251,0.0952559689846266,0.0686955119099491,0.0498392309079654,0.0357548666939756,0.0261344984874489,0.0195088178106155,0.0153721565736358,0.0117864801324053,0.00942692036298387,0.00687875238270927,0.00516232711727531,0.0049725593295126,0.00618403389130702,0.00738549613219825,0.00857498118810961,0.00988136529717077,0.00999492003420201,0.0100206887935716,0.0099006470564408,0.0107200055509644,0.0110046539123893,0.0109096656849612,0.00993726996909862,0.00961917908657663,0.00753574041258258
2010-01-01,"G11",0.015625,0.0625,30,1,0.290107073525973,0.284514563583307,0.285,0.290713892398094,0.304366555949114,0.321581502598774,0.339363629711822,0.350543023692055,0.353983201145973,0.349449501517672,0.344548694517524,0.343885891234294,0.350057367207721,0.358610052952549,0.363540943558179,0.364780854241829,0.367070484708721,0.374248939410052,0.391688954802304,0.417074835821565,0.448034956128582,0.482185881384562,0.519400015059048,0.558720207462725,0.600219697667257,0.645090575324436,0.691819305069392,0.746067258077675,0.813040493231834,0.896622073975658,1.00056740769002,1.11976959524499,1.25328313895078,1.39118798739912,1.52434321135333,1.64559380916693,1.75074867616191,1.83646474527155,1.89860680768805,1.934,1.94345830591081,1.92444535929533,1.8824275190743,1.81830459875302,1.73457614410626,1.63464937688417,1.52303507063964,1.40251794596487,1.27699441369405,1.15557888524704,1.04500017287851,0.949851367893808,0.876027590245643,0.825797779733474,0.795536803130111,0.785773140375894,0.796195749053553,0.825440382720415,0.872911722969573,0.932962135569678,0.999826768017044,1.06556630504014,1.12493719988994,1.16871914468352,1.19014060824508,1.18158099535653,1.13748174314279,1.05719660140203,0.948196371907596,0.821066849213415,0.685357027964686,0.55262577857678,0.433581689001955,0.331020758811265,0.246991475428502,0.180691130942654,0.130582151991618,0.0954063818429205,0.0702450827214448,0.0537612765075406,0.0419838046738018,0.034495864969554,0.0273920352435399,0.0213328686465573,0.0159511896958465,0.0121222876481069,0.00972676409821161,0.00922521639223962,0.01065610578146,0.0117362269659849,0.0140637292514045,0.0150401804002471,0.0150615404524209,0.0143716746544005,0.013097210665732,0.0119021360628547,0.010373415091778,0.00833934589960264,0.00730381580103488
2010-01-01,"G12",0.015625,0.03125,30,1,0.323249630846921,0.322194693196855,0.322,0.324693324952997,0.330497289483083,0.337771731226561,0.346133763400674,0.352373505196353,0.356806636070561,0.358280844871095,0.356600991134889,0.354103339775498,0.351842663262697,0.352525954754789,0.356169736271359,0.362690601494474,0.373240486299669,0.387266641328687,0.407237286617061,0.433823831926258,0.465035237472031,0.499092026114482,0.533224745845455,0.5673880751399,0.605087521838725,0.645137937476798,0.69158998539588,0.743710581033424,0.807794450499384,0.885588210030569,0.980046702493354,1.08798092118978,1.20787826452634,1.33274716329691,1.45853703191154,1.58002659209145,1.69200925191748,1.78739134670022,1.85523467556554,1.891,1.89158594254971,1.85770986855667,1.79260341305261,1.70309150797377,1.59616442565029,1.48048765618739,1.36298442517018,1.24860686016786,1.14015254252166,1.04217816543886,0.960614527760663,0.897466714759401,0.854622664028075,0.832646790656864,0.831273245075281,0.848974844061823,0.886427320634659,0.939536052002163,1.00650940761635,1.08361388088178,1.1669362090139,1.24927849616338,1.3236563564714,1.37887152713071,1.40190200322619,1.3875558737206,1.33373470360162,1.24367655199456,1.12362497161589,0.986010631888258,0.836341421859961,0.686794748080795,0.546065465291569,0.424723268986409,0.322574602588172,0.242585317926623,0.181478812689947,0.136722264527519,0.101316096429902,0.0743340453186612,0.0538853582861211,0.039122514975704,0.0288135379052358,0.0232632048234927,0.0197470544385305,0.0170879392736057,0.0146233335911192,0.0125486622868222,0.011329995103687,0.0109856344982643,0.0110187180598953,0.0122592950592191,0.0135644947811484,0.0139197735195495,0.0149798102658651,0.0139447872768957,0.013728413173706,0.0129298044950835,0.0124536946946511
2010-01-01,"G13",0.015625,0.015625,30,1,0.375014171590003,0.380912148048324,0.386,0.386783317146532,0.383474301408352,0.3777301820412,0.37249860593293,0.36888811426429,0.369202528433938,0.371209328061337,0.377039637018655,0.387545447406855,0.399911832230934,0.41565265765498,0.430326016087143,0.442636517547664,0.45013082973487,0.457865790102831,0.470423162545048,0.490126856595241,0.518242850438528,0.550043311362646,0.585847789496051,0.622614628663544,0.66169559428767,0.705077621775097,0.754312812617555,0.812937426909749,0.88606974423654,0.976121217232765,1.08053160526576,1.19777909892531,1.32445745544078,1.45416858283289,1.57982435536979,1.69145375684678,1.78252149594204,1.84054030477033,1.86137488268076,1.842,1.78434239829891,1.69758503272693,1.59141238321322,1.47767441157119,1.36427183445648,1.25819914690896,1.16288560766055,1.08251472845728,1.0191770599332,0.974065345043612,0.95059246914274,0.947761513638431,0.967237418068061,1.00853677347861,1.06997110139891,1.15023708958838,1.24406265958187,1.3455642503517,1.45271610776254,1.5596749729866,1.66200922789482,1.75076254726817,1.81600604154266,1.84731348997652,1.83612953060093,1.78107255893665,1.68108054266415,1.54223898797972,1.37339837860196,1.18877785300066,0.99960405704644,0.818373596637726,0.655669027506219,0.515756752712044,0.399307734458683,0.304978281804019,0.231360012209853,0.174678437208785,0.131242716104779,0.100161236550992,0.0780321598331879,0.0609476025378263,0.0480201191773549,0.0384934610087579,0.0329643221612735,0.0290990974928643,0.02788864704447,0.0262858936061696,0.0238752946110313,0.0205827948848908,0.0168941884919672,0.0131480316787656,0.0103976600370786,0.00926204220044363,0.00898297742852969,0.00899597860588142,0.00900184285054944,0.00899953012927947,0.00900017756098677
2010-01-01,"G14",0.015625,0.0078125,30,1,0.315267432185297,0.314406848617646,0.311,0.308353387724076,0.305560063164993,0.307523596686719,0.314875063527588,0.325751404530365,0.336943948103542,0.348052634289154,0.354144467956945,0.356950940481674,0.356872128398183,0.355631860290717,0.354292963794064,0.354593117831835,0.359123542912256,0.366829860828383,0.379764697303537,0.39613809343154,0.416866976994915,0.442588412943094,0.475584891484654,0.513107481004591,0.553105747741062,0.590294326383354,0.624096259231221,0.655855656596194,0.692470565942685,0.742376110211712,0.806566051373204,0.885314894866176,0.972321789513805,1.06256743680899,1.14823540076228,1.22003972579782,1.27112017490553,1.29427201506421,1.29186545020379,1.267,1.22402206464519,1.16522828505222,1.09492010986815,1.01760484380897,0.94198063992376,0.877072887022513,0.82840042161339,0.797332105317999,0.78604283290832,0.792951555247584,0.815612710503959,0.85351061817703,0.90362980126827,0.963962514166501,1.03523282101695,1.11996738397433,1.21929985777925,1.32873367032529,1.44563731739876,1.56175803947594,1.66799272783476,1.75549963923357,1.81610126331967,1.84393845623253,1.83252980830093,1.78234929696484,1.69321410415025,1.57119328698135,1.42371635977062,1.26060921778071,1.08737020901036,0.917035733269667,0.755561195934862,0.611793472326718,0.485207445288198,0.379823329302261,0.295245568294582,0.228194053096299,0.177315105262788,0.137531001621281,0.106927726140966,0.0824972212433356,0.0634522286443409,0.0483618781917163,0.0378482980313366,0.0312150534758469,0.0265362121306572,0.0242957905704209,0.0216879349517368,0.0202242220556024,0.017927435421251,0.0152791413018325,0.011987483566199,0.00958543193052096,0.00805114912341539,0.008081003287606,0.0093462467927039,0.0105444514877995,0.0117699285829289
2010-01-01,"G15",0.015625,0.00390625,30,1,0.291596546069839,0.291948965600708,0.293,0.29285408790839,0.291261836439497,0.288170207191425,0.284257510786077,0.284087604969889,0.287219578277308,0.293767869246384,0.2983141712546,0.300950726335352,0.300972884207372,0.300990011164947,0.301316495141783,0.305062787917147,0.313222783340222,0.327002623778168,0.343843705055235,0.362072888282556,0.380482472902832,0.395279439873222,0.409974743598552,0.424689613876092,0.443494938555074,0.468417514463126,0.501775843319849,0.542574276454351,0.592115997878865,0.649226421823236,0.708984909458009,0.767596302812904,0.822546132422913,0.870790246455755,0.909981573322279,0.93733053428322,0.950046628102666,0.945670919080399,0.924434642066342,0.889,0.846134030182639,0.804898211728826,0.76963132564327,0.744272818680393,0.726008942759686,0.715831829392814,0.710836123789461,0.713304713804608,0.725314930962298,0.748087847043102,0.786561362070887,0.840345669685215,0.912666195758051,0.999765504322486,1.09746881605862,1.20389817886736,1.31434390864432,1.42163954554497,1.52268391916387,1.61162684943738,1.6843366720482,1.73512281696469,1.75688302732732,1.74560753913716,1.69621372283871,1.61175771880129,1.49682420920113,1.35872201424182,1.20910711904072,1.05468393463115,0.899274003779024,0.752504213025665,0.616647279080554,0.497716666980151,0.393362761965436,0.305361027517501,0.234367994569424,0.17784290332872,0.135266808323319,0.104823840889914,0.0830605988108086,0.0659489443118993,0.053051847939771,0.0431522329385577,0.035428480261936,0.0301609222772819,0.026505201930297,0.0227518956689409,0.01984296537286,0.016538982674203,0.0139524152150192,0.0127569295053422,0.0115542905577371,0.0102344498981718,0.00998489474207064,0.00999562377803963,0.010010829448342,0.00994900040105482,0.0106219363182012
2010-01-01,"G16",0.015625,0.001953125,30,1,0.278596239343379,0.273255894974715,0.266,0.261335634245108,0.260397415637026,0.264860229248985,0.273860957514,0.28362804599632,0.289816051742076,0.288887289801388,0.282849156806187,0.273421933976432,0.26261703050592,0.253665482686043,0.249966060450651,0.252004034791757,0.262251935824809,0.276072468486213,0.291703830099527,0.306039865309897,0.320740758212636,0.334271069116003,0.348806007225291,0.361429911548055,0.374113347008746,0.389676091641204,0.407171456805815,0.429785863640028,0.455924209723794,0.486702176053921,0.520718617121643,0.554139460896182,0.585110404230434,0.611473595276209,0.632918121004548,0.647289345499561,0.655707646238918,0.656036145597493,0.647384648952843,0.632,0.613572128787385,0.596582268856629,0.586389053894508,0.585442006617068,0.594968161304922,0.613424364100557,0.637622784103578,0.664785898254711,0.692829251429452,0.724759653512379,0.762693882555512,0.811712863377078,0.875191266720532,0.953570508914324,1.0467544298919,1.15219946734276,1.26383209240808,1.37513088109468,1.48237410664064,1.57986070370745,1.66212988101504,1.72440577607833,1.76251595949442,1.77121513454059,1.74707312797891,1.69122785003105,1.60689511469222,1.4981069172217,1.37326837731471,1.2372162210304,1.09215009276384,0.946708021278324,0.803279974845369,0.670497835388024,0.547676092824972,0.44048031924016,0.350184291019903,0.27678270175188,0.217554384053121,0.170571234574823,0.133436262979408,0.105165704154039,0.0819253157392414,0.065433697063956,0.0524426313546625,0.0423623972776053,0.0338998931202935,0.0269523695181429,0.0214915930284581,0.0174823636731847,0.0149557538503732,0.0135602273776229,0.0113291444948616,0.0110711061407816,0.0100722071441811,0.0100039144162055,0.0101750885552136,0.012081383620206,0.0139698669649198
2010-01-01,"G17",0.015625,0.0009765625,30,1,0.259738295958624,0.255474668545656,0.255,0.260088328252823,0.266196006155094,0.271853522605545,0.274018927153377,0.272866455665739,0.270214052934832,0.266306821291496,0.264100074201117,0.263997629838435,0.264014458345132,0.26379338605474,0.261747432251774,0.2602096306756,0.259021703401448,0.263030106991182,0.270457749783212,0.280878659413717,0.293768867806841,0.307260848619974,0.322034505309585,0.336076107196371,0.348721243947662,0.358819932409681,0.367244471940249,0.376844810530799,0.393231677985159,0.418874383265473,0.453857855491394,0.49114399545409,0.523967922683589,0.548242992361704,0.565197491180442,0.577340600659613,0.589105753040994,0.597687518051145,0.602789560840754,0.6,0.588204929517092,0.570715994375499,0.554630024124418,0.546217231426227,0.549666447149094,0.566407303232291,0.593410769106012,0.626865135896439,0.665382331188007,0.706882625007262,0.751763125176081,0.805373879548922,0.86839152528378,0.945480991728977,1.03368679730901,1.13468441369832,1.24335980216759,1.35318497601817,1.46040579941355,1.55980168094379,1.64491433021939,1.70752553522384,1.74359815912022,1.74755285190131,1.71972234887371,1.66146468616682,1.57607288600738,1.46605643542001,1.33977907028748,1.20142689709439,1.0569541911061,0.911578325919904,0.772750646067839,0.642110989474137,0.521940709146889,0.416251497117349,0.328215979181743,0.258501980111752,0.202407170435582,0.158617731817234,0.123410761151542,0.0951787620953323,0.0716504223262217,0.0543495707486284,0.0414070114240655,0.0322760122401615,0.0261170759170672,0.0206142394874286,0.0176878116949254,0.0161729329800539,0.0149812592232226,0.0150372720735544,0.0148968104480632,0.0157173042024719,0.0160110710559283,0.0159518933702138,0.0144017923920422,0.0118870569739618,0.00946922740760337
2010-01-01,"G18",0.015625,0.00048828125,30,1,0.249298717219248,0.254874103598271,0.261,0.268419648978477,0.274770504115884,0.27585716193969,0.270796091685996,0.263507191768261,0.258093328300592,0.257078130540855,0.260869139804435,0.264894694196245,0.265874601356595,0.262693276236277,0.256910041950896,0.252416027525695,0.251026210405962,0.255062670770405,0.262073510032414,0.27120840790198,0.282841234510893,0.296305038062472,0.310564120749028,0.321635970763018,0.329081656533968,0.331975602873874,0.333386081167526,0.337843673965319,0.348911799058953,0.366464662420154,0.387049897835539,0.407295981862429,0.424015275673262,0.438626208646149,0.45127730298897,0.463151160691263,0.470689017022672,0.474414628836405,0.475057473558701,0.476,0.484175255685284,0.500572174204926,0.522621093432454,0.549052616731216,0.574715300099808,0.59933918441567,0.624806524732197,0.651478215102429,0.683581263080907,0.723154865919654,0.774184141129302,0.837442200126218,0.913429633501308,1.00176362803453,1.09817256775481,1.20353866952927,1.31195978582839,1.41769966868574,1.51878880242997,1.61079878665824,1.6888291965482,1.74797087085914,1.78160628301564,1.78647598877018,1.75798047133638,1.7005367588857,1.61575857104248,1.50925038048599,1.3866257607253,1.25162960901039,1.10807189402678,0.961731418961121,0.819387846142378,0.68633064321185,0.564732858845408,0.459449485909455,0.36816462053146,0.292233969496125,0.228786421344585,0.177539757605229,0.136799045940179,0.106039785168804,0.0818772498437625,0.0653435295376893,0.0532285837431582,0.0433504824879088,0.0361200527582928,0.0300345633612945,0.0244559217803263,0.0205391815148175,0.0169036333173015,0.0146864601299942,0.0135788378029717,0.0122106347125524,0.0120225015220186,0.0108376938985083,0.00998789986357222,0.00950979316727794,0.00878240444135083
2010-01-01,"G19",0.015625,0.000244140625,30,1,0.246197567146922,0.248492664503542,0.252,0.255342095636682,0.256515972000276,0.256567198163586,0.254273919665102,0.251818090267574,0.249641290129619,0.248429951834503,0.247943444306663,0.248010271884941,0.24660116531626,0.243129040068664,0.240781349789576,0.239051068269494,0.24005104556711,0.243973904563485,0.251509790476049,0.261412104552967,0.271159459544646,0.27837942584694,0.280480727133115,0.280418981905635,0.281158528761846,0.287789413519406,0.301411890175132,0.317612407046134,0.334205121498573,0.349232809604352,0.361597080635533,0.373549936335608,0.383879842898346,0.394321000623723,0.40532296181913,0.417397601451001,0.43130355912374,0.444865097358374,0.456922428755541,0.467,0.475777820680754,0.487500234304871,0.503257904002607,0.525231520197945,0.551921306649952,0.580475999172094,0.6111910312244,0.64543592514043,0.687188579239921,0.736537307030234,0.796870087408639,0.868783906463567,0.951562373350545,1.04593273582277,1.14698323993608,1.25560023636355,1.36540369327917,1.46644163802628,1.55644442225381,1.62874166851135,1.67970718788859,1.70507499632071,1.70332188718211,1.673201139387,1.61332461387221,1.52801968230026,1.41959963966383,1.29334170460132,1.15627272555316,1.01645299663368,0.87657066950988,0.743732580166078,0.619852277992575,0.508768079835656,0.408657222859644,0.323056708985933,0.252363116140587,0.195965367718342,0.152191968713227,0.117823056064933,0.0924056238370429,0.0727697029788688,0.0577410092673127,0.0460260238722191,0.0373757353205181,0.0312477675816425,0.0252329142723593,0.0207145937321903,0.0177478576307822,0.0153891801948688,0.012946423817115,0.0117672926507945,0.0105317711578835,0.00931890911420003,0.00809561123647871,0.00686573158657419,0.00585504495158576,0.00653025111785805,0.00720246309247825
2010-01-01,"G20",0.015625,0.0001220703125,30,1,0.248203882258015,0.25374269355124,0.262,0.27171099633139,0.279111065752218,0.282096097950394,0.279525458732902,0.274651402614658,0.269993474067826,0.266935054345751,0.264479440895703,0.263028060378837,0.261623189882769,0.257960418755897,0.253105413554323,0.247589371628023,0.244982854918695,0.246891676194777,0.254111436938411,0.263251132392138,0.274033920529902,0.283822464123826,0.291919355829613,0.296708689745475,0.30035955634605,0.302935460615061,0.307982360069576,0.316281903622976,0.32864366456014,0.34316125714467,0.355514130488432,0.363297236662709,0.367479513747588,0.371179586192203,0.37468800645406,0.383290514996768,0.397336062620646,0.414875203873476,0.435434249813276,0.454,0.470705444756427,0.485857258085504,0.504117726678734,0.526272903804767,0.553038678256587,0.583816790499602,0.616351006272804,0.650897194685105,0.690326838180265,0.734733832422253,0.788868202283137,0.855753435454519,0.935967276101186,1.0279184883849,1.13023344700475,1.24051492199661,1.35242742653297,1.45979396007261,1.55612492825838,1.6367462060693,1.69591257274775,1.7312163959377,1.73909988434745,1.72109134470838,1.67436921204752,1.60172982286023,1.50513776490857,1.38774220826138,1.25720136932459,1.11880512878445,0.976053912552865,0.83623813502637,0.70256667127114,0.580734162987595,0.47209105078454,0.37932975599204,0.301294526335153,0.237318811290303,0.184007555235066,0.141156633314341,0.108154710721299,0.082445670842743,0.0639057785326283,0.0514909639318726,0.0427657392167382,0.0352934389928894,0.0280937041246231,0.0219601535164826,0.0170874000242159,0.0135232087969655,0.0109580064214149,0.00953948957269451,0.00745117854305012,0.00625405286986185,0.00598087905049397,0.00597787345885661,0.00623820129041532,0.00762023821738256,0.00813862537468141
2010-01-01,"G21",0.015625,6.103515625e-05,30,1,0.224977598573302,0.223137402063386,0.223,0.225459604738099,0.228055441782531,0.233143178505829,0.239302900099077,0.245301876723083,0.247165890455437,0.246271629293101,0.242131800371127,0.237204755162127,0.232598528166923,0.229945946458813,0.226637732625307,0.225127383571258,0.225022921888224,0.227787723307714,0.233580919273611,0.241695048040853,0.250218826285092,0.258694974224249,0.266059620874887,0.272374046818418,0.276404619708043,0.277999817728898,0.278239123795414,0.280934155130822,0.286934972691771,0.297549470011875,0.308548809688307,0.319261633397972,0.328472887348898,0.336953341475958,0.345470214721386,0.355174377171145,0.366083398057349,0.37814941635095,0.392184411787179,0.41,0.431112053039431,0.456638941154549,0.482771670770932,0.507441497353413,0.529562712650054,0.552912541055184,0.578824018608578,0.611648147096495,0.653154217205554,0.703627445167809,0.763657595175049,0.833426504785356,0.91563251855474,1.00785585644854,1.10625440373808,1.20895484972671,1.31120593406871,1.40595135750039,1.49115459638254,1.56098403670973,1.61070078458817,1.6347007524042,1.62941881398387,1.59316161740987,1.52757085479276,1.43785916537861,1.32846074360681,1.20457728406251,1.07366186750654,0.940329845575774,0.807278335146388,0.679413054294491,0.561583556595744,0.456675179592186,0.365103753727769,0.289472118206905,0.227443286132468,0.177994676642181,0.138608103248756,0.107272876626817,0.0832942851283075,0.0648748030587927,0.050751954775032,0.0395583149377828,0.0313477243934555,0.0261991915016306,0.0215711433347703,0.0188289849860961,0.0163214972331905,0.0144321565641232,0.0119481953095894,0.0107648597122828,0.00953417344386649,0.00831143036820064,0.00710914523369017,0.00595567751667741,0.0059691321285144,0.00645292394539037,0.00783434842373682
2010-01-01,"G22",0.015625,3.0517578125e-05,30,1,0.263524161778287,0.258084467719956,0.253,0.248150631608531,0.245783782093304,0.24598179861069,0.246787543814635,0.24917549770924,0.251585776673298,0.253984973379645,0.256613690402131,0.257021744252211,0.2555937693352,0.249770618910812,0.242929931749949,0.237449019443972,0.238081700731602,0.244709409051787,0.255431651515725,0.268490497144131,0.280168534069739,0.287560933829527,0.29138316704946,0.290174125821429,0.28600519998711,0.282048871303144,0.28100460879939,0.283273437739926,0.289564259298375,0.297870046696409,0.306417998927113,0.314965629958133,0.325763034779407,0.338009993959697,0.351189777903216,0.364477263249079,0.377697510336774,0.389155010995,0.400729935074327,0.414,0.430453092786579,0.454702065079238,0.484028811031491,0.516326231858871,0.549274536317324,0.580490740274545,0.609344525723167,0.639124158972482,0.672483697890524,0.715544203822732,0.769422287018907,0.838416950518264,0.920488542347375,1.01491389662027,1.11463046624465,1.21993859473477,1.32446133622508,1.42266137537949,1.51040069699285,1.58432930891719,1.63829045213784,1.66734696041677,1.66925655515626,1.64143229207727,1.58282471546097,1.49793421494452,1.39117410342857,1.26854586744115,1.13470174204374,0.995949964839772,0.856726368153153,0.722787982256223,0.598941886688295,0.489343198885794,0.392330997129985,0.310412559882339,0.243389993344314,0.187913679827066,0.144963847618391,0.11258088356111,0.0882484659196128,0.0698013914229038,0.0547788723214654,0.0425413310144211,0.0327799218291475,0.0242777325515339,0.0193130327469409,0.0150526774951632,0.012764125759586,0.0111432258669331,0.00995681248013623,0.00892336404483675,0.00902190651143928,0.00899460300555736,0.00900321176523871,0.00901917594437615,0.00875432686100033,0.00742990529596314,0.00623976181611075
2010-01-01,"G23",NA,NA,30,1,0.131066251849553,0.127677079875597,0.124,0.120457538514416,0.118456184750246,0.117843388810793,0.118905813730777,0.119003131183641,0.118763467822249,0.117655685702135,0.114790142456412,0.112118933281521,0.108691348590047,0.107851292005098,0.10901005309192,0.112356176706179,0.117084975745314,0.120789981158373,0.123637427720759,0.124636761887933,0.125904550041984,0.127174878915456,0.129682483943578,0.132078871520618,0.134511280464796,0.136951486862314,0.139399978349337,0.141696106285501,0.145222850080682,0.151926823018763,0.161571099302577,0.175493418835496,0.193551169950129,0.214610694470435,0.236745304951971,0.255972027024276,0.272529422139004,0.285529105030574,0.294005872721012,0.297,0.294163048515556,0.286727427822433,0.276279817077438,0.26430629932926,0.253227734265569,0.242553660659904,0.235626326744302,0.232281486126764,0.232890383792399,0.236583805934472,0.242073847893011,0.250005847358378,0.26022294056292,0.273470760352518,0.292098431727311,0.315519459843142,0.341439338445941,0.365929961056185,0.386596648309718,0.399561282013135,0.40079667415703,0.389849491433406,0.363671878512298,0.325233389041917,0.278017188222618,0.225415281195937,0.173416068295643,0.126782057148568,0.0869373893961604,0.0589234261403641,0.0407909467940333,0.032310951634693,0.0287651343257083,0.0277259944975294,0.026001861269166,0.022644711595712,0.0189625642078723,0.0154748532002528,0.013352115175032,0.0135611913718656,0.0148621845497222,0.016034527120863,0.0160294043552738,0.0155566393324574,0.0142538744867743,0.013047800850947,0.0118014593238328,0.0109183503581463,0.0109943546833108,0.011065547825298,0.00996206092825098,0.00864571409135714,0.00842703630797636,0.00887068632233496,0.010853373480985,0.0109834092787245,0.0107795413446554,0.00937523795146502,0.00886308415070142
2010-01-01,"G24",NA,NA,30,1,0.122139416958442,0.118603136999191,0.116,0.113528955145734,0.111402487438836,0.110987788833178,0.110932715475265,0.112029887496211,0.112248542166553,0.113018396799665,0.11369638207267,0.114925385524203,0.117218940296607,0.118477497295202,0.118543729508572,0.117166391038832,0.115976291281425,0.114712826419452,0.113935492595184,0.11393986556097,0.114852827236906,0.117366150871353,0.122254282282624,0.128072552219567,0.13561647436025,0.141890017124187,0.146655985546561,0.149945199111645,0.151625857746226,0.153554622819047,0.158300445549238,0.166067179521588,0.178674160840118,0.193502317172348,0.208143820806713,0.221321263957522,0.231709825732382,0.239084910544411,0.243612757980988,0.244,0.242542056912151,0.238005600300098,0.231087192753687,0.224560299035563,0.22082026917834,0.220385888884771,0.22330210726934,0.229189150821356,0.237644201980965,0.247555650967186,0.260085138275601,0.273876404113524,0.291128541341886,0.31060973972761,0.332738424464354,0.357357602926931,0.381124068786525,0.402355421611653,0.416986327417461,0.422232977818777,0.415629255780974,0.395663709071119,0.362772367214688,0.319541474693175,0.269262470545924,0.217450334766362,0.168849695346524,0.128177604164961,0.0967210804324474,0.0756663092820102,0.060890247889709,0.0505443098170982,0.0421720840249257,0.036238505158956,0.0305350114965641,0.0266168376651978,0.0229693460200671,0.0205958449708577,0.018023298087837,0.01636733434956,0.0142888560623749,0.0118193012191622,0.00961220446735065,0.00848958203105296,0.00728363093587636,0.00602652666481979,0.00601472300105034,0.00601181233587058,0.00591480697524386,0.00679141075295772,0.00804039287508133,0.00908358641955585,0.00895331633368332,0.00910345844663841,0.00808220318389269,0.00808914723766059,0.0093336907392136,0.0105958913184311,0.0111478259041327
2010-01-01,"H1",0.0078125,0,30,1,0.242295660851918,0.235420142835802,0.227,0.220248580549008,0.21872665313368,0.220635527984022,0.226234565790655,0.23346563432936,0.239419221774334,0.242303806947527,0.241545946782085,0.237171534402126,0.234737763556163,0.234690951128968,0.239824924488888,0.246920503373663,0.253096159459723,0.256472744050833,0.256379603630637,0.252898985362003,0.250222364650367,0.247887384129401,0.248321811249922,0.249389788889769,0.252162682350208,0.255941222221105,0.258407485932483,0.260455420647048,0.262004056020411,0.266292769672855,0.272369329128767,0.280964929907199,0.288815955962099,0.292576069368386,0.293995673413125,0.292859581789188,0.293867048264853,0.301567861875064,0.31650210626236,0.339,0.366048450336197,0.393764812099621,0.420344505906931,0.44626611562444,0.470751603284315,0.496378423591923,0.52254726366513,0.552742290417713,0.587483637106194,0.627761503551758,0.671189061198224,0.721202905404251,0.77773384852837,0.844145117374048,0.92143550590638,1.01225590690212,1.11298256687803,1.21917893040357,1.32878803510584,1.43549969759169,1.5355573199639,1.62025184692848,1.68591639551468,1.72651301750949,1.73751999930616,1.72143181754817,1.67835595966564,1.61324561250099,1.52776335402659,1.42446594967967,1.30535894741603,1.17509745042481,1.0386686000068,0.904214352921072,0.773048558061355,0.650852246911432,0.537938587308008,0.438938956901805,0.350902655590529,0.276278471692965,0.216798355338048,0.167952304674554,0.130516899456536,0.101424125664471,0.0790849701336636,0.0625857292417286,0.0494506972264449,0.0401599984620228,0.0328064775274272,0.0277122775056622,0.0228486135234952,0.0181311476337277,0.0149359962383187,0.0132950675391635,0.0120600980802324,0.0120147859069534,0.0119844001926374,0.0120522158950962,0.0113776040516594
2010-01-01,"H2",0.0078125,0,30,1,0.257957297125165,0.246974899213656,0.237,0.232315723122944,0.231842534097773,0.236524164262446,0.242283975830949,0.248344779421927,0.251493323869284,0.251707167540984,0.24951549480882,0.248006842042527,0.249358230896972,0.253464785533369,0.258389697178786,0.263298738724612,0.267043253598368,0.268240376950075,0.269165677853215,0.268366742804229,0.267103646857956,0.265872938352846,0.264913182991396,0.265038161110925,0.264936896246132,0.265963273646786,0.268513842220464,0.272374532978715,0.278756965223616,0.284509359878785,0.287031480141836,0.28527278459749,0.28178146614898,0.280834868033702,0.282719802898158,0.289926454027777,0.298585625741461,0.310012086242922,0.324958247018973,0.344,0.367515303100376,0.393204873591966,0.419231757636965,0.446066486921695,0.472942172117312,0.500773207972673,0.527839187009061,0.555722028515036,0.585713258612469,0.620081480778176,0.660439775668951,0.707835314805813,0.763698925980815,0.829057934354111,0.902844133041958,0.988421449727516,1.08438260604072,1.18835637331726,1.29796729108766,1.40688470935598,1.50856947411293,1.59573758825637,1.66482230323471,1.71177538005061,1.73145347505047,1.72386129435809,1.68851361986412,1.6284072921172,1.5453333063315,1.4440378829874,1.32606011164318,1.19701303305226,1.06168616712554,0.925250709430417,0.790441038244816,0.663547118787087,0.547906831060648,0.44570906050804,0.357886770785348,0.283946072531825,0.224832120296861,0.17597420039869,0.13820959680503,0.108505501674181,0.0846521939313893,0.0666135576572531,0.0520991836570902,0.0410521499369401,0.0332239326579503,0.0276918364640203,0.0228719470259539,0.0192170021245632,0.0160088730052481,0.0135655282582111,0.0120822952180629,0.0108793874810841,0.00962954942716148,0.00885853489771944,0.00968595482158227
2010-01-01,"H3",0.0078125,0,30,1,0.245042876108136,0.23791420600152,0.234,0.234622475083457,0.24004414205943,0.247268664600911,0.257028903254222,0.264515338974496,0.271272757215026,0.273188379237454,0.272515934537932,0.268223844341734,0.262003888584812,0.253350088916616,0.244618762145483,0.238508284269492,0.237028435840954,0.241066575202226,0.248019427662212,0.257440686946418,0.266265946041702,0.273497988295327,0.276291531786929,0.275062068344397,0.272339168592839,0.271983655080695,0.273281293573329,0.276312752693566,0.282680937362573,0.2899386267978,0.299497598703,0.309156898425795,0.318587529297122,0.326245874883193,0.333608361352124,0.339796931757463,0.348775325501102,0.358898140787744,0.372164497472243,0.389,0.407318669434516,0.425477509047089,0.444840045211551,0.46723891568817,0.495115788019587,0.527459870465486,0.561414062762383,0.596290951885458,0.630578523505596,0.668383843647831,0.709880566432703,0.761579546157361,0.824549572760139,0.898343220447585,0.981549969829289,1.07630697962919,1.17942357987012,1.28705364480669,1.39907327794945,1.50742789500056,1.60570882523083,1.68560909111875,1.74409083106113,1.77506900704312,1.77738930498618,1.75079891006266,1.69687589106665,1.61850897685772,1.51878409418193,1.40395477195168,1.27508871331803,1.13933194131791,0.999244648240496,0.861098280898902,0.726813072951838,0.602829186887051,0.49196876879027,0.397012085823651,0.316915562961595,0.251078145019755,0.198146645397901,0.155283814731403,0.121439828477808,0.0955387048967778,0.0756336618915183,0.0605297725411204,0.0483642466921289,0.0381736974364737,0.0296984636186402,0.0228193628042933,0.0178940505817741,0.015540217017111,0.0130160568024223,0.0111531312383303,0.0110406974622717,0.0099350417822446,0.0100297678575518,0.00999241010364039,0.0100028681708142
2010-01-01,"H4",0,0.0078125,30,1,0.232513322796473,0.235716529060845,0.236,0.233694450882315,0.232473686064092,0.232429319326469,0.234738985618742,0.237227485936991,0.2407031138924,0.242890324183181,0.246648318855437,0.254593092397464,0.266873274651613,0.283395150621234,0.299301149457938,0.313273324055804,0.322163151599487,0.330454489546806,0.338788594963367,0.351532626386956,0.37179268475689,0.398677567134408,0.431033772239096,0.466169778495516,0.502557726079928,0.541197521992555,0.58300114646421,0.630331689605928,0.684874348514212,0.752082522523974,0.834392214374478,0.929285988741863,1.03964255066656,1.15867871952808,1.28167946729477,1.40089779288448,1.51331194525087,1.61041947353329,1.68825457477149,1.744,1.77617824735426,1.78547079771169,1.77310839687943,1.74088202631324,1.68770849768932,1.61597288874642,1.52550868711393,1.41795307250125,1.29610324054157,1.16417766550604,1.02666177077787,0.887142575719279,0.751749406571989,0.625427629027239,0.513508126560727,0.414037708146098,0.328856260146712,0.258562094625662,0.20237431055395,0.156962629915316,0.12262617369452,0.0963346468935703,0.0773252850568722,0.0629806511543642,0.0533230625987574,0.0462114954355029,0.0397270068076996,0.034805408046856,0.0309464685977018,0.0264015265916436,0.023026465692866,0.0182286290517514,0.0156383231908426,0.0121126464282814,0.0103976453578608,0.00916497696425015,0.00900884966442805,0.010133362559449,0.00952803901097212,0.00900757792192975,0.00817477114009989,0.00696563938408299,0.00703642226197516,0.00689955862284593,0.00774767304905189,0.00803158241729104,0.00682593878940918,0.00554579110004474,0.00496323252685038,0.00492169505285593,0.00601736245594506,0.00613670681441654,0.00756558802363597,0.00805648486483564,0.00798284160415405,0.00790919784583113,0.00688630519769154,0.007077227128899,0.00636815247453352
2010-01-01,"H5",0,0.0078125,30,1,0.233444974266347,0.238726346510717,0.247,0.256559189622638,0.262687564779612,0.264310075363765,0.262291552998296,0.259811606133316,0.257795195756975,0.258435682500128,0.26027573555255,0.264781914885516,0.270965799549388,0.28008223784876,0.293004099412815,0.307799061167359,0.323336689214082,0.340173286535772,0.356818198809272,0.37497612783404,0.395102089748636,0.415904365009325,0.438254125753157,0.464665932638831,0.495284072865943,0.532192327815912,0.575330905084692,0.625310149403179,0.684970056151298,0.757449002025979,0.845753647615924,0.947560403029953,1.06218873226896,1.18425842474347,1.30855602546917,1.43136566138883,1.5493453285989,1.65708545377677,1.74636522357496,1.813,1.85594069312821,1.87550809694649,1.87262827876729,1.85062008056738,1.80720402990631,1.74183309600507,1.65726558997196,1.55335140169775,1.43211500690889,1.29998855230708,1.15972275324305,1.01491813947506,0.870260602971586,0.733035009461119,0.606724955989217,0.49384849189993,0.396493452778878,0.316443285216019,0.250592273015105,0.198484489927717,0.159844058926137,0.130801492871764,0.109364367282655,0.0938481014063862,0.0824831131175605,0.0735924527627527,0.0650759107127722,0.0576806252235337,0.0514931907729457,0.0435638747240281,0.035714775576152,0.0284148276602444,0.0223322629759135,0.0181556733831932,0.0158336533078678,0.0140725284163212,0.0139923505850446,0.012989952672675,0.0122476844979084,0.0102370588186286,0.0091610597391722,0.00798043597943737,0.00775193332290467,0.00686750809363083,0.00712472735605894,0.00602531999755353,0.00588740229355424,0.00485413473890276,0.00516111365935028,0.00406323428142059,0.00502746837573262,0.00496632940575138,0.00500991196584395,0.00499639932361854,0.00500367104223366,0.00502316174882723,0.00471014514952244,0.0038379854450528,0.00469372032160938
2010-01-01,"H6",0,0.0078125,30,1,0.227607306397038,0.237371703575401,0.245,0.250709997070979,0.252173995904077,0.251409965653457,0.250092906402657,0.250061156884955,0.251249867502867,0.252989058380891,0.255305520651911,0.259803964299793,0.264828426528935,0.272254813904214,0.280102252341442,0.288735541684576,0.297169609149269,0.307611582446782,0.323076247021641,0.343441858211684,0.368547513008336,0.397691755081147,0.428802995398776,0.461229518703802,0.492557455948809,0.525334345289705,0.559782458107839,0.600428774221986,0.65153783411592,0.71640038585906,0.797444529182359,0.894746963337804,1.00559836050132,1.12536786206608,1.24955213225069,1.37237422228958,1.49019359914673,1.59550923312247,1.68092233403463,1.745,1.78564075613116,1.80420892288875,1.80352468144194,1.78432134581302,1.74570176622173,1.68711342275118,1.6083717181399,1.5102497835038,1.39493120901462,1.26536302077635,1.12900341814701,0.98696335411507,0.846573856866,0.713190414987559,0.592473709679999,0.481755200339652,0.386315473721874,0.306478375742926,0.24072028583273,0.188975939977339,0.1486885492206,0.119197267907612,0.0954122661498153,0.0773491591921177,0.0620830612003414,0.0508126191306818,0.041919425243093,0.0367598475530655,0.0322612086356378,0.0300995765004057,0.027479414169781,0.0260867322864678,0.0236030019235705,0.0199221553430322,0.0163125292899449,0.0125303069097775,0.00996999865498269,0.00643881256757504,0.00445266989182797,0.00386976996271041,0.00484942495388704,0.00607976498961104,0.00736175733878755,0.00805502256207233,0.00806717579182902,0.0070568055354339,0.00584293598366901,0.00452938954785333,0.00401467061209489,0.00323326259216476,0.00197896535252131,0.0022048815965573,0.00340939672019916,0.00528357139557314,0.00785576601739108,0.0091477190206689,0.00983307845988721,0.00845806445827058,0.00662645674537911
2010-01-01,"H7",0.0078125,1,30,1,0.245349574940191,0.241055985504682,0.234,0.226786374072131,0.221386998104027,0.219599015733571,0.223192834388052,0.232747895718897,0.243735919100752,0.253554055362499,0.257889129421167,0.256156961845527,0.251255221734449,0.247655816574607,0.252464466239433,0.266174931926506,0.287447551115411,0.309358642853376,0.32842699893542,0.343081124325656,0.358405821368008,0.379086484687831,0.406220025073934,0.44213364350072,0.486937647045385,0.540817700513816,0.604777281840764,0.676741646222374,0.760571652306417,0.854963143950505,0.960486881352488,1.07340924135707,1.19169056569005,1.31142723007524,1.42909588635076,1.54096430149906,1.64546633599205,1.73955216752819,1.81839170021648,1.883,1.93290625516458,1.96758265424618,1.98585087356494,1.98693680797433,1.97014877805676,1.93307303336118,1.87781959812259,1.80213856209921,1.70906355362773,1.5998341674858,1.47589312086513,1.33821661082544,1.19395143000288,1.04768241476725,0.90724991580782,0.773686094654704,0.653059548836651,0.546884474613487,0.454298161652614,0.378102864966299,0.317231578317825,0.269223755930752,0.231667441632307,0.201614447670918,0.177264683014428,0.15632359944741,0.135714335861151,0.114984999827361,0.0958134784953437,0.077496712521225,0.0613018006860064,0.0477643107000055,0.0369802836119269,0.0300875641315752,0.0251595286135971,0.0215890562687585,0.0189837394765339,0.0177939802891948,0.0165637210379528,0.0153108485575836,0.014203373650146,0.0118802825005488,0.0105120139844551,0.0078569494292732,0.00616758587043571,0.00597046243234367,0.00715007132357453,0.00874381688109281,0.0106940384027051,0.0117725993976802,0.0129975866102208,0.0116943360200725,0.0106192947555689,0.00870983345489273,0.00614753436110207,0.00487147785760792,0.00392123880791007,0.00397184328366694,0.00461330414641437
2010-01-01,"H8",0.0078125,0.5,30,1,0.241527558464274,0.240113573446443,0.24,0.238948469137273,0.238617861941871,0.237879770614263,0.238747522240706,0.24227468270349,0.247928642524831,0.259020032415469,0.271821061941798,0.287391310021653,0.300526299144399,0.31097701260333,0.317587804911404,0.322175857025697,0.32811447628606,0.334671301682954,0.345314483972149,0.35997203357122,0.380814008744586,0.407582694974958,0.439214668527156,0.475508975553485,0.515446236156287,0.560034664834991,0.613093934750456,0.676184497588502,0.753149598836727,0.844259602699948,0.947470716714989,1.06349633843058,1.18919140214865,1.32096339311497,1.4532823717171,1.57726534057931,1.69163317579287,1.79080996571443,1.87464025659315,1.942,1.99157211024561,2.02374492187154,2.03893472182741,2.03640820302141,2.01487267574421,1.97372265054934,1.91226955615014,1.82977802445987,1.72938219454114,1.61172886862144,1.48080171375536,1.33842446190828,1.1896117439067,1.04063501233322,0.899175900664609,0.765753929858712,0.644857273123492,0.541415097651317,0.454852935125847,0.384886864150092,0.33242900509206,0.295011522164524,0.268457836794845,0.248080381610595,0.231600659372104,0.215443799228154,0.196669162758222,0.174818761259971,0.150471206771953,0.125818624249577,0.100679255209446,0.0782152620316077,0.0599743626178507,0.0452260338401902,0.0336654722908093,0.0243331879559313,0.0169334215203986,0.0110059925506323,0.00691888212953025,0.00521952834106646,0.00500061711472143,0.00506289360989381,0.00605342716163013,0.00642259754829685,0.00774948427919232,0.00895200228896971,0.0101974074410289,0.0110909855036738,0.0109611144360968,0.0110611100258775,0.00995244880787845,0.00896753891439724,0.00865899851052184,0.00721589250718269,0.00698639057140263,0.00699678492311141,0.00700147334631621,0.00699962434159656,0.00700014195878545
2010-01-01,"H9",0.0078125,0.25,30,1,0.238886293388698,0.241577708403046,0.244,0.246567311666678,0.250555985591018,0.256641884312869,0.265790980167082,0.277872157619283,0.289733682242193,0.300083998109139,0.304830036272665,0.304141694904703,0.29803956657768,0.290938247958094,0.285870956245813,0.285370607093974,0.29428835874733,0.313457203487404,0.339791757172573,0.369986029922708,0.398568205790099,0.424148995703466,0.447348753811828,0.473255822701524,0.507810915578625,0.552960695973993,0.610751064808585,0.674920341602965,0.746408138169975,0.825057263826073,0.914762609230218,1.01861741663893,1.14289349012138,1.28227146120252,1.42655014939944,1.56120142286324,1.68023616129615,1.77644108740407,1.85200140219476,1.914,1.96160358070434,1.99520508958284,2.01175144295071,2.00857172613595,1.9857450723464,1.94206944647794,1.87847668717124,1.79656814384397,1.69633093374477,1.58239827245929,1.4563216958316,1.31876167503812,1.17557833923983,1.03383107937697,0.898558630322273,0.772396696499919,0.660278239673913,0.565720982875361,0.48784458523444,0.429930729372845,0.388870075386657,0.363004276029916,0.346246658503129,0.336610967567111,0.328301405590594,0.317646375265535,0.300631020719522,0.277686669142561,0.247347929893855,0.211086341310886,0.172324943177043,0.134242162141754,0.099317354819677,0.072500576772315,0.0514002801197638,0.0369791251180603,0.0279298369587253,0.0222334453461862,0.0186490904245848,0.0156086635033922,0.0132873603506991,0.0108819923242977,0.00966487794476839,0.00891745738239947,0.00901362181751995,0.00899892353637395,0.00899039988355245,0.00908238717709181,0.00839293196380313,0.00793871956983997,0.00797239249094432,0.00694809557242887,0.00663245507567773,0.00535195820848001,0.00399963792990073,0.00503194038642022,0.00551913718463419,0.00763981157523868,0.00930672436170147
2010-01-01,"H10",0.0078125,0.125,30,1,0.265121017807127,0.272150481540491,0.275,0.274744182122272,0.271442302171656,0.265928398782536,0.258737383637647,0.253748925196674,0.251957557055768,0.254721614183273,0.261276944305555,0.269623888315796,0.280635529505563,0.294361179750511,0.310238620717394,0.327459972658405,0.344333665631082,0.359808365227693,0.373122725267558,0.386207403945547,0.402335358353838,0.423221207987527,0.45257053486355,0.486885661944144,0.525661586269482,0.569083360924003,0.618520427567054,0.67759159741532,0.750273915827854,0.837551415574617,0.940459441237645,1.05521316264044,1.17945375822732,1.3072527826494,1.43452016636917,1.55471965688516,1.66270404901945,1.75277812742689,1.8194879575667,1.864,1.88766318380411,1.89134414887245,1.8762609218472,1.8403179606249,1.78105009216209,1.69841644864178,1.59812806294462,1.48365871757731,1.36008413794338,1.23079692366653,1.10045060457577,0.971321801549373,0.849241570263488,0.742065357646771,0.653663652982272,0.584465752862698,0.535888926591795,0.504055478580804,0.488160113157078,0.485267573660745,0.492315325175937,0.506637967658193,0.523675951787961,0.536418508309936,0.53808693247439,0.525508124986054,0.494324389214247,0.447274891018689,0.386141532951176,0.318354235311796,0.248955850285936,0.186409593926483,0.135680441652204,0.0980658747818502,0.0703569482034429,0.05154025286366,0.0388948215986965,0.0293942256068853,0.0212379362574689,0.0145942412168106,0.0094657390040521,0.0057645145201864,0.00402346371033455,0.0060305535567888,0.00847637515645135,0.0108976946578563,0.0132600803554423,0.0140640798257793,0.0139833739822692,0.0140110851726522,0.0140106881515713,0.0136356276076072,0.0111231925515459,0.00794738803709491,0.00514286119733891,0.00394112866288856,0.00425504001983158,0.00561594485462124,0.00614024780760846
2010-01-01,"H11",0.0078125,0.0625,30,1,0.272424573132493,0.283656933176963,0.288,0.287589949865962,0.285841265976677,0.285839279378565,0.287754459463892,0.289127263668556,0.291436731618127,0.292142264647421,0.291261943302875,0.290954600926884,0.293462701460386,0.29949707955809,0.311801632272546,0.328385614191194,0.346388810997073,0.367294533955646,0.389969778202577,0.416138906295435,0.447052142988244,0.47994622150215,0.513178577171163,0.547083315962949,0.58240438741913,0.622157676686199,0.667997738139555,0.725473861330256,0.798424093745712,0.89150580741896,1.00187944938643,1.12638119092766,1.26046230148746,1.39675053215842,1.52846258436738,1.64761254887559,1.75342319140686,1.83578392771059,1.89411213394674,1.928,1.93807445029852,1.92705538848168,1.89743061166789,1.84764745451887,1.77849376571331,1.68858744409325,1.58114653786557,1.45801046003778,1.32349392241024,1.18586732184189,1.05213855977498,0.92789477920396,0.817983612534682,0.727621031108142,0.658604796179146,0.608580588237727,0.577453728991846,0.562639262458236,0.560195422037056,0.568305715801667,0.585365377651595,0.607333472105872,0.629600144200449,0.644463904012746,0.643869730833868,0.623814432869448,0.581130012726711,0.518489057111586,0.442980057466122,0.362641794546862,0.2844019113032,0.216717530602608,0.159903436922107,0.116661332380376,0.0834772455134133,0.0593742685232415,0.0418623091096374,0.0313965668645997,0.0231448404538329,0.0172974250022697,0.0124465448732691,0.00988538708557701,0.00892638278860183,0.00902511983078534,0.00897151854945032,0.00902688952146297,0.00789367885702853,0.00833375891520248,0.00958411781510017,0.0108851456616634,0.0110005443215332,0.0108271748217124,0.00953641452969108,0.00822996213572388,0.00799929310213709,0.00809288229743182,0.00904391440075593,0.00948209516500839,0.0102206609033507
2010-01-01,"H12",0.0078125,0.03125,30,1,0.279553113141491,0.2853772072937,0.287,0.287128833436165,0.288637637733235,0.292577153195988,0.296589734598906,0.30012262729164,0.299790442743785,0.297930917957376,0.296745845080382,0.299746477977972,0.309634524504382,0.323157730924374,0.336785867954932,0.34771992767268,0.355110053196823,0.360255349847791,0.371235277964749,0.391615864778614,0.423560956965645,0.464883326600499,0.509260025061338,0.553142769272059,0.595409111829104,0.63815200437372,0.681027784174081,0.728509029420445,0.785589608535673,0.857324346637779,0.947982440695352,1.05797579582053,1.18539553549557,1.3219606378168,1.4563140593396,1.57773265363261,1.68323774217631,1.76689603747106,1.8269089750928,1.862,1.86906248648611,1.84663654315384,1.7970205357359,1.72341792971452,1.62997636241641,1.52316769139677,1.40821909813674,1.28793518760158,1.16680116682805,1.04902683669505,0.939926386523765,0.842452854145938,0.761502093230749,0.701526528157696,0.662854358023202,0.644545423023635,0.645997714132649,0.662733000236236,0.694249858456708,0.73495834974124,0.783035196539862,0.830190989067537,0.871270262860113,0.900451250380269,0.909760754835183,0.894631497092616,0.849924027883505,0.777802069313393,0.6842196159732,0.578433834659089,0.468702430251139,0.364849261753524,0.275068013572795,0.201303071578387,0.144306239680279,0.10186417742074,0.0727604281219617,0.0532060976011716,0.040791148101097,0.0317828594551173,0.0256884332241591,0.0196724339539883,0.0160835543358033,0.0128323079865677,0.0110454575046527,0.0119685597188036,0.0121111814829804,0.0131247529958823,0.012946693974641,0.0130837566902845,0.011976946212816,0.0120707804069592,0.0116054293211941,0.0103261599049743,0.009057798548442,0.00901424266801721,0.00898464913818778,0.00905215242156865,0.0083776280378788
2010-01-01,"H13",0.0078125,0.015625,30,1,0.30049550317221,0.299169940320466,0.299,0.301767205781154,0.306791229592228,0.311215427239055,0.312122612383254,0.309673745588903,0.303504025918462,0.297336733073818,0.29254666283596,0.291906872808636,0.298424912274557,0.315215185786011,0.339745170638427,0.368689551939746,0.395501018841481,0.417892758848775,0.433129019666518,0.447550362123794,0.465142354936581,0.489463141407036,0.519645633081059,0.553436887918805,0.590818059625752,0.634081364982545,0.68356894123858,0.744712020846217,0.820893799302999,0.914572840735764,1.02373748679562,1.14478270480635,1.27606904214383,1.40912422392646,1.5404161401317,1.65933211445838,1.75921982806622,1.83161776046053,1.87308102770769,1.882,1.86122807103507,1.81432931535107,1.74496901923747,1.65510057734281,1.54701177691684,1.42676851181026,1.29911694063281,1.17094425739852,1.04768699949293,0.937443208939512,0.842115882402327,0.764413184311428,0.705355552430795,0.664033224669933,0.642361955804052,0.63997626473352,0.653812354241237,0.682719580643039,0.724022172193124,0.771223485165348,0.821970894426967,0.867189430288994,0.901484058894942,0.915610533215526,0.903899184582308,0.862760575516911,0.793620708104272,0.704096458239622,0.600946756988929,0.495708707818006,0.394631886758158,0.304951096966098,0.229829862694731,0.170156855273932,0.123600476566619,0.088071347880054,0.0617768661882567,0.043195112058606,0.0314975074024615,0.0250674734056573,0.0222357535396984,0.0198251672535411,0.0173940615638645,0.0149424408414105,0.0125519468347019,0.0100759049418749,0.00885492842041535,0.00752489838954516,0.00701565260040932,0.00623302991682581,0.00497882563051958,0.0052091092373332,0.00638199309261029,0.00839601799566449,0.00991450071029378,0.011078503702807,0.0106671360688777,0.00994542828910544,0.00944779056791505
2010-01-01,"H14",0.0078125,0.0078125,30,1,0.295664347113332,0.29076368710922,0.297,0.309599102582336,0.323628781815187,0.334498397826555,0.340734570688931,0.340912497616326,0.337769016134684,0.331302885180418,0.326426139969886,0.327766899214246,0.337791691723126,0.354524622365296,0.373292165952267,0.388186279525192,0.399172604091037,0.40662107530979,0.418027493087967,0.435844596307241,0.461439495677119,0.492085434283078,0.529081196384978,0.568223812058427,0.609633079670455,0.653077502860886,0.702259925371045,0.758828886051326,0.828398684297605,0.912827527207825,1.01331896480507,1.12604290529099,1.25072475534949,1.38136664023436,1.51058820743089,1.62715113844107,1.7258690842803,1.79318923657717,1.82279507579687,1.814,1.7697188248996,1.69696438845872,1.60329318816609,1.49372751079947,1.37556054951516,1.25321643671952,1.1338937808912,1.02458239382866,0.927551396883327,0.848151379029595,0.787985668061688,0.74681694280426,0.725636442666446,0.723208408429889,0.739840323824687,0.773380815912749,0.822958994693846,0.883092508757853,0.953544930991175,1.02719237822219,1.09964033293504,1.16137982011603,1.20635353894406,1.22373729265495,1.20916314957485,1.16074886431662,1.07898635823084,0.967936366289255,0.839435047587143,0.703105790763974,0.569603381848739,0.446893910696912,0.34156161105413,0.257191862615254,0.189430067119986,0.139145536110469,0.101681004749746,0.0747982572207235,0.0563128392677083,0.0431379874394361,0.0337788164602727,0.0276274317676821,0.0229109645310105,0.0203577746756959,0.0192120593082677,0.0189873483195347,0.0189061089956873,0.0173560337052218,0.0142809760319262,0.0104909719105514,0.00794633764649239,0.00690858128653852,0.00730391416795821,0.00940427993505046,0.0109240579427069,0.0121490929658545,0.0130269792030724,0.013438174704541,0.0148399220627078
2010-01-01,"H15",0.0078125,0.00390625,30,1,0.321620061309344,0.316256360774026,0.318,0.327157716315364,0.341295733765456,0.354745635828325,0.364308400802899,0.368169946814004,0.368523348195249,0.363499242508964,0.357399393522564,0.351169949495253,0.350159512814777,0.355881623181335,0.368278033236956,0.384354029122723,0.401326845874713,0.417008574110522,0.431420899494568,0.447278522830308,0.465278770915014,0.486032560627446,0.511360656719707,0.539880652198094,0.570338769372458,0.606212907897584,0.649518900552183,0.705688574287878,0.779302344214878,0.866836365861683,0.962934610129505,1.06315341866186,1.1619532265052,1.25569264382056,1.33942333053195,1.40753164980978,1.45393353984109,1.47349326374552,1.46147146024754,1.419,1.34732700408006,1.25465550851325,1.15362008384643,1.05785786218066,0.975880596288628,0.912920653479204,0.867976021241064,0.840116554114415,0.827204188037977,0.829118578825233,0.846053646900354,0.878904065900163,0.926669096910078,0.986978556851139,1.05960747870307,1.14435868684463,1.23993772616767,1.34070068704153,1.44658890372422,1.55037199827705,1.64507007126448,1.72047400308631,1.76352485401236,1.76643547677013,1.72289501471803,1.63585251228421,1.51073459807117,1.35574568128223,1.18535474242366,1.01044585750423,0.839237784321068,0.680936005858943,0.542519005901116,0.425079405848875,0.327450215020414,0.250264030534078,0.190490193088217,0.146894489875919,0.113209954717603,0.0879462616852535,0.0696826634396774,0.0550515448140815,0.043463866545472,0.0336784136540748,0.0254542783611881,0.0192021440627236,0.0156177536566074,0.0133828201019851,0.0135937035329156,0.013961626719414,0.0150231849669112,0.0149829874299237,0.0149314427999955,0.0156316445339801,0.016898716301078,0.0180700897335276,0.0177221710321199,0.0164863424719234,0.0146157706741075
2010-01-01,"H16",0.0078125,0.001953125,30,1,0.28689416654684,0.289563864033378,0.292,0.293160813020283,0.294812992534672,0.297201449698043,0.300620102926933,0.303132350775043,0.303886438227443,0.302118668916006,0.298762416616959,0.29609189232971,0.293743088748732,0.293091840674983,0.295961723061558,0.30420180713994,0.318308296188145,0.334406402154521,0.350894726010274,0.363874607904664,0.375085060172958,0.384975375029434,0.397683026055892,0.413907942479712,0.432872449905214,0.455513235249969,0.481521826124417,0.512767209200379,0.550059526327064,0.59306603697116,0.641584363665933,0.696634684680297,0.755840564035834,0.815806900075344,0.87201735511007,0.913869475561898,0.939260933579459,0.942924940422423,0.925161759483547,0.89,0.84201441522092,0.792073311881465,0.746416250899295,0.711149467644245,0.687711078798298,0.674719366542617,0.672224318552016,0.679235802200815,0.696078551990078,0.724586224009114,0.763150133267791,0.812112811749268,0.8687097648346,0.935104927250888,1.00998701896809,1.09770714390015,1.19690816851119,1.30227197397918,1.41179129424004,1.51637717514894,1.60770405389469,1.67579612082466,1.71360146131105,1.7144444241782,1.67527682128472,1.59891149926876,1.48755363689411,1.35174558087773,1.20085419507707,1.04451655885463,0.889036585784717,0.741522173710228,0.606599406125441,0.486940627045649,0.383280354954182,0.296974930108611,0.22739212047648,0.174317743346766,0.131974395395759,0.0996958048482901,0.0743107977364233,0.0569539586245425,0.0444806363842965,0.0372333123576379,0.0319492279461309,0.0281410627974438,0.0244834903341818,0.0208416356184888,0.0172208581318838,0.0135179685057115,0.0109697925767766,0.0110511454812547,0.010893902335046,0.0117137532362334,0.0120188126945884,0.0120044442908937,0.0119979633520929,0.0120005192831398,0.0119998037663921
2010-01-01,"H17",0.0078125,0.0009765625,30,1,0.291484921918353,0.297442403957751,0.298,0.293717359962718,0.284729247203994,0.273456201014675,0.263752348966248,0.258839313384514,0.259634055490328,0.264172877569794,0.267174012295839,0.264184946174332,0.259292183539595,0.255399569635177,0.25842447506002,0.268146727500744,0.281269962220353,0.294672628751146,0.305112894377223,0.31160852768241,0.315571449703293,0.322718071610995,0.331999667314287,0.344926280351263,0.358384188883003,0.370761908746945,0.383058535971965,0.399192854487641,0.423050740887728,0.454530641867253,0.489841737542959,0.526982119049883,0.561584774966727,0.591157209720259,0.612060437023693,0.622650973627964,0.623209668533715,0.615635102455167,0.605122734533015,0.592,0.580046812535449,0.571390615022179,0.567746900738759,0.571963330697383,0.585180257158395,0.605798639048795,0.631103183214676,0.659986452432888,0.69354760675116,0.732861507563116,0.779610163144729,0.838684792053595,0.91013384480738,0.994658421857266,1.08752738147702,1.19136765471755,1.30042564487621,1.41010382706706,1.51834731702731,1.6148524908941,1.69594647972868,1.75205163088405,1.78073985416481,1.7772433495701,1.74087122265095,1.67346382647971,1.57908504067087,1.46167681315071,1.32851210498196,1.18546648006214,1.03669648700324,0.88871181002061,0.748897700344666,0.620748082093035,0.504130344492109,0.402782065783709,0.316211785716008,0.245392992432314,0.189498787709589,0.145350725954228,0.112980134070735,0.088535456290139,0.0710384819929141,0.0580504343549021,0.0479139422319696,0.040316784832514,0.032036996626146,0.0257026993183789,0.0194138837613331,0.0154034292284132,0.013966910112787,0.0129133219092677,0.0130098013928415,0.01305801093544,0.0121508371858561,0.0097279579253703,0.00761246498733746,0.00636959891044323,0.00646787901898188
2010-01-01,"H18",0.0078125,0.00048828125,30,1,0.301979234422436,0.297416236527083,0.288,0.278471600919627,0.272243682567493,0.271228096897175,0.275343413514929,0.281352825583012,0.284474899044951,0.28479362273609,0.281810659575858,0.279073364171975,0.277995070026659,0.280056420535741,0.283354295182331,0.284894862408143,0.28499345603322,0.28521051445635,0.289259762677855,0.299341866114438,0.314481469186122,0.331500910308487,0.346881336029341,0.359013399555785,0.369723851536291,0.381743167996997,0.395230128979495,0.410165936182192,0.42602688753677,0.44272719909565,0.460990374972504,0.483318304123576,0.510400567119381,0.540826237840395,0.568544663422052,0.588752541676911,0.598851499763225,0.598793281453873,0.592538309455355,0.583,0.576180461311458,0.575650537736316,0.583114708563779,0.599716182861755,0.622787086990575,0.649903071702666,0.678761359369167,0.709834185547742,0.744474769235494,0.786262218009605,0.837366840669978,0.90259815686587,0.981067052216384,1.07294909239627,1.17809065895615,1.29352019273175,1.4138882214867,1.52994039989583,1.63833861773889,1.73226556701103,1.80568459002305,1.85317047339506,1.87095303756887,1.85616062110858,1.80424726194425,1.7187410018888,1.60294400463088,1.46469096073865,1.31397433590538,1.15996074328606,1.00696697281893,0.858704707359016,0.71895728743325,0.592402269768822,0.478250161488048,0.379988030833765,0.299276701968471,0.234329684927554,0.183226147374149,0.144035622610984,0.115696529069849,0.0925646943983884,0.0748607244993186,0.0600324363728917,0.0475312115808211,0.0373147824748651,0.0312560982694601,0.0269304448193791,0.0259020689043866,0.0260121113006977,0.0260010145383368,0.025982625407717,0.0261091416611659,0.0252342636090809,0.0250796958531818,0.0228373773338432,0.0212173851555903,0.0173013413321431,0.0137148922710963
2010-01-01,"H19",0.0078125,0.000244140625,30,1,0.249305341084181,0.245664254565365,0.242,0.239997547428859,0.241770310651905,0.244888347442858,0.248587524914754,0.252203072926131,0.254614632841932,0.256573248167279,0.257804064041049,0.258000521872149,0.257886861444282,0.256817023185816,0.257600290907635,0.258688355777872,0.26207298685012,0.266022984160685,0.272702329183348,0.280569210766835,0.290139358596852,0.298684393100561,0.306012973725897,0.312833218972423,0.318620474720795,0.326819176294401,0.336901171030883,0.350835069098753,0.369618431678301,0.395287009913347,0.425588682045657,0.458345258073149,0.490158257248339,0.516706393715205,0.535160322873639,0.545807766167754,0.549425686705318,0.547468092824593,0.543038452073486,0.536,0.530232180720504,0.526764582908293,0.527444948694264,0.534055390915758,0.544982356184569,0.563327849442629,0.588441903769267,0.619273152569328,0.657333543209684,0.701429447105711,0.751611105989135,0.811319390781022,0.880628236291848,0.96160752711874,1.05442444838436,1.15686529085974,1.2644227907916,1.36715467117435,1.46089148348062,1.53736510217126,1.5889043818268,1.61211477303899,1.6034966735799,1.56351011609555,1.49232271303562,1.39410371308318,1.27313524027517,1.13587442562724,0.992208168021077,0.849575015279968,0.711393251295606,0.584289370982209,0.470381777786284,0.374410871821439,0.293304927264605,0.227774009237741,0.17655076322846,0.136497755851212,0.106270000840511,0.0826413994781883,0.0655521658046586,0.0521574215852828,0.0414272262734152,0.0326406335022768,0.0262404575069213,0.0211730400436119,0.0176067272142247,0.0152652811755117,0.0127141618766018,0.0111645690912542,0.00997504040887809,0.0102441812080028,0.0110758957540906,0.0110660744981516,0.0101139265967735,0.00888298273889143,0.00767025702883158,0.00645134054074087,0.00523166158119926
2010-01-01,"H20",0.0078125,0.0001220703125,30,1,0.235248738223118,0.232294273611922,0.232,0.234609816736787,0.238374326225358,0.241407279539849,0.242939058210585,0.243008442576002,0.242743421987852,0.241896281980706,0.242029072571466,0.241985143081274,0.243300253938484,0.245465256729834,0.246649121838911,0.24706538720025,0.247024964616057,0.249608000046349,0.254193729668417,0.260296196727786,0.267358018920911,0.273489879381718,0.27799757061312,0.28211514962569,0.286901161941406,0.293836600534938,0.302444673047792,0.312615811315897,0.32305128141015,0.332732130914699,0.342506174824622,0.353631832393256,0.36579126284248,0.37883297299531,0.391246753552787,0.404399356458905,0.416554766276202,0.428314267559694,0.438337087531972,0.447,0.454411911125458,0.463542943151366,0.477487648061327,0.499164600508152,0.528295255221986,0.564554848676291,0.604148842545006,0.643409162909412,0.683334253025778,0.727548143295668,0.778874959028499,0.841228457746866,0.91833642513402,1.00680778906005,1.10533425845872,1.21071125139376,1.31707180357619,1.41831953690269,1.5085030653464,1.58182777840921,1.63286114569449,1.65657598925538,1.65240786197032,1.61632753142268,1.55138900977789,1.45978617251711,1.34618778196628,1.21623631010667,1.07794014362927,0.937761377175504,0.799347229432482,0.667597201073643,0.547360351671924,0.441709958929807,0.349410834551176,0.274299438240735,0.21245570810219,0.165233754763229,0.127891011859121,0.0989820688311907,0.0770453742317592,0.0599478648702186,0.047040494343911,0.0372248351597646,0.0287642636325858,0.0221822202432416,0.0184632424763117,0.0153710564377738,0.0149475678089965,0.0150726120720796,0.0139640341318538,0.0125746433116369,0.0100669584096832,0.00757699052694776,0.00604148180357206,0.00600958024567484,0.00599560974117804,0.00600111938218572,0.00599957699299662
2010-01-01,"H21",0.0078125,6.103515625e-05,30,1,0.245236328301865,0.243090040388762,0.243,0.244372428379395,0.246978787159614,0.248612506948051,0.250713971441185,0.253197901665882,0.257152008593922,0.261677686149667,0.264615016299519,0.265052054676004,0.262582780888445,0.258594347803031,0.253418388857436,0.250326448304323,0.247965436962836,0.248538046268352,0.252605626389065,0.259566194271971,0.268223966668708,0.276666683997081,0.282209948964034,0.28473281784185,0.285075643796824,0.2849689500751,0.288826309285189,0.29561488472588,0.304879254369138,0.315492191934295,0.327615459763186,0.341542465383736,0.358777096705663,0.376694298038981,0.393100161596577,0.407480387816992,0.418886897453718,0.429124823165742,0.439399594971469,0.448,0.457916578990217,0.469117734566848,0.483571133943031,0.504427108782522,0.530044914240906,0.562243438588344,0.595268826738728,0.630814783304312,0.668442754012253,0.710314398002413,0.760566481748846,0.821182228175765,0.894903992117342,0.979694733911873,1.07477118952586,1.17782137432079,1.28163748242137,1.38137252644963,1.47154552727444,1.54662868483351,1.60191419444248,1.63142735321633,1.63230443385598,1.60071566550685,1.53684984803462,1.44539954922725,1.32948951426327,1.19706011038248,1.05554800427769,0.913779621784014,0.774147362919083,0.643515943713271,0.524461581132191,0.420558015237584,0.332395913351436,0.258972596183279,0.200481568969244,0.154598135711893,0.119359981976403,0.0923031987851048,0.0719413640012454,0.0560359235818555,0.0443591196946678,0.03565646278099,0.0292424489647944,0.0241682216610911,0.0205164694667819,0.0166888805697387,0.0143504548894796,0.012429875247271,0.00994940931372283,0.00872262622941776,0.00790888833044466,0.00803735306419608,0.00795811060164513,0.00913543142454818,0.0103036564793274,0.0116517875589627,0.0115240391779918
2010-01-01,"H22",0.0078125,3.0517578125e-05,30,1,0.239929020009792,0.246007168253166,0.25,0.250922726229051,0.249249026210434,0.24613380722779,0.242350703831337,0.239857732287667,0.237130063498652,0.233995710276364,0.230727031637517,0.229012065482543,0.229045385232541,0.231067644229238,0.234200586052122,0.237435670714689,0.241088772312621,0.245780397142302,0.249804245359094,0.254170914674336,0.256818072316686,0.258007042812599,0.258395906626308,0.26188888684625,0.26848268854243,0.275846582832246,0.282819804068823,0.28580297725096,0.288304605027722,0.290520046246988,0.29635637944025,0.305619160977657,0.319787359211455,0.335102019979621,0.351115135332684,0.364383852656928,0.376210157949586,0.38759203001727,0.400525620865382,0.415,0.431056071102978,0.450668830679605,0.473211168394678,0.498028728270343,0.52596762835606,0.55417726475735,0.584135047877112,0.617917858569201,0.656351118277269,0.700522875851484,0.752245462170896,0.815016667833451,0.888750552671486,0.975729562114733,1.0710220127374,1.17410444609922,1.27552392058773,1.36913942798919,1.45075904202704,1.5152975311496,1.55631606373875,1.57138172943676,1.5566346631504,1.50955644441748,1.43393597391842,1.33322203220663,1.21283838696078,1.07910571537955,0.940282140591367,0.802929507207841,0.670930909484856,0.5499426656982,0.440825724930876,0.348801619804657,0.272013043687221,0.210965200719608,0.163584348540215,0.127203102054956,0.100184626530929,0.0791416202511621,0.0625241052105311,0.050191690380694,0.0396878989990781,0.031645212312325,0.0259903378189653,0.0211846664283188,0.017649888493002,0.014875438626341,0.0117358666439747,0.0093286864788138,0.00798789172246909,0.00801375354278366,0.00800297227430867,0.00797141167669362,0.00805375328942607,0.00695105042806545,0.00684554932782699,0.00491335434865565,0.00303212152127546
2010-01-01,"H23",NA,NA,30,1,0.112454008747742,0.10851225858602,0.107,0.107256141097175,0.110360013242248,0.113237283987301,0.116652638822695,0.117984810986667,0.116355480772758,0.111558731625665,0.10533031594512,0.0992363157015982,0.0946413365501413,0.0942004189217617,0.0961700781828633,0.0985846925177169,0.102080822893183,0.10549179034866,0.108463874544824,0.110699910919652,0.11279436770233,0.114075315387909,0.115584802119877,0.118103609064753,0.120504323442665,0.122953589114682,0.125485261260322,0.12949856414829,0.134955493826382,0.142672214051537,0.154638229515101,0.168325519929759,0.184380119102367,0.200210530635533,0.215219446770521,0.226027275717797,0.23405151018139,0.238542309913639,0.238414297001079,0.235,0.228720942758624,0.221371701469343,0.213989592103691,0.2083573658762,0.207003956271198,0.208910217478252,0.214964031165044,0.222945635042512,0.233532125285426,0.245827789120502,0.258977866402503,0.274130152883918,0.292099066036627,0.313720179507121,0.339268795006975,0.366599917004331,0.39436921053667,0.417256299093107,0.432980231159329,0.436727546849585,0.426546555753703,0.401685854525125,0.362897912170902,0.313554140870959,0.257398885960837,0.201986503263339,0.152030557069115,0.110190402097727,0.0798738614139337,0.0584670176362839,0.0452479802706439,0.0373484919855916,0.0323888876815663,0.0281824711466476,0.0253814403009337,0.0216345768522257,0.0179722030512609,0.0153592272234843,0.012380222550376,0.0113111737787438,0.0109357349485272,0.0121383399193621,0.0146652263662536,0.0166817815465691,0.0170190454604434,0.0170144053304052,0.0156931581169412,0.0132919608079069,0.0102134130584644,0.00727536945603285,0.00598091912778821,0.0061876086376008,0.0075104283549185,0.00855243910798934,0.0108718636139581,0.0109701679395694,0.0110136708880887,0.0109965143402223,0.011001317207399
2010-01-01,"H24",NA,NA,30,1,0.138371059175788,0.13727934076235,0.135,0.131316304333397,0.127770613037667,0.123499694968167,0.118477027075991,0.114748412166963,0.111244620896745,0.10978946203378,0.110690183679181,0.111970270066127,0.111913385427888,0.110286262964979,0.107918086849629,0.104458279164624,0.10298834981275,0.103367281884998,0.105808242849701,0.109639698476601,0.113740210978809,0.116206528242986,0.118733718813989,0.120534566576785,0.122455746044224,0.124954670196006,0.127487030008226,0.131496281866472,0.136963870552441,0.144054989410502,0.151420531872175,0.161324356667635,0.172810010980368,0.185084181902476,0.197268118981491,0.209290210787469,0.219664646585693,0.22758834219054,0.233393882845814,0.235,0.23331354948072,0.228170721129275,0.223452823589098,0.218440090224956,0.215877293310288,0.215068776200057,0.217320820595517,0.222408414826465,0.231527032575845,0.244962880536073,0.260002978575952,0.278391297104573,0.298835193240484,0.320693849512639,0.344929434373375,0.368903040000265,0.391561805279327,0.410493836729977,0.424980929274188,0.430689139355674,0.427052294164394,0.412494349792689,0.383728949865771,0.341633670061509,0.290710215444973,0.235095961365565,0.180743218019253,0.132859117081721,0.0949084136667486,0.0658026592887369,0.047315793200885,0.0355578898055109,0.0284382936518646,0.0249169636395283,0.0218741318992159,0.0186041548657603,0.0159799306892622,0.0133844921519122,0.0099208555693629,0.00840769787201574,0.00623529041660004,0.00491772576788275,0.00385825516983703,0.00446902946937613,0.00575109811498975,0.00694248294856153,0.00802228234785125,0.00838439343730945,0.00888861167129675,0.0106509414915904,0.0120545327654241,0.0143377707998633,0.0155884643287206,0.0154081304944644,0.0141309520453593,0.0117471703306205,0.00930677198178423,0.00730809944169087,0.00691828754002226
2010-01-01,"I1",0.00390625,0,30,1,0.214865066611684,0.210549922026885,0.208,0.206972862346835,0.206722049957466,0.204835817785915,0.201414225844959,0.197726983557114,0.194482746708257,0.194188487612151,0.197689415258577,0.204656788969821,0.214294546832444,0.223894758843093,0.230682411572691,0.233853820305123,0.232959759322244,0.230263405979005,0.227298854281413,0.226884416616772,0.227891074967128,0.229192232923683,0.231393865050024,0.232920731130553,0.236164148710357,0.240900207498143,0.245797803911657,0.250313604490895,0.253488318102695,0.253977216921838,0.255050832982068,0.256708614984633,0.263129413397774,0.27312011128736,0.286195480254191,0.299581056226999,0.31378186145649,0.325254239910242,0.335374235531018,0.344,0.354142165771988,0.368728183898485,0.3883170881485,0.412962791680184,0.442026905537678,0.469921096385394,0.498494319069174,0.526693196442951,0.557644110896988,0.593034123375053,0.632000694353229,0.678339374215261,0.732071562707727,0.796074788129559,0.870831297567815,0.957413256353271,1.05343810601956,1.15207657602494,1.25074921945516,1.34246717005119,1.42023997033814,1.48062856449778,1.51751085545815,1.52882678983008,1.51069940713953,1.46416435677282,1.39036256778344,1.29367936607189,1.17996506744219,1.0559350300664,0.924609215226768,0.793727301121176,0.668392450151214,0.552633959361649,0.448434291049381,0.357973491775967,0.281310754811872,0.219780640629243,0.168882798903068,0.128455611661227,0.097940245873284,0.0735170276303652,0.0562846859798334,0.0444714755298519,0.0364991097325408,0.0301877875213451,0.0263816052694494,0.0217159271409751,0.0182623290862585,0.0144699273037263,0.0119192857325605,0.00989011897675725,0.00960694821015004,0.0088465394576974,0.00988165254847562,0.0110429563331482,0.0110226699318522,0.0105974046990418,0.00854396880726224
2010-01-01,"I2",0.00390625,0,30,1,0.221936022270168,0.219381853504805,0.218,0.217977619158005,0.218349774709065,0.21963785277042,0.220920966574737,0.221004622772283,0.220768265661102,0.219754871090509,0.221329664677444,0.224827952218527,0.229629881548214,0.234639701364868,0.23831528942759,0.240663308693999,0.242005947958019,0.242072255895052,0.24121716137704,0.238713723815058,0.235332742198167,0.231586379163725,0.227017258902935,0.226166826008305,0.229731612689666,0.237802949945684,0.248983489857887,0.260089693867109,0.267976865335025,0.272658022766979,0.275118660805622,0.27754905631719,0.279888694005095,0.283107558709418,0.28673102579453,0.292781455204009,0.300096119425682,0.307820280741941,0.317859720724196,0.331,0.347304378897987,0.367329522958427,0.389172320427411,0.413258120906786,0.43883474281558,0.465971150831778,0.493897447390463,0.522324213710848,0.553736154229521,0.585724886978425,0.623390528559677,0.66711862280242,0.718424843662747,0.779983501006995,0.851077579608786,0.93406202211928,1.0262484670089,1.12309725049016,1.22170830731683,1.31414173132526,1.39643741175194,1.46162645715576,1.50343503004261,1.51711967202459,1.49942453406188,1.45158962719133,1.37571553013523,1.2765735599048,1.16010400529266,1.03334443712607,0.900289049756871,0.766846786381011,0.640362968344985,0.524522264240298,0.421478086966393,0.333443991755377,0.261364819815783,0.204450659596234,0.15759473202918,0.121576656383119,0.0937307912757446,0.0705593491111635,0.0530358631632635,0.0399826309218298,0.0305726342394305,0.0251613960932211,0.0216087540779449,0.0191816432831278,0.0173409895612833,0.0161679199100863,0.0149376729320165,0.0126909230222317,0.0111801397834582,0.00863095476951466,0.0061664723212577,0.0049635081860969,0.00502554679126141,0.00494524792719092,0.00562335435284982
2010-01-01,"I3",0.00390625,0,30,1,0.251305561845923,0.253600934119361,0.255,0.254892718565135,0.253062250835739,0.251828383645779,0.252756169042266,0.256288205758709,0.259611369303955,0.262247842384396,0.262409531624599,0.261041054569984,0.259813530043056,0.258912825851152,0.259033594616174,0.258953188089829,0.260041054371894,0.262458013190254,0.265329473907187,0.268944555292393,0.273560506903063,0.27717159691338,0.278444814307032,0.278227108651203,0.274772989827422,0.27105372942521,0.270013064467736,0.272259061892885,0.278621224089613,0.286127992579005,0.292322376756515,0.299765976819403,0.308883065736806,0.318495415382511,0.33026225166485,0.342435691671677,0.355581998934913,0.368252066518327,0.381526667454056,0.396,0.409511845548683,0.424565119474894,0.441472104694228,0.462330980508956,0.488956249518208,0.51922900767896,0.553869195957883,0.590531853584457,0.629395832742801,0.670913713455444,0.715505509408297,0.767354565985132,0.826302720943096,0.896249979421163,0.977438585422961,1.07217013821877,1.17677986626189,1.28521800423001,1.39363381166062,1.49506275783447,1.58283312361056,1.65115909879179,1.69634995042822,1.71511931669184,1.70547399016232,1.66905466616512,1.60942577182943,1.52740659802481,1.42630943060624,1.30932327884737,1.17953073954593,1.04141492903858,0.902683460172682,0.769803529573509,0.641991080294396,0.527205706636058,0.425060541844951,0.339489505322186,0.266505142292272,0.208014419422041,0.162423144834663,0.125777338452984,0.0988352334366837,0.077682559385993,0.0618543909161578,0.0504187713184868,0.0409654840958861,0.035133065863191,0.0290273487417299,0.0228472560243699,0.0178541515846505,0.0131165160672133,0.00999088239869691,0.0080769601771945,0.00892961471232623,0.00906646299378604,0.010167203675476,0.00951231458006979,0.00817878770382144
2010-01-01,"I4",0,0.00390625,30,1,0.241394243217301,0.234886705247925,0.232,0.232433882983374,0.236698703521016,0.241640651069445,0.245688896843808,0.248225185775461,0.251652141221768,0.254350650483689,0.258901281291454,0.263802205467017,0.270083220662184,0.28033914294181,0.291801723726429,0.305039458131023,0.317238406730544,0.329446758133092,0.341644243058838,0.354045241822286,0.371241399761218,0.392112882639064,0.418363916592417,0.44777545889787,0.480909641401557,0.518215456028516,0.558620601108947,0.604103216556025,0.659102279134774,0.724395395634644,0.805358272599439,0.898676374793863,1.00473108197761,1.11884176413118,1.23697417750757,1.35140022652912,1.46084884850039,1.55648923624444,1.63034577249877,1.679,1.70337724823947,1.7018990469077,1.67920545269125,1.63770140543409,1.57713317710951,1.49711736804608,1.39878624082024,1.28432883951544,1.15534627580967,1.0198395335388,0.882398005994206,0.747851089581059,0.621079200067055,0.506804478959428,0.408545548283809,0.324992348612603,0.256510809404683,0.201346814611341,0.158607906778478,0.126161705567126,0.101991743391692,0.0856361743176556,0.0732087122004622,0.0647838233641505,0.0578190996584027,0.0519941677181838,0.0449188301157545,0.0387063365845973,0.032553236914981,0.0270009170730597,0.0220897931669562,0.0182249282641087,0.0147360433074518,0.0137153780770089,0.0123086683448542,0.0120386096441661,0.0109864551330233,0.00974044432940602,0.00899352763104642,0.00838607408371123,0.00719234994486078,0.00486634745270141,0.00373726946329237,0.00238923597915694,0.00194955237089176,0.00200800342634646,0.00211281492197815,0.00338647627011013,0.00469726227788039,0.00497217716511571,0.00604936539669869,0.00701625861539124,0.0074359178360615,0.00807792180112574,0.00798394542304238,0.0079270680392643,0.0066500544280372,0.00545649158817373,0.00422971503500027
2010-01-01,"I5",0,0.00390625,30,1,0.254041697772208,0.255298179654454,0.252,0.248489407338722,0.246312338960151,0.246989157320918,0.251362336992573,0.25863418033657,0.268130672381701,0.276695971996443,0.283838446911871,0.288801983873131,0.293510578379527,0.297370155419459,0.302799698420097,0.310589696124661,0.321255755094079,0.336244879522392,0.354217249182198,0.374455131997072,0.395087987672674,0.416992110437356,0.441155224208314,0.470684485948892,0.505265395064849,0.54613539840144,0.591662737501752,0.641863886089383,0.697606910934418,0.764365703235555,0.844290572005565,0.938261500891777,1.04847103284967,1.16946147455985,1.2991327421506,1.42920415479705,1.55400636886957,1.66556577793527,1.75474165737689,1.819,1.85798110763284,1.87118637922226,1.86274612180438,1.83087301487653,1.77758447586605,1.70164928294921,1.60397802218688,1.48794908313851,1.35558258626153,1.21152412469219,1.06393603622931,0.915728261923344,0.774402053089215,0.643293579448146,0.527939742198802,0.426453027802586,0.340720977798165,0.271463680350876,0.216609134659321,0.17502424612285,0.144108928506009,0.122589036154968,0.105294808806032,0.0931892848953874,0.0828692612740897,0.0751331903085097,0.0687554491692601,0.0626568840300047,0.0553598833572913,0.0476926181765633,0.038976618481838,0.0313928001690139,0.0252376893325548,0.0197908750881554,0.0162219374118541,0.013411948986554,0.0109873454685063,0.0110527728298444,0.0108943486236552,0.0116918779633459,0.0120138786858061,0.0119588825489407,0.010605458088213,0.0100083545891317,0.00932356639616167,0.0080453669507413,0.00680765265231997,0.00584774306140161,0.00654876410780182,0.00782164645546054,0.00903538870087586,0.0103005019293728,0.0110553241739821,0.0110891876220972,0.0100763717399615,0.010040924884689,0.0096931809924424,0.00889054920774195,0.00907119291644382
2010-01-01,"I6",0,0.00390625,30,1,0.235440324809533,0.23153632078516,0.23,0.231380004912917,0.234088451359214,0.239103423999457,0.245384114898519,0.250305402007691,0.253471041943489,0.254119599827152,0.253707971538054,0.257745207149509,0.265141834854507,0.275293485812756,0.286924982624329,0.299155534002359,0.312292761992807,0.328333034191238,0.345898448645766,0.364122981439302,0.382359420726255,0.400703151776504,0.420414203277614,0.442471148864182,0.46896612953381,0.502268269117675,0.541821370354857,0.590038577934578,0.646746796890786,0.712713187688798,0.788024674099,0.875290300232289,0.976010976322716,1.08779428853168,1.20863167468935,1.33031840448711,1.44825768559051,1.55328732154601,1.64058309838747,1.705,1.74679311044173,1.76465064995129,1.7595440564967,1.73241816028196,1.68172267241725,1.60845808125717,1.51491942669312,1.40452413227863,1.27924841133291,1.14507482158054,1.00770295821746,0.868115457555692,0.732804934038002,0.60537514889408,0.492643997634658,0.394296884072121,0.312498741458576,0.246278249813833,0.193769742180466,0.15336259020646,0.123300882350875,0.100755518221571,0.0833065055626264,0.0701309497765135,0.0595666198700818,0.0504938300155463,0.0428904703986515,0.0367337352955253,0.0319164039171046,0.0269914628547319,0.0227485222902258,0.0201357592572219,0.0176779583094075,0.0156205489994165,0.0139722314369257,0.0113117087053493,0.00998204739359137,0.0076503419522474,0.00694588909632181,0.00700855209094089,0.00700284572830359,0.0070129488434895,0.00677498359038573,0.00546971819563063,0.00421014668543275,0.00397073224968437,0.00518545740548261,0.00636219354763119,0.00768864047188662,0.00801228828221766,0.00798135381425854,0.00673572176929039,0.0054685399342072,0.00494454301487869,0.00500410149234258,0.00500096893217412,0.00499955597558041,0.00500011321269325,0.00499995721768425
2010-01-01,"I7",0.00390625,1,30,1,0.211064081938553,0.216879096958017,0.223,0.229101218869295,0.235169205422131,0.241226849023552,0.247330462032068,0.253429472305783,0.259341122164848,0.263187288070262,0.265346723146818,0.268864861558207,0.272743130531861,0.280686840758167,0.292831495526719,0.308636045340153,0.324315979198487,0.340105100390901,0.353664630748535,0.366846127694171,0.383313835977584,0.405321882912645,0.436289288263005,0.475403410981389,0.521168055085065,0.571938731846147,0.6270489338965,0.68874565272198,0.764479621287683,0.855758502971793,0.964685131659913,1.08324532947216,1.21166309896382,1.34113065481442,1.46762817536764,1.58673216528657,1.69645582996216,1.79222568694411,1.8714289151167,1.936,1.98582949528593,2.0213089445596,2.04212636121656,2.04579537236123,2.0292175964826,1.99272310867208,1.93496797511323,1.85986982199115,1.76708692065098,1.65808516177328,1.53636382969952,1.39994827511262,1.25522278854097,1.10656291209793,0.959572807415366,0.814941126332368,0.679232287406489,0.55730577233153,0.448939441864647,0.358091809124243,0.28343380931305,0.225029247486602,0.178830514453639,0.141692702974305,0.11289656973532,0.0893016742593967,0.0709722326889565,0.0573644104571861,0.0455365032620157,0.0369290872734861,0.0302630697980985,0.0262083731014032,0.0226464315110813,0.0203205552428284,0.0178492941511791,0.0154093332126623,0.0129735781962669,0.0107575988159146,0.0091562966080591,0.00725579852237668,0.00615538848842301,0.00496659352357588,0.00498565482066792,0.00534815213267047,0.00749339957539731,0.00898334273891678,0.009016296302494,0.0087003393031776,0.00740659580634959,0.0061220575832963,0.00600660377332203,0.00593433633688705,0.00649010474523159,0.00694042044079355,0.00796446352589643,0.00684892025714077,0.00567704256279799,0.00449784885609721,0.0026114224888754
2010-01-01,"I8",0.00390625,0.5,30,1,0.242351407813179,0.23673597299916,0.234,0.237088571301544,0.244768619575945,0.250904352583292,0.253004180631653,0.251830355434266,0.24982919897036,0.253502996245161,0.263907123474502,0.279394426286941,0.292622662324905,0.301902692081505,0.306348738787935,0.311154206932063,0.319224786352796,0.333023516084118,0.349671551499128,0.369416200245682,0.390059162923621,0.413177332066983,0.43985753054526,0.471619713778397,0.51013040622679,0.557941055069088,0.615842551756914,0.684031629657423,0.763529739124578,0.853319012977665,0.956396742857135,1.0702454173652,1.19667286804915,1.32924812413431,1.45855109270426,1.5776291399297,1.68606467748446,1.78097410762697,1.86199008351774,1.928,1.97762173952746,2.00940316912825,2.02318282742733,2.02038947058687,1.99887250936001,1.9576905379919,1.89660592723223,1.81628073033398,1.7173481036147,1.60101801279256,1.47245222228162,1.32973624813604,1.18145301699672,1.03155068420419,0.886338616224313,0.747101032968156,0.618821160781253,0.506458614372675,0.406621356525826,0.323167495543769,0.25475853373228,0.201136637915871,0.158750197616621,0.126529831768975,0.102208085653099,0.0822221744137858,0.0667550645018937,0.0544518341597035,0.0451594492507612,0.0385238184170446,0.0324634989999022,0.0263748652455331,0.0203669124822858,0.0155823818470467,0.0110500337882847,0.00910200467628582,0.00900863600391974,0.0100868656337355,0.0099729443208122,0.0100050649732167,0.00999949890451603,0.00999991670446862,0.0100003712773492,0.00999804115763008,0.0100071508660752,0.00999252234987928,0.00986558823881725,0.00887262077926746,0.00910788201664229,0.0082102622820053,0.00696458870285776,0.00574102068635944,0.00456533640885829,0.00320550851614737,0.00303670037892188,0.00193328974359286,0.00203939474342174,0.0019417171214718,0.00262468862059663
2010-01-01,"I9",0.00390625,0.25,30,1,0.237028995933587,0.24211213568735,0.247,0.249139929789017,0.248622807211634,0.247324550302295,0.246181498861094,0.243799445637975,0.241784576634316,0.242679231957636,0.247886240712915,0.260377340490059,0.277312733350935,0.295913847796487,0.311983015043068,0.323458788616952,0.3331947024043,0.344703753457019,0.36290799588864,0.386331357464412,0.411714025702078,0.436135358123561,0.458953071956273,0.481383956709289,0.509268145743079,0.548077344433998,0.601453152412536,0.66909309630871,0.752201271907732,0.850273865476687,0.959627281211781,1.07677193760205,1.20292182731301,1.33273091350748,1.46059589091772,1.57975796987199,1.68897076668724,1.78160394069503,1.8563710123925,1.915,1.95605914800587,1.97936347667715,1.98420262850315,1.96979080797383,1.93481813408986,1.87790810901192,1.80236719626451,1.70808910716489,1.59771453488456,1.47416473329956,1.34200186669584,1.20116840522807,1.05919004679519,0.918891799338509,0.787476871321895,0.666564566812588,0.561332504276696,0.474091637480147,0.402247308472195,0.347918842933424,0.306558734459313,0.276749772407693,0.255349847008752,0.240871965854689,0.227361587052331,0.214404144666336,0.197620871131523,0.175802834672466,0.149717171316824,0.121830348203633,0.0935360729358163,0.0683596064004694,0.0478139575466619,0.0337687394125928,0.0252550086652626,0.0204814320458741,0.0179839417470101,0.0166554192026115,0.0140646252218554,0.0118145757142308,0.00831109136362742,0.00692687537503836,0.00585159576735307,0.00647735264662802,0.0077253797500802,0.00896916305440923,0.00890919800804866,0.00722676197676749,0.00534684224629012,0.00412358274423348,0.00400039234457062,0.00415364802977222,0.00558549784027515,0.00595170548978927,0.00691186659322105,0.00689733523361346,0.0058405622133628,0.00653394377467503,0.00720106766228954
2010-01-01,"I10",0.00390625,0.125,30,1,0.249273071098892,0.254090542984646,0.259,0.26113293994192,0.260680592248315,0.258803220769484,0.256159936490426,0.25602379811114,0.258026149385807,0.265781841309095,0.277256343882505,0.289508153216587,0.301406239698184,0.31066761601379,0.319278785410064,0.326876303075368,0.33517359288637,0.34559411561536,0.36115320241759,0.380818762093458,0.404662490696509,0.432631241942627,0.461785728053882,0.492286811516285,0.526698043377957,0.566102490077561,0.616674124404209,0.677995275921723,0.755247300324945,0.846095080839786,0.951515907942245,1.06597202771922,1.18905275262316,1.31481099137538,1.44057597193001,1.5610029614395,1.67490836797522,1.7747443395663,1.85334742710762,1.909,1.94235366392893,1.95352146932749,1.94607353157129,1.92261719587463,1.88274781351731,1.82729083814716,1.75296419573893,1.65867024102603,1.54394562892458,1.41423764802328,1.2744566293554,1.12874189286281,0.98502982030585,0.850151004420209,0.728688370626874,0.621090172001975,0.529859042278086,0.456752153435709,0.399504623410012,0.358429080720811,0.331263274505118,0.314391406128033,0.305124601448045,0.300302909380575,0.294811378073881,0.28578141493709,0.271376799781511,0.249729096577583,0.220893311998466,0.186559239047129,0.149806384390839,0.113107772368614,0.0816684110132025,0.057508196404465,0.0395925074110108,0.0277152407630748,0.0189345487631902,0.0143070263603862,0.0109004301843456,0.00989013180340099,0.0100281837040322,0.0100638166211611,0.0110900716104694,0.011053038796902,0.0103174820701923,0.00904454191074185,0.0077884410506455,0.00702003194484508,0.00629717624074607,0.00680581008854227,0.00698603839419784,0.00722794249214598,0.00809845855873391,0.00798820626707328,0.0079905806120113,0.0079286355292256,0.00664933610756145,0.00545667473800084,0.00422964582391176
2010-01-01,"I11",0.00390625,0.0625,30,1,0.254574635694235,0.248708683738079,0.237,0.226403934866486,0.220493801933261,0.221918121362303,0.231575916391196,0.246106770945886,0.263512905316809,0.283369180294575,0.30141884688176,0.316497216083813,0.325872523852349,0.329652934011662,0.329706508056685,0.32648516134881,0.324996064651891,0.326922747238135,0.336772394540873,0.356042750865461,0.385050793001106,0.419147527928581,0.45473633409057,0.492130510562091,0.532332777413752,0.578983630866923,0.633011309178775,0.694650620030717,0.767139090347004,0.852842502656731,0.951210390668057,1.06275479248548,1.18672699507811,1.31701809639998,1.45110376966735,1.57752063887312,1.69430177350786,1.79225059070182,1.86628091375847,1.916,1.94211554558127,1.94783845992689,1.93433838727442,1.90268364264305,1.85072552168668,1.7791914556799,1.68997056146471,1.58436607402714,1.4650081586074,1.33552737666217,1.20027300410137,1.06054756744478,0.924792162775337,0.796295702627648,0.679841718038376,0.578294979762384,0.494470682941013,0.43084052613037,0.384565348662945,0.355786688673027,0.340315009813258,0.333663951923414,0.331044159605754,0.32854411557514,0.323985476433003,0.313816942084185,0.295045959191082,0.268478457007222,0.234986533860249,0.197064373010723,0.157256319198134,0.119173066183413,0.0865177720799211,0.061183881806502,0.041878850909132,0.0303515569585674,0.023953759253077,0.0204742768157873,0.0185635615713041,0.01674955379173,0.0142645999501804,0.0118477757799633,0.00906653555839508,0.00628810732553978,0.0053356707701856,0.00400338948943931,0.00521044586359571,0.00631369536732611,0.00809923955254146,0.0107277115026542,0.0120558491463318,0.0143932776450894,0.0151042408060683,0.0144542456230926,0.0121903488939144,0.00965032408473863,0.00649273565244609,0.00544836466121998,0.00483545005865058
2010-01-01,"I12",0.00390625,0.03125,30,1,0.252961042317171,0.255500980496363,0.259,0.262720576163804,0.268532861138476,0.275303686928514,0.281344570926198,0.286228873810517,0.28859312833643,0.29061617544807,0.291660262857468,0.293873486313974,0.297465257440957,0.301366613269685,0.306904344593185,0.31373546638732,0.32425724145147,0.339364721463431,0.359087662440477,0.381816622765962,0.40486297967593,0.429188350681565,0.453875276814955,0.482956549166052,0.51975845202345,0.564018273916551,0.618343223352418,0.682089594328338,0.756101073013223,0.839363600171999,0.933908970824142,1.03672619672583,1.15300187886934,1.27878748438714,1.41017081338323,1.5364603338431,1.65195743855406,1.74827209146454,1.81892859522124,1.865,1.88472489934016,1.88134275319021,1.85824010913784,1.8158521399419,1.75401683596189,1.67123648374892,1.56934812405076,1.45027677814163,1.31844573525585,1.18081516289941,1.04480874305959,0.911834975586439,0.789180170577478,0.682044972823583,0.592373582724663,0.519272079835018,0.465187903628507,0.427524313421681,0.407809109496656,0.40198300852928,0.409484246972709,0.422825681826371,0.439676998596841,0.452622885995439,0.457471245897241,0.451503721148855,0.431577161863196,0.399053404935189,0.353712552166346,0.29893101632147,0.239985842570417,0.182319983907607,0.131446621932395,0.0916681213691358,0.0622435053691961,0.0416391764593009,0.0288986506540891,0.020920662965765,0.0166244100980317,0.0134344416486008,0.0130286176164847,0.011945862012221,0.0120785717611826,0.0115691273595454,0.0101609701118017,0.0100077974824691,0.00866269572114822,0.00659288145362346,0.0048258293575758,0.00309610204632654,0.00302375238437419,0.00422964386894941,0.00582416414082652,0.00844223611362608,0.00995709623093676,0.00999008383071497,0.0100045441997169,0.00999884136757814,0.0100004378394038
2010-01-01,"I13",0.00390625,0.015625,30,1,0.246121957779696,0.253148828667847,0.256,0.255797057418394,0.25485125682203,0.255500043711027,0.257761716148581,0.259056298519816,0.260559299557399,0.262750553710654,0.268101694195265,0.277545616337754,0.290866392347344,0.305649394582791,0.319232027844571,0.329713065604481,0.337138405293018,0.344571375964379,0.354045880771042,0.370191924092137,0.39438545739726,0.427158243570862,0.464757006450862,0.504351212560824,0.544004573685432,0.583191820386783,0.627685688482314,0.682739953243768,0.752248274177975,0.837876035814371,0.935103407397898,1.04233920568424,1.15879954879774,1.2812169314542,1.40568244163243,1.52235649745108,1.62590712637143,1.70757587224298,1.76129346684312,1.789,1.78898366618666,1.7624944130502,1.71191491735974,1.63844577918866,1.54376480596626,1.43136891527749,1.30621646955279,1.17363507582489,1.04024835984413,0.912755672764068,0.795915609138407,0.692353117740523,0.606368030920016,0.538225971646618,0.488416167723506,0.455383101447246,0.438272889776655,0.43303588898619,0.436735018355196,0.448653917226575,0.464957210827393,0.484206966575874,0.501705106319829,0.511919416341744,0.509333242172688,0.489063696756184,0.451020191831331,0.399077985724071,0.336146798878072,0.270552218975928,0.206417106896165,0.15003883681119,0.105312018963778,0.072513055292164,0.049149844603355,0.0339206000716242,0.0249354061616612,0.0204371722206487,0.0184389056611563,0.0179341921627706,0.0180455650304753,0.016864080124567,0.0142340696271246,0.00978287072395679,0.00648829453241646,0.00404091033967052,0.00533401566994825,0.00776520978117432,0.0102396009042674,0.0119545160763995,0.0109304214665485,0.0086686148135353,0.00748741281567766,0.00694114321687615,0.00700447629514508,0.00700186524713486,0.00699032123502812,0.00705070620975832,0.00637817455160034
2010-01-01,"I14",0.00390625,0.0078125,30,1,0.268063877038746,0.265266455470886,0.266,0.272603157115655,0.285431873286324,0.30090835658384,0.313959745935616,0.319125796199887,0.318385980695789,0.31369109418153,0.306403870256276,0.302121878257264,0.300037413131494,0.303465882922987,0.31236712067395,0.328259221038462,0.34740423184887,0.368158004184595,0.388918303353444,0.409355387997727,0.431756989176788,0.458528041698811,0.48859580955629,0.522545376183395,0.558612641877511,0.596212530671671,0.637945070891131,0.686215317763205,0.749657718852894,0.831038089588544,0.931438986956625,1.04769751486543,1.17462065471124,1.30288588993097,1.42591380031048,1.53760417959805,1.63427626550677,1.71154925681915,1.76429101119356,1.79,1.78333689812034,1.74458828517039,1.67736413115834,1.58532147304796,1.47587262039094,1.35342565716747,1.22390769093473,1.09037018894769,0.960045764061781,0.840355432572011,0.739572047595692,0.657399264824151,0.596439975330734,0.555056036002139,0.532697924198142,0.524846120198816,0.530655951230306,0.547846511681807,0.577028170760158,0.615051475581382,0.659438164407394,0.70222117562274,0.737427031436103,0.756722642349865,0.754938568495521,0.729838615608451,0.680150586049258,0.609040078377613,0.523330788410588,0.430856856425301,0.339161840044868,0.255581923767479,0.186537281579842,0.133127179905021,0.0945660140176864,0.0676144079188399,0.0498582090751142,0.038246256538002,0.0306346075936498,0.0252322396773956,0.021404468462328,0.0178225085211837,0.0170146902735529,0.0165658438462082,0.0152321807554687,0.0140699409468219,0.0116095619021113,0.00957568031217536,0.00821985724565773,0.00884203463573208,0.00901794153120846,0.0100925002909837,0.0100706859596302,0.00927217500013631,0.00901962781978669,0.00784800071663415,0.00686317032861861,0.00752817939437392,0.00820324598285655
2010-01-01,"I15",0.00390625,0.00390625,30,1,0.24093604451412,0.241057748431542,0.24,0.237582224507943,0.234864027635073,0.234969524229266,0.239247623068831,0.248767064745686,0.259521637844005,0.268014336131154,0.271580443547832,0.273883233251913,0.277594976020451,0.284993834998722,0.29741147621941,0.311798390170017,0.32629236452063,0.34080847717046,0.353666152712666,0.36620099003025,0.381501624252343,0.399932683857132,0.425520948540662,0.45664944423146,0.49386473262754,0.536114983861477,0.582902499881807,0.636533755145889,0.699750794327575,0.776194633839596,0.863632140193728,0.961008112898589,1.06639797370753,1.17780841832914,1.29220544384331,1.40172965313718,1.50068416847516,1.57588171897182,1.61895498720474,1.627,1.59843313425875,1.5398684608732,1.45946497982504,1.36252753568074,1.25301057344248,1.13491200807002,1.0145312635793,0.896332721030408,0.785232353509625,0.68621932351917,0.603632763515373,0.533501807496752,0.480537524697153,0.443114993698952,0.421897877787013,0.415432159627871,0.421228944746291,0.434515125046227,0.452799284326552,0.473655056289652,0.494017364987946,0.511297972925349,0.520924710407164,0.517357324778593,0.497284075057129,0.461884291476528,0.41225369434605,0.353948924101831,0.291686837186533,0.231230354794118,0.175230551843845,0.128502637848345,0.091101694353637,0.0637703534557507,0.0434211513033893,0.029729885144509,0.0219435968703539,0.0172565726103629,0.0140731650931377,0.0116063463348667,0.0101207353213502,0.00894761621089116,0.00924579819990882,0.0105424192628349,0.0117243518776753,0.0129594135483085,0.0127280359476207,0.0105744715277017,0.00880096106997958,0.00718094872428392,0.00600576959366237,0.00712139009998275,0.00697209350408473,0.00697946573210638,0.00704837124892893,0.00591843742903188,0.00627426253504065,0.00756280527944332,0.00876299280844286
2010-01-01,"I16",0.00390625,0.001953125,30,1,0.278897312954393,0.278297197600859,0.276,0.271238827296402,0.26776750431649,0.268426628828544,0.275089810821646,0.284822593573405,0.296369293597253,0.303914991982511,0.307102747040213,0.305147858600429,0.300233441692586,0.296815494761498,0.300257304231813,0.312488656033463,0.330405110328823,0.352471344243764,0.374067109035268,0.393399784182462,0.409568232820081,0.426651382785884,0.446794692890027,0.472612815507133,0.503275172791595,0.540202120596981,0.582051888698977,0.631572724114498,0.692524656454987,0.76714145283958,0.856761642518971,0.956762072136224,1.06548337927772,1.17883864485857,1.29051762774516,1.39394842771567,1.48578535144096,1.55537057118503,1.59532495345447,1.601,1.56992618618017,1.50670621841033,1.41630798520761,1.30521857684123,1.17990178799767,1.0480148357861,0.919894242374244,0.800579038142634,0.695810262100872,0.610348742085268,0.546224011900349,0.501542346707953,0.475491634264425,0.464880578063562,0.467543675020197,0.481195425169202,0.50385112035321,0.533090493270469,0.568424647256316,0.607539526659131,0.646784414304078,0.682859133693157,0.708626139838441,0.718071975150247,0.704876535710428,0.667396933764831,0.607358741626572,0.527712252823905,0.439464663175023,0.35086714310921,0.268195934115379,0.197758924357091,0.14207348123246,0.100209990390793,0.070125884141294,0.0498296141318298,0.0348856320881521,0.0267844938623939,0.0215025357433651,0.018461176946552,0.0180168008148687,0.0169122813116119,0.0154905749786298,0.0128748387767328,0.0111188507479271,0.0110206662478905,0.00987401614810409,0.0104800782982413,0.0104628354510706,0.00995239424172872,0.00999771266965013,0.0100132210169427,0.00992892847237374,0.0106075380239717,0.011945674046685,0.0119772075395687,0.0121216272317038,0.0110306431853719,0.00895796666051904
2010-01-01,"I17",0.00390625,0.0009765625,30,1,0.271635153943172,0.271350589416876,0.269,0.265161111515968,0.260430381350363,0.258608834252127,0.261501091947001,0.266361590630279,0.27083422587836,0.272150911313202,0.271855123651011,0.273856207407119,0.278826933197317,0.286611227742167,0.294918881493713,0.299528318004114,0.303069773635068,0.306988040458558,0.314187685425241,0.327342337167069,0.346059891673065,0.36903551088569,0.39110552201959,0.414742504967443,0.439724942655921,0.467407253256713,0.499493914516948,0.536969689860183,0.583063885204301,0.642322295830161,0.71496724437415,0.800788837115381,0.896148483474524,0.995602157274985,1.08970654167276,1.17126987891121,1.23488350220657,1.27202793090971,1.27773293879743,1.248,1.18417300581474,1.09244902301445,0.984129900779868,0.868662382087664,0.757595927604997,0.660294466239253,0.581654740115231,0.523930334356716,0.48613037950079,0.466250613292221,0.462167206661423,0.470629027045972,0.490889763756857,0.523098935311652,0.563903897391684,0.614192326554628,0.672245672121537,0.733362675209265,0.796599397000528,0.85498921468809,0.902620619733346,0.931958340204655,0.93620517963719,0.91079108063269,0.854957506404022,0.774217980878286,0.674773715968399,0.566473481903453,0.457773105696515,0.357949360197949,0.270323810210095,0.200655424553201,0.14759916498423,0.11008743478421,0.0824104110713097,0.0628546955137118,0.0478699285327751,0.0359221069723846,0.0257296690979315,0.017881686039956,0.0124104986896967,0.00992691877491124,0.0102734212758252,0.0114474642042012,0.0134591209957452,0.0150041635228803,0.0137916294867038,0.0127093428053627,0.0107821721090216,0.0091561604726919,0.00797433854361334,0.0082561628212173,0.00900064873244481,0.00969291851117786,0.01002400505455,0.0100295809780908,0.00968955547554739,0.008939712023742,0.00844995070617055
2010-01-01,"I18",0.00390625,0.00048828125,30,1,0.316546933107743,0.315908161991024,0.317,0.319149873635505,0.319023729711479,0.318417062983985,0.317141582867543,0.315962510027165,0.316019382181416,0.316011605572687,0.315937361565977,0.316927896275154,0.319416554390696,0.323301697256102,0.329544735347985,0.336141944797615,0.342127499870519,0.347970788202663,0.35357769716574,0.361485457172462,0.372768228352569,0.387367001629601,0.403728807245716,0.422879743752893,0.445899659999762,0.47243268377203,0.503281429725164,0.53973622569434,0.582931344801547,0.635321583643802,0.699446951674278,0.772910380153984,0.854390975765175,0.939007968437149,1.01952048763988,1.08803782550899,1.144664396983,1.18181802914334,1.19854907924239,1.189,1.15258732358356,1.0908435826917,1.00949566881283,0.919963532080144,0.832204096284932,0.758032998806759,0.70310552896744,0.66816382487676,0.652276832566087,0.651644719802738,0.66252184952488,0.68347923447065,0.717636654152629,0.765657587934152,0.828703603788433,0.903523856116429,0.985726800380805,1.07300944746262,1.16204179504145,1.25059922964298,1.33237894116407,1.39770941545065,1.43753353361116,1.44203029859414,1.4038256251753,1.32403819867152,1.20842205057591,1.06436409772627,0.907593534061043,0.750877862431862,0.602255437078194,0.472166512123784,0.361951770558753,0.273050372147331,0.20174974869094,0.147697025333682,0.107658674872892,0.0783324465092732,0.0576961043964277,0.0441927382450464,0.033901957976686,0.0277006365013103,0.0240261259712459,0.0212258479066581,0.021007856700853,0.0209716652071198,0.0220655176941167,0.0220911861239557,0.0210015479816473,0.0176444709003277,0.012869420959121,0.0092460870051535,0.00583271434292628,0.0049231865505059,0.00497684576808515,0.00620899664488263,0.008653311852726,0.0111953699625776,0.0122942961819919
2010-01-01,"I19",0.00390625,0.000244140625,30,1,0.261062656898536,0.257683401332618,0.254,0.250285191439608,0.247260970890039,0.247511250460225,0.249634919956029,0.25443217121401,0.260016149041954,0.263664696421022,0.26579170110864,0.267847929559481,0.272651853924617,0.277537733916022,0.282011644564566,0.283926044691472,0.283992898660429,0.284275529278534,0.287605371075335,0.293887167261753,0.30218773392681,0.31195328073562,0.322974934292854,0.334110051121723,0.34863981529186,0.366584160133146,0.389815790540389,0.414522399848473,0.442845674975987,0.472780769181385,0.507788323519542,0.544572440130511,0.585231455087526,0.624743106124862,0.661958880891649,0.691908945965508,0.71288670442294,0.721299607929363,0.715625290462938,0.695,0.662646029642676,0.625269303471626,0.589174833883338,0.561303702810891,0.546326747258146,0.543885937080415,0.554631277436425,0.572815380177601,0.599802217992055,0.631940028040893,0.67257360684218,0.723116132893431,0.783199766641974,0.852165721732948,0.927796108242704,1.01183354593505,1.10212486638612,1.19372284161345,1.28497420457443,1.36657616218712,1.42919074230447,1.46608618096995,1.47223894123839,1.44147184077092,1.37230497774421,1.27099572943976,1.14231990195537,0.996478237251315,0.845742811513336,0.700532087777836,0.565899155123407,0.447529688858946,0.348105494834968,0.267305423472029,0.202239533752484,0.152164593803867,0.114682708442452,0.0876616094375036,0.0677638198223143,0.0541503551707455,0.0439756608620127,0.0353968408848717,0.0270453897068497,0.0202536928825462,0.0149625149525487,0.0111231552679318,0.00875050147623262,0.00795418551732788,0.00790664878040637,0.00885006753371746,0.00899409201772199,0.00900749544929019,0.00899615885394112,0.00900779987468446,0.00898631889246883,0.00890921154476519,0.00789512291380986,0.00802674046035381,0.00798989495978453
2010-01-01,"I20",0.00390625,0.0001220703125,30,1,0.247632497092687,0.246812416602781,0.249,0.252821538485428,0.257739345813383,0.262645109004124,0.266660385421932,0.269123564322945,0.270115465919039,0.269529756739748,0.268332369772477,0.266110396430826,0.263789723112354,0.262636416702234,0.261426631419747,0.260102258527944,0.261064775150405,0.266235586850684,0.274973053705982,0.286070221653897,0.297083351429664,0.305672265514335,0.313040636291522,0.31970656206314,0.326475751178297,0.333857983415865,0.341298379938267,0.349734591797157,0.359279802484911,0.372858711781159,0.392127650884,0.418327131765882,0.450428499752148,0.485058938509292,0.515432972013741,0.536817483074047,0.546527804014171,0.545399648915031,0.53616503401033,0.524,0.51195134091145,0.504056689303839,0.503601247750145,0.512363469994052,0.531643417860971,0.557826561730396,0.586907208896419,0.616575142763821,0.646724749105906,0.681201441345849,0.722804479370037,0.775725133249734,0.840367966737051,0.916443211858363,1.00322350258651,1.09921907838684,1.19911438910602,1.29660803416137,1.38435512801565,1.45656429212716,1.50587507964201,1.52645965286492,1.51655004302643,1.47155138519094,1.39410981841569,1.28666341160184,1.15449729452744,1.00741313679941,0.855591918477996,0.71108806915687,0.576772278520639,0.460393050084277,0.362257073887606,0.282325157361259,0.217787077794985,0.168266465970148,0.129664736048189,0.100095005245858,0.076092479209841,0.0574207139639843,0.0433438514761153,0.0323789402688692,0.0254173620179905,0.0197330416039964,0.01581223893837,0.0120955860972312,0.0107247439267253,0.00850949948611691,0.00734420667324969,0.00696683172412595,0.00699866963642362,0.00700068465060915,0.00700589976318242,0.00697395177072826,0.00704794020119414,0.0059128427495378,0.00633682951981638,0.00705356060664763,0.00755259152158311
2010-01-01,"I21",0.00390625,6.103515625e-05,30,1,0.224938956748193,0.222376693440975,0.221,0.221120245508272,0.222847330317789,0.224832092413687,0.224944851907513,0.226036869549796,0.226165608009335,0.227645215797792,0.227951347488999,0.228954053026427,0.228801020377691,0.225949112727126,0.222021967410964,0.220139798555923,0.220060605849185,0.226559737728333,0.236104790921846,0.246483355291259,0.255398261480677,0.259167495469915,0.260093361550933,0.259811554759045,0.261883338226314,0.269795967710764,0.280821415504056,0.293653680449425,0.308542839243729,0.322975230308007,0.339866498000643,0.358596805356862,0.380777907224548,0.403342536078047,0.426665636318004,0.447049230872325,0.463141485070888,0.471887907454853,0.47342316450035,0.468,0.459402310694124,0.451430225875641,0.447797127852566,0.451177538876517,0.46202145143416,0.479878810624227,0.502193057049934,0.526550957823109,0.552850421090662,0.583416606901877,0.619453487734623,0.665108616540724,0.72071909337009,0.786109341974465,0.861899329152603,0.945452741647171,1.03403288253667,1.11962759080385,1.19750968119405,1.2598372016366,1.30009302279837,1.31080474287169,1.28879411787589,1.23154052065454,1.1426754739857,1.02981649984798,0.899649453103253,0.763167800979385,0.630626378597505,0.509599192713822,0.401414126829372,0.309941134357503,0.236027181965845,0.177165311289675,0.131113296275541,0.0967911718647793,0.0727981427811724,0.0552610129910585,0.043248780372895,0.0343003930954244,0.0267175903650446,0.0205519571224855,0.0149458402928117,0.0112997757707074,0.00919078284469043,0.00802845019216733,0.0079827343685043,0.0083743925709962,0.00900909909397337,0.00975364062027642,0.0110089585624921,0.0112018693045641,0.0120930928069821,0.0120412510790388,0.0111558515365986,0.00875386033180611,0.00629488221724572,0.00435936938894802,0.00329624905901129
2010-01-01,"I22",0.00390625,3.0517578125e-05,30,1,0.221865016166007,0.222127933971242,0.22,0.216617537627208,0.215763492421213,0.217682830491012,0.222455490995499,0.227329897289429,0.230202305299349,0.230034977098487,0.229283769481192,0.228948336126013,0.231365093754185,0.23347134690693,0.23428076675323,0.231704527510279,0.226910531959668,0.223524594803759,0.223560104940166,0.227982802978259,0.237086212168444,0.246900427020575,0.256193897130881,0.262820474474955,0.268084724428802,0.272885887500327,0.278825644148995,0.283894495988245,0.290132369265423,0.296207998253552,0.302311735346119,0.310126108469735,0.32211204463382,0.337101925915158,0.353068459986206,0.367367762042389,0.37776114867199,0.384513330397547,0.389017067177527,0.395,0.401517284006712,0.411803019445748,0.424039581804076,0.438171109298772,0.457417944729285,0.478782426531474,0.50419248636483,0.532275372988492,0.564620583605103,0.601566500765374,0.645175385834068,0.696050169873598,0.757037055886476,0.827262263592964,0.907679011628785,0.994963194608973,1.08587233764047,1.17171285135174,1.24719870432253,1.30588895462524,1.34216988523392,1.35179134334466,1.32880519893194,1.27293956948098,1.18618947184814,1.07439562093084,0.945564665465127,0.809188350659413,0.676013963715636,0.551251921748826,0.437901763853738,0.341223269610242,0.262507834625383,0.200386420440271,0.152065162108578,0.114440653558522,0.0867601844258432,0.0657854528528726,0.0511496947196401,0.0418883813399527,0.0346985805290389,0.0296343480063427,0.0233877555731671,0.0178405352880778,0.0130313358434926,0.00909909487707175,0.00794164825921925,0.00829305155302523,0.00970145570944902,0.0100155438746183,0.00998685865995679,0.0085454052270655,0.00608369045734857,0.00353907873970931,0.00210860945739455,0.00104860023968568,0.00201302800378052,0.00293502383383401,0.00505500754213306
2010-01-01,"I23",NA,NA,30,1,0.109333811603302,0.108875324957167,0.11,0.110081070438041,0.111870539611826,0.1137810848515,0.114057432857992,0.11287270515466,0.110185045082103,0.10646561244747,0.102736976496847,0.100081610756011,0.0975471382998491,0.0942085676899399,0.0912616210730492,0.0881862565812169,0.0879977970786997,0.0883494899028103,0.0908228422087836,0.0945974501136792,0.0995274490640956,0.105576461847607,0.111431418848276,0.115801410721824,0.117996322018186,0.117019861333978,0.117107494200634,0.118885560365013,0.124396120173254,0.133710645785128,0.143512799634901,0.154450219771831,0.165238705887248,0.177650058230995,0.191246827896383,0.203405567691378,0.214482715107211,0.221102734959538,0.224707481180529,0.226,0.224820749151734,0.222828270006813,0.219149199597722,0.214451199532662,0.211831576013454,0.209740874648307,0.21079879009101,0.214712800872154,0.221676696186577,0.230256716494649,0.240513204910431,0.253964751988837,0.270206603833106,0.290644751560886,0.312482273162683,0.336354544344565,0.359446664008338,0.38029744110233,0.396158927221023,0.404028661686483,0.39873943427913,0.378758820776652,0.343849279780079,0.295639712915798,0.241592751101102,0.18916109162408,0.1433385868732,0.106438431873788,0.0807998309365991,0.0627368048650335,0.0496585636438653,0.0404470585798565,0.0330939851586458,0.0263585060600592,0.022267728391144,0.0185591808168307,0.0159780770288731,0.0135073082508158,0.0115790832331912,0.00963482986462227,0.00819036731589526,0.00592979509709132,0.0057772426325383,0.00489144687104702,0.00500993388083426,0.00500729466029333,0.00514337432045144,0.0060438344383563,0.00650609697886722,0.0078311874849709,0.00904079728672755,0.010121337932499,0.00959603098376487,0.00830808440611748,0.00709544960113517,0.00585939278082926,0.00492677693467032,0.00497043123014365,0.00561383775194884
2010-01-01,"I24",NA,NA,30,1,0.225913283769768,0.222836637820657,0.217,0.209202336366099,0.1981972779792,0.185938415926012,0.173323929778465,0.161201090495373,0.150344931650289,0.13985331681814,0.130020511702448,0.122258666502484,0.116297281890826,0.111759246940893,0.108631801504324,0.107258505020722,0.104974984047172,0.104971693925344,0.105696251175977,0.108919227459884,0.113535488260659,0.118383537071587,0.121779125508079,0.12359767195003,0.124764195764787,0.125965728441534,0.12847699020996,0.132766398633637,0.140042925470201,0.151242472170798,0.165767373963056,0.181500357769358,0.19725012972589,0.213905866042577,0.230103707930935,0.244621222368622,0.258844644556421,0.269446449814567,0.27472127496594,0.274,0.270363527001284,0.266274168480786,0.261904938527926,0.259210182254143,0.257947868146376,0.258431381310752,0.261403181620246,0.265985548372674,0.269840373558318,0.274710797019965,0.279394838782809,0.285333178539525,0.294350300063711,0.30747294306588,0.326179245172438,0.348729590960612,0.372163449985427,0.392484808609161,0.405880593950027,0.409898019717039,0.402102026648415,0.380827862072334,0.347769346203041,0.304555976378611,0.256786457188706,0.20933351210069,0.165228571820336,0.128334213398915,0.0988743731025436,0.0775999007806057,0.0630014952749758,0.0515936259553479,0.0431676930782545,0.0374995049822759,0.0331328743741076,0.0303942892787747,0.0279773250339791,0.0254006059244735,0.0217743888857352,0.0172456246889796,0.0142467509304602,0.0119249639713754,0.0119810104167972,0.0125221008462283,0.0130384472070975,0.0130199085716949,0.0118110864899673,0.0106174029800289,0.00941927509579306,0.0081339586887576,0.00802220867920382,0.00932803317895444,0.00997386177802473,0.0107247066513096,0.0109718655166671,0.0120910283601675,0.0116702204930255,0.0108964034352636,0.0110689806432161
2010-01-01,"J1",0.001953125,0,30,1,0.20502028808212,0.200386401660062,0.2,0.201547526422031,0.20507797121506,0.206644478830326,0.20859363747028,0.213327549491025,0.218606501553982,0.225822580991389,0.230349493038288,0.232041963625416,0.228328378919047,0.221441267360444,0.213285441253717,0.206741766766287,0.203990318703959,0.205711865475216,0.211660705113351,0.219130902216329,0.225505837221633,0.230406910727994,0.233343401044227,0.232014455928124,0.229464187614965,0.227055415122322,0.224869382252701,0.225006336106592,0.225413963986972,0.228389760786232,0.234373031888271,0.24304735816616,0.253324299477635,0.264377611663537,0.275339627662716,0.286145777353396,0.295471673650916,0.304546687954261,0.314154453060858,0.326,0.341024382036499,0.360401816755915,0.380951243412352,0.402644816432547,0.422284709171279,0.440732429671613,0.460989062917896,0.485075746384035,0.513734795446732,0.548037896760101,0.586519475038335,0.629444097721641,0.680535365324238,0.739920015586382,0.809828157929481,0.888924772755738,0.974938661396017,1.06392373663051,1.15409409973644,1.24027221418787,1.31522350981079,1.37224113979971,1.40660246093439,1.41058368232025,1.38244322293613,1.32232592026698,1.23421697338935,1.12515703426708,1.0037575256264,0.877514394259052,0.749050159422032,0.626151196759688,0.511972807253824,0.411084038372546,0.3238283272113,0.252597620975183,0.195491793735276,0.150813954416881,0.116863317835208,0.0903904697756658,0.0698687546251774,0.0550818881672081,0.0433265674574495,0.034692805679666,0.0281333403004291,0.0241419190465516,0.0206225883186015,0.0178889173568391,0.0147174005688994,0.0123754688111374,0.00992633401212122,0.00751653106010439,0.00492057654579336,0.00390773802764142,0.00397786495097331,0.00520842964361386,0.0076623956814551,0.0101448154434277,0.0119160643075304
2010-01-01,"J2",0.001953125,0,30,1,0.229798340716744,0.230775664923498,0.232,0.23452675576638,0.23620408224174,0.235525711050896,0.232502963100098,0.227682978336037,0.224509415915534,0.224177676149208,0.227705589473589,0.233780050475673,0.238653899056691,0.243036034654684,0.244226524087076,0.242529545138103,0.23789106835709,0.231501448051325,0.225170046972841,0.223666831268209,0.22654583560103,0.232596881194489,0.238174689088912,0.241290530047328,0.24207089871618,0.242000820405775,0.242100473714238,0.243664776920414,0.246862291801452,0.250405992149543,0.256307277678205,0.262538076237043,0.269797398004837,0.278552248592775,0.288423822817017,0.298061114026888,0.307913126512975,0.316969236226357,0.326344908536995,0.335,0.347301953090238,0.361858670751782,0.379669042153884,0.398799265720826,0.419537527385532,0.443159825399207,0.470120363002864,0.500746910815572,0.535530399072559,0.573457077258206,0.613696089794267,0.656097836964231,0.704005197423521,0.761888787914004,0.830793575253461,0.912521838839947,1.00426083759731,1.10025226257152,1.19773298237495,1.29150417300982,1.37502968681999,1.4412057827843,1.48637068923284,1.50264282740789,1.48836551149581,1.44285114690558,1.36872084697705,1.26853960705252,1.15199503899949,1.02337325390729,0.888401125377454,0.754899468604994,0.627493716968835,0.513994346206091,0.412404647592017,0.327892473806786,0.257357458425023,0.199538692180474,0.153723900916486,0.117581907747129,0.0896614027983024,0.0675893121215998,0.0502871692574577,0.0380590669905269,0.0286593227676462,0.0221933263277474,0.0185928013688666,0.016563366252144,0.0153111903972332,0.0150326903557985,0.0139574336514815,0.012753570992377,0.0115372670920928,0.0103112058572979,0.00910856970884998,0.00795166424995943,0.00801332642489497,0.00804484058753411,0.00738039113080952
2010-01-01,"J3",0.001953125,0,30,1,0.224230869177727,0.214803427601912,0.205,0.198189572901103,0.197430063174193,0.201913361774855,0.210069688480092,0.217451239477884,0.223348156423035,0.227066520363317,0.230193453096877,0.232926047920164,0.233997895312975,0.232008177881851,0.228113223564723,0.225287288918374,0.223988212242464,0.224152954180751,0.225792253606177,0.228970745890918,0.232688953157753,0.23641232009864,0.241085506423582,0.244661537450144,0.247631886079646,0.248977436389393,0.250174447997049,0.251639556061226,0.254869722566944,0.258399159011892,0.264293702822781,0.268841728009804,0.27247796455888,0.276023903496453,0.280723656387578,0.285772567798924,0.294624689441965,0.306146992410135,0.319515370886611,0.335,0.352016215456629,0.369785355822898,0.390098570855143,0.410554755556647,0.434720425805053,0.45934841535444,0.484731824196543,0.511749306582021,0.539851678081706,0.570557437322495,0.60493542310237,0.644287867508374,0.691274699275789,0.746811114792086,0.813353963903725,0.892209983883226,0.980205289816845,1.07255696953453,1.16628135120429,1.25368312388133,1.32876139933666,1.38470328596779,1.41470247462224,1.41348591334269,1.37866445646675,1.31313722940478,1.22061591908586,1.10793535599942,0.981628311233297,0.850579603913647,0.717193052390555,0.590278752945794,0.476173663286246,0.37803255882931,0.29503224529502,0.228871242737537,0.175535423710093,0.13546417682748,0.103249619069145,0.0786995175988234,0.0598304230179846,0.0451245467172939,0.034656110169908,0.0272172571937225,0.021849521556713,0.0191132526291199,0.0155692245068208,0.0132782620218447,0.0107163962135087,0.0091501783857821,0.00795852954158034,0.00687664253269369,0.00742290872383885,0.00861315863530311,0.010784082756558,0.0132053571864385,0.013806665101155,0.0124647990596754,0.0106239117847789
2010-01-01,"J4",0,0.001953125,30,1,0.187664617044524,0.183549514910744,0.182,0.185993790822733,0.192503025543553,0.200053511123076,0.205505821992115,0.2090709394125,0.207414717901942,0.204961900454621,0.202980660358489,0.205749516212175,0.214300863394782,0.22600329913374,0.23967564519139,0.252232247449519,0.264261355246122,0.27743322533006,0.29051291577521,0.304269262364611,0.320373506339876,0.338734218837833,0.360270060314781,0.386068808480114,0.416443356011124,0.450285214811374,0.488412623709019,0.5324263707942,0.584707659550266,0.648648014959185,0.726158059619096,0.815930695252633,0.917873633417559,1.02657627198902,1.13560506988132,1.23762641603289,1.32614880384209,1.39555065787914,1.44049492888106,1.461,1.45752017077554,1.42882651752841,1.37847946081118,1.30627696657343,1.21397508765984,1.10565986354454,0.98764178088373,0.864455133402028,0.740861458545998,0.623157086564242,0.515409896014776,0.418144712516041,0.33358829135846,0.263128670858981,0.207814423055094,0.163762344891068,0.130186456038645,0.106674027166758,0.0908381061089737,0.080574288776306,0.07247992567866,0.0669120031692654,0.0620872856745624,0.0584181922204907,0.0548864597085647,0.0499771906756659,0.0438361385226729,0.036618271319851,0.0294988618254031,0.0239401344726289,0.0197458004272408,0.0171525671929214,0.0148572191926488,0.0129913393000888,0.0103491091651853,0.0084002302143695,0.00698902351962092,0.00588500665109726,0.00638162053501189,0.00766152482726686,0.008887945564106,0.0101606522422579,0.0121764001480365,0.0120131270668688,0.0113908654891417,0.00911043374118059,0.00680431987031022,0.00527369044025829,0.00330009838575646,0.0022343513468043,0.00100972500530529,0.00206155651750574,0.00244381977646789,0.00299184528779414,0.00388107427736079,0.00511115119565829,0.00638361032789586,0.00708987134615007,0.00693620602462525
2010-01-01,"J5",0,0.001953125,30,1,0.219655076559249,0.220918159234754,0.22,0.218750531202599,0.217941590324419,0.21788603416207,0.219598055139471,0.224408344482475,0.230357470994618,0.237505574468718,0.245468455090263,0.252696013243523,0.259769368277532,0.264182244125121,0.267755665929448,0.272077439909582,0.280196039672211,0.291606779738358,0.307742157102131,0.326615043344344,0.347954204985897,0.371149817439782,0.395709267300612,0.422764847393729,0.452703079672019,0.486276834621958,0.52427965855551,0.567006139276348,0.618084396504475,0.680819424653709,0.75712535785673,0.847068939678019,0.95107333959525,1.06489173763006,1.18205012317165,1.29517687307186,1.4022922050449,1.49780425441092,1.57504314294361,1.633,1.6649033548152,1.67080876044405,1.64903176955995,1.60252502237617,1.53345235320155,1.4440720965655,1.33904635861067,1.21988234055282,1.08939638964504,0.952880027887119,0.816794587583869,0.683791285165706,0.561318577985709,0.451973281112791,0.359568501459407,0.281225663830193,0.218841158711068,0.170733434715249,0.134209670033931,0.109135618118953,0.0924499701307423,0.0817450746332997,0.0741142794567224,0.069083194605687,0.0632710638159609,0.058035340333174,0.0509900550078393,0.0436797591556294,0.0373861562731674,0.0304784356440546,0.0244140462557935,0.0192581417143232,0.0156705800900448,0.0132548845396392,0.0113429391714124,0.0102425656313621,0.00899639351901238,0.00882080694338244,0.00798553404804496,0.0073137612428543,0.007024984605688,0.00590532298561587,0.0046425860277804,0.00397087456708072,0.00382979066795949,0.00591200634112652,0.00717464651856016,0.00807802211227282,0.00806639985695933,0.00721072201271439,0.00595957887765116,0.00492005484496474,0.00502235292360872,0.00499650858016606,0.00499941936896857,0.00499436998310755,0.00506258317854885,0.00449075119828574,0.00378960027343083
2010-01-01,"J6",0,0.001953125,30,1,0.212219311982758,0.216057030081964,0.221,0.227013513667201,0.23133655732463,0.235013770961803,0.237746940876873,0.240148545645815,0.242971586661821,0.248425127772003,0.255424025063726,0.261770149647256,0.266315192247202,0.267362747398626,0.268377629978524,0.27211623349326,0.279195178442364,0.291763626810464,0.307383484267407,0.324373713226224,0.342347569261087,0.360732058031187,0.382240401072091,0.408406109295622,0.441506399690876,0.48114783340892,0.526650186750104,0.577169777964859,0.634034047938676,0.696485663243683,0.765662202036006,0.844266216899885,0.934480724412206,1.03728835252763,1.15282106337718,1.27327493647425,1.39162383953127,1.49702557822437,1.58132502458516,1.641,1.67530175547226,1.68441933956309,1.66753905561839,1.62692522690815,1.56165703862115,1.47431366864833,1.36822671304269,1.24565548050471,1.11246593925478,0.974770354387482,0.839425656247573,0.708679387585088,0.585489351394194,0.47487106608634,0.377884418917214,0.297271108319109,0.233146930192296,0.183735873903783,0.148230481964062,0.121516790905623,0.102273507608754,0.089907865995897,0.0811614058207774,0.0740868551554287,0.0694701487254337,0.0638131845851921,0.0586687180384776,0.0526962392652995,0.0463713366744564,0.0394927553805141,0.0333712950715024,0.0283202798197116,0.0223269272341309,0.0178328603893264,0.0147795155704543,0.0124659753439148,0.00999021504993643,0.00985240251510445,0.00888940862637448,0.00899116216279524,0.0090699975517488,0.00797099743137413,0.00773484281463703,0.00700416102973397,0.0062208108464911,0.0060189029919834,0.00491542536281198,0.00503165144858057,0.00499318284180179,0.00500133271053398,0.00500064087641946,0.00498094804471605,0.00512340638083881,0.00417512694436541,0.00492319333610313,0.00507043886395684,0.00610537852886956,0.00602137010674334,0.00538926046772927
2010-01-01,"J7",0.001953125,1,30,1,0.226430562290553,0.221968287791826,0.216,0.210241516919284,0.209317097893035,0.214892134198882,0.228212798830775,0.245238676955256,0.261331156605332,0.272019983028431,0.277512360025431,0.278956974338758,0.280127343788747,0.281808661641018,0.287230924451553,0.297094259918927,0.312366407977239,0.333705781747591,0.358393861565616,0.381936622870511,0.404050223719982,0.426073085163008,0.451152311572158,0.481613259744242,0.518721796893882,0.563989598449662,0.619538568639373,0.687093015746655,0.770068055187484,0.869825164393696,0.983962985128837,1.10804139708123,1.23862648122146,1.36996582817234,1.49665843184586,1.61450646205205,1.72171751580298,1.81515153494816,1.89115456450954,1.951,1.99336773822338,2.01986335227017,2.03089493772275,2.02555594834345,2.00388972560487,1.96272153725617,1.90121600733608,1.8189794607347,1.71644735631711,1.59874053567215,1.46810541670795,1.32691661638207,1.18033265622109,1.03161313033117,0.888666670795097,0.750586831858506,0.622989209552718,0.509523180800027,0.40957660121122,0.324734618476629,0.255790105825792,0.201368627410802,0.158736647567611,0.126159348949843,0.100420182657645,0.081228016023549,0.0666407493396056,0.0544924890574351,0.0460806281945922,0.0379480148728501,0.0312667793634577,0.0271980191904588,0.0235360592955871,0.0201985189202369,0.0179582001171701,0.0146447541813224,0.0109606756267897,0.00764695369120804,0.00654998493890289,0.00585691436061965,0.0068381495522158,0.00803486752486226,0.00797959475821294,0.00800157614108888,0.00801270692491941,0.00798586746557714,0.00774483860696679,0.00556672925614318,0.00380956598319283,0.00216002200738488,0.000982497966193447,0.000980648879678467,0.00136836351215476,0.00272672248792264,0.00384949834611304,0.00618375712340598,0.00729033466050369,0.00860694579702077,0.00914364849098305
2010-01-01,"J8",0.001953125,0.5,30,1,0.228750927293874,0.228487535820452,0.233,0.240551510408707,0.248473569797634,0.253134735346807,0.255674591017472,0.259203804992205,0.261780475339611,0.265479053164366,0.269898797232084,0.274783610650363,0.28076033009962,0.287411129648829,0.296731951192578,0.307137418400291,0.321292978042086,0.336224502203594,0.353821945395645,0.37320520750194,0.395850057194987,0.421619759165523,0.454076981416991,0.489239294663269,0.530800109742038,0.578970711663947,0.63444527252047,0.700103212581304,0.778399285982589,0.868333001723562,0.971397831120719,1.08524441729111,1.21167418985838,1.34459769607451,1.4791187345596,1.60546021515141,1.7207740442307,1.81902063795315,1.89786849570134,1.958,1.99913691567554,2.0244371250652,2.03419632517771,2.02779893334186,2.00262658216504,1.95760196106726,1.89106724898241,1.8046391958668,1.69956844846306,1.57832758356307,1.44531335430902,1.30226683428141,1.1544607491222,1.00561922690732,0.862628011898597,0.724911859071951,0.599243091949684,0.489169093223525,0.394191430716416,0.316232839586645,0.252081388738925,0.201051661432732,0.159713929612158,0.128370861582609,0.103717433760207,0.0866484905335474,0.0725467370805653,0.0625632390025471,0.0540820503363825,0.0454812648340354,0.0378321672385482,0.029458692645386,0.0232708376358032,0.0176926720256731,0.0148730553289551,0.0122616736378882,0.0119973662220615,0.0107358904662808,0.00968713627669446,0.0075458598557145,0.00701279273650171,0.00592700440585315,0.0063717087677186,0.00656297869164831,0.00592207156950848,0.00600896871294046,0.00611047274389631,0.00741342858352589,0.00856704355390205,0.00988824731569669,0.0100018743006063,0.0097880667023817,0.00888913745514094,0.00904643390457466,0.00894714737021851,0.0100637022378475,0.00995315972219703,0.0101084196825542,0.00875370110560236
2010-01-01,"J9",0.001953125,0.25,30,1,0.234179731058077,0.229458915851558,0.228,0.229703317805855,0.23473688894443,0.240088534385474,0.246494326623191,0.249145161432409,0.251532332356675,0.254694138794758,0.261841008702911,0.272563637024011,0.283562790432123,0.295237192379155,0.304664924166685,0.315296034677747,0.327260758626935,0.34242954073944,0.361386433897144,0.381181726309932,0.404706118679004,0.430292512425393,0.45613072092744,0.483367046648098,0.512400964999214,0.550130125329114,0.599999248158089,0.667647973268592,0.75398446378128,0.85654684822942,0.971914367847796,1.09356533294169,1.22386879844192,1.35787522524005,1.49023218829619,1.6151786346775,1.72670120850458,1.82090476015028,1.8939277430974,1.949,1.9864730848613,2.0083395689626,2.01703609015722,2.01158584024121,1.98875301345871,1.94493893570577,1.87896980707809,1.7887889685682,1.67879551426636,1.5517100403576,1.41488513119776,1.26734205686685,1.11666456681269,0.967611814878278,0.825133259576219,0.691305998130475,0.569864049082525,0.465548721975708,0.377755881183583,0.30641523725182,0.250402316266625,0.207367174595119,0.173578844707185,0.148136764280958,0.126313671685887,0.109757797015264,0.0947660080672441,0.0823938596858399,0.0704077157132943,0.0596612478095275,0.0485657175528283,0.0385471256870163,0.0300348234231341,0.0234748940327438,0.0185725577869074,0.0153370161993034,0.0129732082864842,0.0107148508393088,0.00957623193763639,0.00836108094174553,0.0070753852055007,0.00699236442335472,0.00728268664964817,0.00801789595287701,0.0086787357961426,0.00994773431525659,0.0110648753714524,0.010964209405921,0.0110626325289523,0.0102899098232796,0.00793782605239202,0.0069428611996542,0.00704051995061613,0.00689242580028158,0.00792767734969848,0.00797764109636827,0.00807024938514537,0.0074887965492675,0.00679033892215547
2010-01-01,"J10",0.001953125,0.125,30,1,0.232323959694065,0.237829716562421,0.244,0.247273186680592,0.245999081709213,0.241314963567619,0.238119827918447,0.239295941907265,0.247689140299763,0.26019178233089,0.271882557885597,0.278840361517483,0.281120414259688,0.283121736936662,0.289707755182967,0.302400485546802,0.3224484818001,0.345686858040901,0.368507571404687,0.389521395970004,0.410097204517877,0.432072404404655,0.457267195762296,0.486630455134898,0.521363719124301,0.562080916334634,0.613904605758676,0.676060519875387,0.753309650225484,0.84329673059202,0.947490709711653,1.06398011770804,1.1941755831317,1.33028520151644,1.46424842654587,1.58814564589878,1.69920385595459,1.79067051566956,1.86149746987483,1.912,1.94327869980864,1.95707507245585,1.95477304559043,1.9352881580232,1.89664943255716,1.83680663678149,1.75674375361175,1.65832298551825,1.54194691950963,1.41362021634605,1.2778372628633,1.13383172266475,0.990308626229589,0.849920006041834,0.719559672212886,0.598587971192378,0.492814868693537,0.403267887929318,0.33010781788316,0.27293373028698,0.228349532830608,0.196321466886592,0.171426611786759,0.153313790769358,0.138611154901681,0.126767877779527,0.114629395420499,0.101292590666329,0.0865130884464473,0.0702036642009117,0.053614948069393,0.0397341946446877,0.0288307861259394,0.0213292459414682,0.017194029548146,0.0143153793914445,0.0129896033768521,0.011737582676129,0.0109413634657117,0.0109112842545508,0.0118948222293483,0.0119797531413859,0.0121253380097588,0.0110227519654138,0.00918985984823914,0.00805776759456371,0.0069398731237354,0.00702276999482917,0.00699381732147908,0.00700475507875168,0.00700471165966378,0.00683728872590582,0.00543527083573091,0.00496983134954313,0.00496650912137196,0.00615970998761349,0.00701328983575735,0.00748990349565473,0.00821771018768785
2010-01-01,"J11",0.001953125,0.0625,30,1,0.245193418714362,0.246140814709214,0.245,0.24389597328214,0.244359891337022,0.245704274471481,0.246756712363776,0.250264074103624,0.254024320994424,0.259508796032659,0.265662735496033,0.271760133329218,0.277834886838068,0.28589382373678,0.295737602062102,0.306288857035084,0.31826166335989,0.333378345091635,0.352938524898781,0.377375070394504,0.407245056839703,0.437897085602675,0.47048164528341,0.500432750433788,0.531550777807534,0.565257963523399,0.607432265447026,0.661521937654392,0.732448901708896,0.82098295528358,0.929782041540932,1.05243464844122,1.18753181630232,1.32441094058197,1.45735140871491,1.57878567030744,1.68612176629193,1.77396985280743,1.84108889332432,1.889,1.91925999604023,1.93272210022755,1.92916702713828,1.90762997572328,1.86537886559787,1.80200982173742,1.71722700448531,1.61333337841334,1.49214124952772,1.35887805406554,1.21907251244951,1.07539283535673,0.93300538478927,0.796038642639532,0.669273202089936,0.55200553020534,0.4497683193868,0.364850302123371,0.295364681979133,0.240492096259207,0.199083638184843,0.16963734324234,0.150306489599791,0.137118836421997,0.126667045303829,0.116534110094738,0.104585304374845,0.092347298822121,0.0791341645375445,0.0670793099232733,0.0555942096819062,0.0446374153755599,0.0349267233061323,0.0267714020921949,0.0200099452875518,0.0147478425859546,0.0109697626826258,0.00869636761850802,0.00788309375941537,0.00851584272890864,0.0107536775664788,0.0120169752105817,0.0121065486486995,0.0110062870341477,0.0092700827171012,0.00711227687555856,0.00475084586396812,0.00389095886249081,0.0044346976299148,0.0066800349326532,0.00803640278234933,0.00907825767523961,0.00902079126384164,0.00850221562406834,0.00612564856604384,0.00603942226701683,0.00587075196633062,0.00697129988684934,0.00904129906555007
2010-01-01,"J12",0.001953125,0.03125,30,1,0.244608621036754,0.236558188636269,0.229,0.227331504866651,0.23473238135232,0.249247579430377,0.265361763713845,0.277608395896938,0.280762477984842,0.274652334119513,0.265698718009345,0.260081962766279,0.261523621845874,0.269107964510527,0.280533296744512,0.290525960423005,0.301237708652519,0.315205614637924,0.335803294944022,0.362117879155891,0.39315596510526,0.42379084178198,0.455554009773183,0.487751416759948,0.524803894124638,0.56807155046488,0.617135773041766,0.672299042232035,0.737433437853618,0.815690311456051,0.909008885681625,1.01712449043719,1.13906761654014,1.2690989492035,1.40213269075188,1.52974287362539,1.64933385441763,1.75055390511541,1.82614021178308,1.876,1.90091167869537,1.90517717754362,1.89251279027622,1.86330422373734,1.81600904567018,1.74641718096637,1.65582980122334,1.54423173720346,1.41541621990305,1.27631831008191,1.13486825725755,0.992347036925493,0.854106747231537,0.724275624607412,0.60622422930935,0.501080579043605,0.411576621117743,0.33968727040782,0.282509838074805,0.241178933791634,0.212753884279108,0.193984681285249,0.181206298599947,0.172967444385421,0.166586648937179,0.15938471356137,0.150342043767106,0.139360757033502,0.124263772297684,0.106744737489188,0.0884125300461722,0.0700481257528884,0.0542773185221432,0.04168582708788,0.0311094632248352,0.0239669163656813,0.0179471760309695,0.0146796384137395,0.013617689086563,0.0122212268016522,0.0120510800293805,0.0109675306717232,0.0107538837079194,0.00990088272800969,0.00999529259254508,0.0100216985931942,0.00881234244611825,0.00761582727983581,0.00642488987581245,0.00511822687262299,0.00500458773776844,0.00499473131408264,0.00499926203167573,0.00500923629175091,0.00498256119419142,0.00488441378051336,0.00420337547498026,0.00508758732043834,0.00553973305517281
2010-01-01,"J13",0.001953125,0.015625,30,1,0.242963703601698,0.24033317791876,0.239,0.23673341941306,0.235146616918826,0.233666170618205,0.236407842335458,0.243598095268657,0.25382419879074,0.265789050966981,0.275938399914429,0.284687510085336,0.291913715686003,0.299513924813893,0.308681029781514,0.319226210773883,0.332282603565547,0.347049501801699,0.36364768827371,0.383796175628462,0.408542158631973,0.43780068776955,0.469444014150303,0.498941222461848,0.52938238599485,0.565181655115569,0.612302602356401,0.67304532558264,0.749602053073947,0.839491752335394,0.939202453969664,1.04925226107022,1.17093536825513,1.30185334963751,1.43433447463844,1.55582303542505,1.66252009660565,1.74438625048138,1.7999770329361,1.828,1.83191997174812,1.81253277882804,1.76976796467289,1.70459162569993,1.6162075186669,1.50922967157604,1.38611679796078,1.25107674989127,1.10969941817046,0.967372994299016,0.831751558837455,0.70616962722724,0.596096532609307,0.502439851977382,0.426092761458252,0.365861659855505,0.32031414124989,0.290088478789196,0.271864860996897,0.264928631858115,0.26423526265316,0.267197754941784,0.270938847820089,0.27164277893211,0.26491122128103,0.250282450348886,0.227465658709854,0.198429547258881,0.165033272844215,0.130178244755887,0.0972586656485973,0.0694805602195854,0.0478105896808316,0.0333581085293115,0.0248610404023127,0.0196881792704594,0.0169795673920021,0.0145033853364065,0.012574011630318,0.0106630449945998,0.00912377703299343,0.00797735663489031,0.0077309290949912,0.00700561338508891,0.00621884956325542,0.00602080100723824,0.00494817434130513,0.00468339514779665,0.00382610504470198,0.00479216897246738,0.00602941843514998,0.00747237074305401,0.00956825086011198,0.0106490847909091,0.0119331485472988,0.0119106021335896,0.010708779284628,0.00899646496065476,0.00639805066709486
2010-01-01,"J14",0.001953125,0.0078125,30,1,0.25592191146129,0.257984589563972,0.257,0.255729219448687,0.255163868170822,0.257368110747515,0.258846726088079,0.261216124410911,0.265112422347017,0.269994504038954,0.275581031975434,0.281788899674872,0.286734854403154,0.292743417913887,0.300493976357745,0.311872492863886,0.329410329761701,0.351721645966232,0.37670590055788,0.402171294288787,0.42768752420613,0.453296197954439,0.479043491525263,0.507181193629171,0.539762127625728,0.579135227108859,0.626029301315988,0.68120145923456,0.747557611531767,0.828344661531092,0.925233800198321,1.03814840251693,1.16232457127029,1.29119893208601,1.41583437665559,1.5299096281925,1.62875294635545,1.70667136376282,1.7585837084782,1.783,1.77918799956991,1.74773231144729,1.69220840266951,1.61488343650284,1.51542182567722,1.39796590029654,1.26625504603132,1.12552221262753,0.98362171034024,0.846576475366816,0.722948101957662,0.6138431470658,0.52381605155192,0.453141421906955,0.39954887489052,0.36094488536592,0.33471579057443,0.321653676934929,0.318100885233197,0.324495056453422,0.33751112144021,0.351462903410271,0.362841858984783,0.365918886866241,0.359464850571111,0.340875750585682,0.31244322473957,0.273897890479661,0.229278715167586,0.182745198916605,0.138733028634123,0.10198735152975,0.0719597660840168,0.0516932675118871,0.0367318708914776,0.0279965939989059,0.0229524536562898,0.0182163540910104,0.0151721958832807,0.0119274500577621,0.0100780966232043,0.00888985981921485,0.00800611089088408,0.0073819701767224,0.00773723330711113,0.00798035068095797,0.00904104745465921,0.00942227287784312,0.00945283779060656,0.00901662008320036,0.00795765209457879,0.00672595285204143,0.00582129667379864,0.00672703052827667,0.00701699188176185,0.0069985212947774,0.00706068079177299,0.00649123624892936,0.00578941697605317
2010-01-01,"J15",0.001953125,0.00390625,30,1,0.273176840635187,0.267690053604838,0.266,0.269991833082667,0.276482702167262,0.284147963865202,0.288638305474537,0.292186161444045,0.295009379325552,0.299922205997684,0.306346304871075,0.31279262957265,0.317653178807309,0.32471397412715,0.335665913284926,0.3504523013743,0.368385135154021,0.387659989913199,0.403718737479565,0.417950364430296,0.434330734307483,0.45509784133317,0.481832062449963,0.514147583445095,0.553222649223736,0.599988618692321,0.654123919974848,0.717263407832833,0.793236238514831,0.879854303236493,0.978066525095922,1.08299557563791,1.19764172699732,1.31494949159318,1.43035716417949,1.53357025131174,1.61795733076676,1.67520429673958,1.70101190279961,1.692,1.65011790051525,1.57764851312913,1.48266319114155,1.37110985455168,1.24815146621725,1.11971320003033,0.99394883081849,0.876499993666149,0.770888417799196,0.682905106428772,0.614987008119063,0.567610192884971,0.542903915195619,0.538126594007562,0.550647046023128,0.575854345725066,0.609978647645075,0.651012055730209,0.697326897024008,0.746235815194644,0.794421734917614,0.835437852869596,0.861649909200076,0.868351282654433,0.847903877138925,0.79887189303529,0.723363879524117,0.628914981877738,0.523683757555155,0.419938590325872,0.323245857977878,0.241342061896343,0.177156113198735,0.128290842765645,0.0929190106368482,0.0667271710772099,0.0478389285859345,0.0338132768587208,0.0236107023222392,0.0171373976041415,0.0133628618405022,0.0109181313519765,0.0113265779200387,0.0120118220125724,0.0126616674529254,0.0139673786912784,0.0138313839986772,0.0130479013361317,0.0118681466844228,0.0101574419870855,0.0089873240345572,0.00880485544116669,0.00789094654086527,0.00801932476282868,0.00799844741731733,0.00799882544757723,0.00800936224610003,0.0079493744929066,0.00862179495140509
2010-01-01,"J16",0.001953125,0.001953125,30,1,0.275883225274543,0.276681114257931,0.279,0.281385908229478,0.284323313779768,0.286954805103152,0.286150288750997,0.284870405032365,0.282431803568589,0.283088804108754,0.289008478864395,0.300460550184071,0.315128630656248,0.33209388022185,0.347273928674128,0.361075675386991,0.373231119339581,0.383979297967042,0.394026363523389,0.405622480615131,0.419477980613377,0.438843977387537,0.462159722529265,0.491092490918974,0.525416005893591,0.564161659735382,0.611119674302868,0.668299484590342,0.73798079303153,0.819610790789714,0.910746993131313,1.00912092497698,1.1136869188198,1.2212151161585,1.32866420921716,1.42953774217641,1.51612551027322,1.57874438269659,1.60706474467617,1.596,1.54778874171958,1.46836854905852,1.36737497596109,1.25055352478975,1.12511305547029,0.998625252607945,0.879190680408186,0.772528025605067,0.682174766706377,0.613751320694612,0.566448134288119,0.53910817148501,0.528287265346654,0.533358914513772,0.551706115416066,0.581124205285978,0.62046721560119,0.665674784775972,0.716733208651322,0.769016855500369,0.818947771971172,0.861921599124859,0.889663841200621,0.893861871300498,0.868897126907592,0.814376855278475,0.73314058225469,0.633693316406596,0.525330166644735,0.419932133001363,0.322106378415824,0.240377976139018,0.174964953486678,0.125311499992263,0.0892354827053472,0.0635340125139969,0.0448446447335562,0.031864559043235,0.022008801212398,0.0162144884045668,0.0123611783340117,0.00993793597217164,0.00998625480030582,0.0104448803081576,0.0117259361209577,0.0129739813045385,0.013001281031752,0.012786355428965,0.0107911008904749,0.00908363281479293,0.00900453829617462,0.00895210893838445,0.0093865868902736,0.0106816206613879,0.0119299034069181,0.0119043426558519,0.0107716509209182,0.00848714261100857,0.00518767873379477
2010-01-01,"J17",0.001953125,0.0009765625,30,1,0.279431707797573,0.281488540914356,0.285,0.289638267813383,0.29144578081707,0.292737730125732,0.292989492885775,0.294167378268643,0.29832777557855,0.304632040351585,0.31012306753487,0.312916859374409,0.313807008081837,0.311683462255964,0.312882750988407,0.318472868351915,0.33234686254044,0.352489001260429,0.378618951500738,0.405775699258472,0.433571426868975,0.45810316752513,0.481038585659398,0.502658957633441,0.525730178244685,0.555330658040299,0.592502906545514,0.640437290300572,0.701561787566972,0.776112241512663,0.865705548887056,0.964949863012853,1.07417413785333,1.18621391816589,1.29482770423487,1.39086222084741,1.46919340061563,1.52039884429488,1.53939107513569,1.522,1.46898350626751,1.38399123013682,1.27472428642163,1.15108000970332,1.02316055912475,0.901526012077213,0.79445708784955,0.705811269052706,0.639187480173328,0.593781439506058,0.566118385870595,0.553904897386314,0.55553141183554,0.571681540887829,0.600904613696301,0.644270231848252,0.701551696542716,0.766822692740346,0.837397050410476,0.905796618766994,0.965497570616544,1.00888646869768,1.02985741498805,1.02152941757741,0.97981428131574,0.906814649809667,0.809085022208768,0.6961274425644,0.578313240040852,0.464949537513857,0.359838615938386,0.270867366062248,0.197124058764213,0.141487672533933,0.100323849855039,0.0717891185886779,0.0528457278000076,0.0400265730108329,0.0312138614143268,0.0244913241984392,0.0203800562511379,0.0168086401686943,0.0140676060555981,0.0114186798506343,0.00943833482328569,0.00899080593698136,0.00912724213314287,0.0101003631296176,0.0100396390331222,0.00927684083427308,0.00691948214915977,0.00463637746393367,0.00389079328537438,0.0045328109906508,0.006836038838455,0.00811914864334803,0.00914305986480237,0.00851847051589488,0.00717646141705399
2010-01-01,"J18",0.001953125,0.00048828125,30,1,0.340377000719087,0.347107949940888,0.35,0.348522824018099,0.343886968090436,0.338373155661714,0.33345192144099,0.330892893715561,0.329834753475075,0.330856860712782,0.333592958899734,0.334926598549867,0.337183001564462,0.338938926828803,0.343027514494886,0.351414717959245,0.362255441393961,0.377019272533238,0.391245410417006,0.403798602938417,0.415875793827146,0.429351361543946,0.447570113450839,0.470850897656645,0.500300175736385,0.535250288520344,0.574238469605022,0.615409259807145,0.66231668429026,0.71699247369789,0.783574829271813,0.861264163019027,0.95074249757845,1.04447980601072,1.13673676282412,1.21845133585706,1.28686640859748,1.33106571734262,1.34198232814582,1.315,1.25139838642163,1.16284894294493,1.06222396415312,0.963460243782208,0.873117092381019,0.797555899073603,0.739643506353073,0.700832270273138,0.683282143891013,0.684115831710513,0.700560586569217,0.729868014505126,0.770015842354881,0.821711678696987,0.884554411255876,0.960448178851682,1.04874557668371,1.14329407442099,1.24067605296699,1.33313814026383,1.41179220091987,1.46577544576088,1.487935775518,1.47178478662013,1.41457760130569,1.31645906105231,1.18509320161694,1.02986915219521,0.865322790275356,0.703667688778555,0.553074824435395,0.423135819949315,0.315503724746283,0.233327576283073,0.171381060140166,0.126268454402418,0.0947386916850091,0.0725367285879172,0.0572473531556296,0.0465036228420146,0.0387230491567646,0.0326265680301986,0.0277971533932562,0.0229133786069483,0.0179866137394134,0.0141357368505061,0.0120041547900378,0.0133926874616929,0.0150736896209053,0.0177563867575207,0.0179722065407107,0.0167204845480949,0.0156435980307129,0.0135756248313265,0.012131460403079,0.00981804521300678,0.00864001224615864,0.00795234403717215,0.00744517715320904
2010-01-01,"J19",0.001953125,0.000244140625,30,1,0.296755587836278,0.291085117542355,0.286,0.282314072089885,0.279060947848333,0.276648282255612,0.275094907140757,0.275132858395324,0.27923778797419,0.286583844287094,0.293890398671498,0.297902588039137,0.299040932121028,0.298903059642353,0.299847704535207,0.304898004359923,0.313180326318034,0.323270388313546,0.335994166588598,0.350041643698575,0.364687712472141,0.379338128401313,0.393657812966653,0.407421372193756,0.422036028315669,0.437660863991571,0.45616480234688,0.479767081682695,0.513913197897703,0.560815326257345,0.622362363978858,0.694820708642561,0.77337930938442,0.850284037778614,0.920172040768759,0.977635692604901,1.01886190808313,1.03811904044107,1.03188971409192,1,0.943162693393186,0.869202243838708,0.790975273949411,0.718300468712822,0.659492840965784,0.619848762187288,0.596694773067619,0.585905017945455,0.585785495993775,0.59599182759618,0.616982238804817,0.651553264738144,0.700459736340561,0.761991161847712,0.8328480671219,0.912050855521433,0.99673767647986,1.08230780254306,1.16630467597923,1.24057304116479,1.29608581669963,1.32354345155341,1.31557886276184,1.2666746822253,1.18010680117446,1.06146275281768,0.920392478351457,0.770503859012479,0.624408104279756,0.491720787873642,0.377187790795448,0.284863544462855,0.213593393611592,0.161046255413577,0.120479268984879,0.0904107244699364,0.0667955271094603,0.0491102950444312,0.0359934503966036,0.0285211013565369,0.0234678278141134,0.0197468457385325,0.0161563779399104,0.0118418696632089,0.00833398062203137,0.00706016237259102,0.00607797027944632,0.0070878522327349,0.00740338252905659,0.00965538659064097,0.0110034602091691,0.0112621619424924,0.0116304679811732,0.0109893761771592,0.0101307295372365,0.00896158434146025,0.00895760126365636,0.00950410238416816,0.0102123445231651
2010-01-01,"J20",0.001953125,0.0001220703125,30,1,0.245505963754061,0.242249556958209,0.242,0.243444375433097,0.245240487292514,0.244474442859416,0.242259529610533,0.241012488350628,0.242506821971443,0.245366925687557,0.249976116259296,0.253856213004098,0.257361863283623,0.259883696473882,0.261026157826656,0.261853888604643,0.262009796810746,0.263206043770404,0.265104178820747,0.270160424879142,0.278124491078765,0.289067212869392,0.301355986595215,0.313026366657411,0.323104199190791,0.332786678410657,0.345227319738546,0.36250504545779,0.388386078396004,0.421216755900746,0.461086476242922,0.5035045988545,0.548034018714636,0.592679444453719,0.633742163984962,0.667232281573728,0.690549772757924,0.701561970494949,0.6973603750142,0.679,0.647595820338649,0.608245649169356,0.56663723027835,0.528675577995373,0.500405527735217,0.484014661009931,0.479545460415667,0.486254805751573,0.502162452433586,0.52671806318074,0.557944196548614,0.598768755203784,0.649299351441001,0.712020351510563,0.78435151855532,0.865162560166432,0.950013647648588,1.03113877627553,1.10301644571171,1.16054885400362,1.19588214664382,1.20178608746712,1.17488342194557,1.11410569262728,1.02282714970337,0.90796224589227,0.778415411819912,0.644350876216666,0.517032021156149,0.404736113683674,0.308320010870048,0.231028047299372,0.171628994169656,0.126463649977109,0.0935561418399361,0.0692571902785754,0.0528620991466592,0.0412818717903156,0.033186396082257,0.0272643789461354,0.0225089354463142,0.0188206981054664,0.0161138633970253,0.0129518539324239,0.00976648057016673,0.00710078167474405,0.00487832860506857,0.00497626580669612,0.00554898649423475,0.00674419653044396,0.00905869172654947,0.010229711908641,0.0114479894462149,0.0127711963921016,0.0130035571894952,0.0129270160247519,0.0117012574284122,0.00999838280472568,0.00739732592671241
2010-01-01,"J21",0.001953125,6.103515625e-05,30,1,0.221679632967552,0.223460178261529,0.227,0.231815102239387,0.234613535044658,0.235187693890765,0.233339752344665,0.229668389981797,0.225227487330739,0.223223992385189,0.224295091615884,0.227807449630306,0.233785803343462,0.23769543242852,0.23765309860774,0.234618001805762,0.230945259307722,0.230242672757463,0.233557588202828,0.240443893686438,0.250198817695541,0.257598307455628,0.263196173366218,0.266162027467375,0.268369984625495,0.272886516857091,0.279083819261423,0.286617674955792,0.296444846537297,0.308282850725441,0.32274466566202,0.339065890987404,0.358784344047331,0.378994655793517,0.398917710311401,0.414425885910431,0.424328441319868,0.427346358328518,0.426313460913546,0.424,0.424374147271373,0.429539456476762,0.440859933261355,0.456077337856613,0.475415166410383,0.496628151502279,0.520147248640734,0.546429746141306,0.578597078991842,0.616820196574384,0.663306981539821,0.717314794047156,0.780698109706694,0.852262487582035,0.933049810920885,1.02251077846962,1.11503946203613,1.20517123374556,1.28793877823162,1.35524059063007,1.39965569215877,1.4155005448615,1.3996760996993,1.3486004232976,1.2648781760044,1.15297509606286,1.02124222420096,0.877769335880946,0.736059831945702,0.602992831427372,0.484750891475194,0.383493935036748,0.30099715107924,0.234033389019528,0.180132010848907,0.137411289589342,0.102698751619788,0.0767250389731052,0.0567416544643202,0.0431649423389757,0.0329497946064581,0.0255861011902034,0.0210490657099992,0.0173770003165297,0.0144036874119436,0.0130437751031909,0.0118231218896791,0.0106391176524674,0.00928950187454512,0.00905183528165103,0.00797688106611495,0.00803208326589113,0.00796640940332566,0.00810680642405267,0.00707154058376697,0.00701668129983098,0.00699235560065677,0.00700194908883334,0.00699926345243186
2010-01-01,"J22",0.001953125,3.0517578125e-05,30,1,0.216899824308971,0.217651926076441,0.22,0.221393221271512,0.223457391299601,0.225291771357592,0.2269019761556,0.228113130956831,0.228879031785814,0.227367128275071,0.226959372042288,0.22700312946219,0.227024946192085,0.226722675148374,0.225304793118116,0.224957279345915,0.226062379704303,0.231159154743481,0.237705441209433,0.24508202820043,0.251590213999519,0.254131544116166,0.255161278946598,0.254358375814395,0.254628952126712,0.256927831050386,0.261875279746846,0.268594684962838,0.277901280753242,0.28844332190882,0.301705811433466,0.316335882281368,0.332927691466975,0.348596394252059,0.363116856291044,0.377553739885217,0.390386040311947,0.400669042563122,0.40965848079927,0.416,0.422039179306567,0.428855209465206,0.438106751144245,0.44873065632183,0.46090095036594,0.474530198428435,0.489942173354512,0.509038443056259,0.534771981760014,0.570632367241373,0.616003028183808,0.672091241517804,0.73759584388677,0.810300630084227,0.890463253478114,0.976547190507395,1.06595268229515,1.1534301070576,1.23269720290977,1.29705259443666,1.33696086675464,1.3485413355039,1.32776350194097,1.27314021269418,1.18729071894419,1.07533960130033,0.946660938267267,0.808001495955864,0.671540894719191,0.546066585086545,0.434206691527278,0.340105120684872,0.262542348228738,0.200452764139773,0.151444937175772,0.113513413822366,0.0847616055105833,0.0647404360263007,0.048746924917896,0.0375449384158412,0.0288280097901632,0.0226301978472095,0.0179589068507444,0.0149132771011453,0.0124532614179279,0.0110491706094418,0.00996075526780958,0.00972521477315351,0.00838172544195537,0.00718104834689225,0.00595845784490622,0.00491842740200376,0.00504218899904279,0.00491346178230439,0.00588687137121375,0.00711252069492376,0.00838298273895544,0.00909003136220113,0.0089361455556352
2010-01-01,"J23",NA,NA,30,1,0.116192067288055,0.115241201894749,0.114,0.112791819342298,0.111471867014711,0.111033831014691,0.110142434155849,0.108853695964145,0.106668261528817,0.105001605570669,0.103199126075074,0.102059039703519,0.100976282292147,0.100665688384315,0.0999042937463227,0.100025904703733,0.100011434239284,0.101351667753208,0.104690095369093,0.109808493616222,0.113686793717598,0.117344398974658,0.120796270836931,0.122607030851415,0.123717202959391,0.124993147251122,0.125214412658683,0.128060280606501,0.132876637155371,0.14070240847639,0.152686982258337,0.16728413887287,0.181405705580283,0.194910917032925,0.206392677567127,0.215990936886575,0.224283052705717,0.230559785249384,0.233717336832697,0.234,0.230033300241894,0.223419272073521,0.216062542876519,0.209514142637461,0.206922257441514,0.207590077954103,0.212521849397362,0.218552290184637,0.226602272861225,0.237618121506725,0.250186124062848,0.266746546637417,0.285963409326094,0.307700762227214,0.331865826201346,0.356398551444642,0.379478019825268,0.399506382162601,0.411764471054765,0.414412349899228,0.403373385615311,0.379432851302929,0.341864610821561,0.295055462089035,0.243015867790847,0.192400577224235,0.148256067569428,0.111398594047361,0.0845309279481025,0.0650929468387474,0.052286939020944,0.0443476250588505,0.0394030044310577,0.034994674959278,0.0301781152683244,0.0248774865439078,0.0189480838126515,0.0155086308264367,0.013434531753134,0.0128575348501288,0.0138872095445328,0.0139341700731064,0.0127606494293128,0.0108657850145481,0.00991223778662003,0.00998708421316184,0.0112843538278364,0.0139234121444755,0.0151126291272468,0.0150315597221213,0.0139382373899792,0.0114899535133245,0.00900569975704603,0.00725544601919097,0.0061132857288553,0.00495665566283671,0.00496868388167911,0.00545303823467093,0.00683430523458596
2010-01-01,"J24",NA,NA,30,1,0.127073264117699,0.123664749317685,0.12,0.116794239289714,0.116987578529971,0.117608611211111,0.118791690232285,0.121081736542763,0.120989785463697,0.120640529597389,0.118635732791882,0.115163827981411,0.111742268718009,0.110554039293012,0.110367899719222,0.112622466685184,0.115047509168405,0.117514086642896,0.119755137035286,0.123693066303978,0.127649623390787,0.132449727264269,0.13738351669039,0.141613082186869,0.145995080267332,0.15088935019829,0.156894755712998,0.163908653489066,0.174479471084551,0.187045132796429,0.203906140781645,0.223826283089648,0.247733297494962,0.272165929128776,0.295715952141663,0.315015180815448,0.330821241260977,0.338886973634015,0.339648606043458,0.333,0.318990537540215,0.299650581814203,0.27878656166799,0.259901596727361,0.244007353460249,0.232791207173468,0.226980944812158,0.226470215606092,0.229793257733077,0.237333829711308,0.248944037802153,0.26344967437759,0.281871716054802,0.303670487219182,0.326871972598044,0.350561578976356,0.371811594930079,0.389698774854169,0.400648495113369,0.402387369912284,0.390861354275522,0.36629728096563,0.329839990088692,0.284328887916284,0.235312805425932,0.187284395368388,0.143189742791634,0.107430769042836,0.0805896523678526,0.0635071503354715,0.0537558214853176,0.0482230206468513,0.0444672218340214,0.0396983244869523,0.0336464888497214,0.0269109198937989,0.0219513409699489,0.0172325425943127,0.0140746706916591,0.0116319675287491,0.0100575901172847,0.0100065251925343,0.0100005529452332,0.0099737955660135,0.0100997133201443,0.00903486337939032,0.009046174133545,0.00871143518476269,0.00729791498630155,0.00698364413566108,0.00701211150675623,0.00848690928271439,0.0106070251177665,0.0111478030071276,0.0100596479041612,0.00995410269586543,0.00853530715449405,0.00837585580347348,0.00989330415429636
2010-01-01,"K1",0.0009765625,0,30,1,0.210421953395555,0.209244559606853,0.208,0.207885963357466,0.206426912499208,0.206107550362422,0.204335585647167,0.201903434859172,0.200426665324305,0.198747970492164,0.19967709940975,0.201852288974788,0.206647906101318,0.211599950663058,0.215485537210873,0.216090707402223,0.214961694667318,0.212468619706005,0.210358322516883,0.210373932524903,0.213707115550406,0.216296408023016,0.219589188647436,0.21999843456593,0.220094935298245,0.219014555601782,0.218959962315114,0.219617973988825,0.222328583620949,0.224552340102297,0.229239564567338,0.234415227764534,0.24222883609835,0.252257810677362,0.263367214525983,0.272905250226807,0.279885612502396,0.285303240782355,0.290780068528276,0.299,0.311289523491813,0.325842850056982,0.343759124081285,0.361943367479233,0.381415500935875,0.402355320306845,0.425095402661543,0.450872386494398,0.479802298290938,0.510391383347821,0.543883914520455,0.582873513710836,0.627631000365004,0.680706129565832,0.742183139862371,0.814811451171526,0.897400050275676,0.985738062912281,1.0793327377134,1.16869764974024,1.24949426572551,1.31194074888437,1.35342782751725,1.36707556652109,1.34978102396538,1.30288229004999,1.22497623295888,1.12443888027235,1.00459453291413,0.877137809658409,0.746071538055527,0.619309108349189,0.503946385521639,0.403076432007191,0.315924924638844,0.24379318124351,0.186501532850664,0.142902720464116,0.108795803017926,0.0828614170618961,0.0647102889810783,0.0501217485111824,0.0394532936082456,0.030607556818838,0.0243430283552837,0.0182059327470919,0.0146194877107702,0.0123879951651021,0.0125648011357072,0.0130443612930939,0.0130022029756409,0.0129853633331353,0.0130812844659454,0.0123503702810059,0.0111315724164319,0.00872340683679985,0.00661455057652005,0.00536906714876985,0.00546807996814369
2010-01-01,"K2",0.0009765625,0,30,1,0.223468871792515,0.218126978506745,0.212,0.20336201218664,0.195558401346104,0.190839641898209,0.18902220634166,0.19019540347158,0.193911732135844,0.19751097925281,0.201261231087492,0.203924257600769,0.205017320166194,0.205304181604417,0.206476373914943,0.209312989554717,0.214087232643174,0.217616135956426,0.219205937880436,0.218424901315818,0.216263703326063,0.21257798420191,0.207931254982754,0.204268240193281,0.202033733706432,0.202956263586377,0.206981115856152,0.214492145123284,0.22159560343966,0.229971372339727,0.236262150945148,0.240861532147495,0.244500612740277,0.247911107748488,0.254483641898308,0.264232957570196,0.27677630454302,0.290867482317821,0.304806717976181,0.316,0.326805142262392,0.336797368888168,0.348393695120296,0.361466776254598,0.376085240116608,0.391908339409524,0.408497342215186,0.428172103119724,0.451957933423087,0.480306328085475,0.513822897919263,0.553553408896693,0.597917742692223,0.648597671527536,0.705041709383749,0.771132637037492,0.846160277778199,0.928348932513557,1.01485954428914,1.10070227938559,1.17861682359967,1.24163738796297,1.28440706847947,1.29936496261294,1.28223873106848,1.23241164104597,1.15331954471817,1.04822895228843,0.926313063088324,0.797564361567758,0.666427660446381,0.543998976392645,0.433623001420425,0.341052363321145,0.265109968286434,0.203985747483097,0.156595712796587,0.12096092596948,0.0915860518230887,0.069526936096124,0.0516169581752315,0.0392547119363551,0.0299341339457705,0.0237475320001757,0.0195907330963264,0.0180562935180406,0.0155944552818294,0.0136386209271802,0.011719594225293,0.0109297272615209,0.0109969230781704,0.0110098164628655,0.0109581280425094,0.0111679435475149,0.00922226992300546,0.00674542151957808,0.00459563809869849,0.00342212767386381,0.00284536483980464
2010-01-01,"K3",0.0009765625,0,30,1,0.19109614657379,0.183875246392361,0.181,0.185309640484952,0.194384570866864,0.204452784465457,0.210672515623003,0.211950167815184,0.208910237689771,0.204231699424932,0.202064390821283,0.202910183276977,0.206721771922074,0.212649232253614,0.217075070986648,0.218124339914685,0.216957037581196,0.21475702074001,0.215743786108829,0.218973215942229,0.222701486823947,0.225119414157239,0.224345959648378,0.219313741568679,0.21389795659289,0.210041858437965,0.210295657528004,0.212944219446912,0.218556816147088,0.226054439131016,0.233338237287918,0.239162717393583,0.243570247365622,0.246954474620933,0.252603746357411,0.259995376422934,0.269572337094032,0.278151204532586,0.28500924235731,0.291,0.298378166053327,0.3081002692392,0.321397352962052,0.339741189710396,0.360525118798263,0.384245747251168,0.410359813491465,0.437050186689448,0.463968984070767,0.488329941363119,0.512761291723484,0.539388478575772,0.57067492885543,0.610352535169282,0.660786430777606,0.721916594648681,0.794916379197778,0.874406948812113,0.961900001710377,1.04825309233235,1.13163032414624,1.20354616740285,1.25812724256262,1.28915458505813,1.2909473865659,1.25942816988043,1.19560968219022,1.10172597426195,0.987460474527734,0.861720391451606,0.731071148169306,0.604379340486109,0.486716732889579,0.38473234257555,0.29667233353473,0.226335925901959,0.171530543028717,0.131625200521293,0.100687097594936,0.0774439647210786,0.0588388926997321,0.0440818267279856,0.0322765462518414,0.024140432533439,0.0188820787281985,0.0160905534865532,0.0137588543361989,0.0126386915712076,0.0114063827884096,0.0101595233240755,0.00893663524400275,0.00671379608472933,0.00503410343947796,0.00386681550122126,0.00401930285041994,0.00406820648015485,0.00541211423624379,0.00603436529861604,0.00655984529945534
2010-01-01,"K4",0,0.0009765625,30,1,0.2177051372527,0.218056186343519,0.217,0.213442129432362,0.211331871577957,0.211965876078669,0.216409810309167,0.222521318195522,0.231136248404555,0.23910493132365,0.246519678705891,0.251837800034844,0.255382529585344,0.257529018511851,0.257950659815444,0.258832137054381,0.260060458243936,0.265099929011157,0.272348039117046,0.283581345897596,0.297501907448706,0.316959021059612,0.340790816479595,0.366685378204643,0.395144749913821,0.423437772044657,0.452923059885375,0.487119275099016,0.530360900220123,0.584987780461581,0.651562038272687,0.727555469604402,0.813733284011818,0.909832204990631,1.0118208114416,1.11556903548891,1.21937554462588,1.31452146744078,1.39608065889052,1.461,1.5049401750204,1.52246410402226,1.51384062468482,1.47675833057902,1.41264695866018,1.32392792958697,1.21707188116682,1.09537084116284,0.963399027381923,0.82818251229363,0.697112566198642,0.57335772612209,0.463095317760416,0.369463630421114,0.294173040062441,0.233938387665035,0.187252544809223,0.151777327800276,0.123784163935178,0.10296122647082,0.0880672774474577,0.0784266588457146,0.0730584608664545,0.0720015843666026,0.0717287429335737,0.0698688408440622,0.0665239669102014,0.0616822589005062,0.0542981389922365,0.0470773992947487,0.0398052997888299,0.0323624150883781,0.0273135217351242,0.0217536816928153,0.0182646200019385,0.0153001065534746,0.0139873755156998,0.0129229410748802,0.0130459133123664,0.0128964731016647,0.0138851469393099,0.0139398751436428,0.0126678557812769,0.0115524888153843,0.00959497496166817,0.00707611929625227,0.00588965163557581,0.00414906897502579,0.00298254621855324,0.00209702321023116,0.00304300007377165,0.00440657425694045,0.00700409111307202,0.00882198012764514,0.00900039345097191,0.00893014593188328,0.00765746794181939,0.00640636294842455,0.00585132222357597
2010-01-01,"K5",0,0.0009765625,30,1,0.215020321996362,0.220127388168154,0.225,0.228510394055706,0.230633438650046,0.230525955855623,0.228321757231472,0.224700066921715,0.219645044405299,0.213185110495552,0.209384975246575,0.207982478107816,0.210385918285112,0.215006191265178,0.222913739485572,0.234083203633578,0.247307256174643,0.264390014964624,0.282266647684197,0.301754113987496,0.322078987054687,0.344056007515346,0.367175642969819,0.391256590824311,0.416787312091124,0.444402500259586,0.476349934432831,0.512679437816672,0.556342045204402,0.61175326159034,0.680718593662312,0.762410746319936,0.858782064080666,0.963852376341916,1.07346350408167,1.18069814911052,1.28413038037877,1.37736878659816,1.45672274308192,1.516,1.55390599788889,1.56482907225344,1.54952194210246,1.50641846270233,1.43743095668224,1.34607079856575,1.23598016775139,1.1117325906003,0.979421524410623,0.843254966939111,0.712966388121027,0.587668496841288,0.4764096247505,0.37934075497702,0.300617884105016,0.23807093500329,0.188712700215734,0.152754723790179,0.124837595617921,0.105377907804812,0.0911046632675824,0.081522499264313,0.0741411435835653,0.0683382503840674,0.0643921903741453,0.0600383530642221,0.0564691194749318,0.0527812822851311,0.0479166240543075,0.0426443804311442,0.0364765846406153,0.0303251073338814,0.025329968280508,0.0194151780064598,0.015249882496241,0.011577348451329,0.00898361153761803,0.00779287823194651,0.00657514977001583,0.0052606824379232,0.00497348848763201,0.00497984480587534,0.00529358755682115,0.00599566468192862,0.00675375248144792,0.00700888942038999,0.00699668568007468,0.00708012150130735,0.00639300610116239,0.00593985310860626,0.00597372261251112,0.00490646688138487,0.00500217377591904,0.00509857343710943,0.00407567758307004,0.00404076089780569,0.0036932561413358,0.00289053004706465,0.00307120015713497
2010-01-01,"K6",0,0.0009765625,30,1,0.153783199014416,0.16531728148028,0.172,0.17511720377113,0.172810044024731,0.168932470189835,0.166967398390123,0.169305359013744,0.176041524722852,0.187028460200729,0.199290641644737,0.211556907218214,0.221196045338446,0.228855152914905,0.232438775934949,0.233074487258421,0.23301914354807,0.235920027179355,0.243425099857124,0.254463426509951,0.269422258193833,0.288950834296665,0.312713175250903,0.339317563448369,0.367480434101854,0.394460555205843,0.421050466031866,0.447218010238629,0.478347498052813,0.515526968542709,0.561497473169491,0.617574093006381,0.687195418145135,0.769373131628315,0.863099321458122,0.96437973515364,1.0676260047244,1.16361361499587,1.24511865756543,1.309,1.35228441242848,1.37427729624384,1.3748472883783,1.35286377429836,1.30819756119596,1.24253385864278,1.15753865527711,1.05611789845417,0.943661345937529,0.825558079100855,0.708435805034687,0.594533900060625,0.489001751615561,0.395409118795737,0.316253086608148,0.250732997806086,0.197679585439822,0.158021256813845,0.127547875563984,0.104606456856927,0.0880384251588427,0.0759762562926842,0.0671329835873605,0.0623276738205008,0.0594506358579032,0.0582711486310609,0.0580970235266655,0.0558773547067383,0.0530876582602139,0.0477578946068431,0.0401330928925223,0.031520155572497,0.0231165562030509,0.0177955512046978,0.0146387384187211,0.0139422632677609,0.0140010099086743,0.0138436915479985,0.0126175129555949,0.0107150631713034,0.00832508371474839,0.00477646526434717,0.0025286027416769,0.00243476828769992,0.00357504170448588,0.00686172926980727,0.00932799887675484,0.0116192380359529,0.011492897648901,0.0102344936556836,0.00792203917129162,0.0054832334276875,0.00327858208136406,0.00369489169594846,0.00398011861064305,0.00513432995192424,0.00637298839369578,0.00709257961561746,0.0069351825877988
2010-01-01,"K7",0.0009765625,1,30,1,0.226448535401119,0.23629800775642,0.245,0.25058444421903,0.250290487330822,0.24774851346867,0.245104149606366,0.246080897294,0.247812069837993,0.250626901836781,0.252413878553803,0.254876287776057,0.259896298697165,0.269492587843068,0.282886140459981,0.299452688150033,0.315299709018907,0.329804295489299,0.342608935289747,0.355764027395652,0.373208691276835,0.39518644341328,0.423438552245756,0.458088556233245,0.501146009487804,0.553830175831502,0.617738485081516,0.690261118777768,0.773515846873835,0.865315512955794,0.967292777862123,1.07869554463176,1.2027178496193,1.33276412068286,1.46059506970105,1.57832247572753,1.68301699341765,1.77377829887316,1.84978032179359,1.912,1.95781832674876,1.98457340599352,1.9937990122886,1.98414388430085,1.95759482666711,1.91296077838087,1.84984283367142,1.76473066438449,1.6596138238119,1.53606550726561,1.40191484163183,1.25816123940206,1.11110054725285,0.965707314995095,0.825412991499963,0.692870197544233,0.571435373152408,0.463937445728576,0.371267996432745,0.293421047072245,0.230721119346196,0.180602784254698,0.142662298347863,0.112715037017108,0.0899058604291417,0.0726939966487105,0.057731976772445,0.0464976510478457,0.036959303965834,0.028861247905028,0.0230969185620199,0.0182722879508657,0.0146456790913159,0.0125969845341584,0.0113559009846444,0.010968551829492,0.0110012014035906,0.0108543553343406,0.00953153277105787,0.00837485690400786,0.00706136807995736,0.00694664972445245,0.0059081931360478,0.00592082429419176,0.00678407389687816,0.00698829899789139,0.00822265935295882,0.00906037043942179,0.00906869025908654,0.00821446708300557,0.00696424686676068,0.00575746674708865,0.00445713836510733,0.00396827597025404,0.00396238056138326,0.00513094730604285,0.00636571453663475,0.00714267264715944,0.00631358885532524
2010-01-01,"K8",0.0009765625,0.5,30,1,0.261670575866725,0.254820747744178,0.244,0.234428955712471,0.228819694445717,0.231328710919547,0.237206928744405,0.24555606313219,0.252835717103953,0.259092937293787,0.264741356563229,0.268874205716051,0.27252137771051,0.275721862805074,0.279179222598042,0.284997834523025,0.293209440720188,0.305713325348374,0.321671602178869,0.341101226906462,0.365529924986378,0.394852081862539,0.43027643371623,0.473466963593673,0.524691585489178,0.584733429138363,0.651254626165133,0.726751549201515,0.81216102249074,0.908582336335872,1.01772825694237,1.13703030614776,1.26533237978573,1.39764894092796,1.52560183935449,1.64333849153196,1.74782225437478,1.83641863976316,1.90619907893168,1.96,1.99514324096636,2.01316410639111,2.01296949360803,1.99682332591956,1.96302741521694,1.90967489790832,1.83600657890031,1.74216078274037,1.63081570397978,1.50366001479067,1.36754847236654,1.22195708293859,1.07326347084348,0.926691358064113,0.786347741375945,0.654659845118275,0.535693629745764,0.432420071261696,0.345820442312774,0.274090452447837,0.217322848394851,0.174347564572776,0.140597265620002,0.114207981100887,0.0934746127742531,0.0766148694484817,0.0626580807967799,0.050414867642413,0.0398090514059532,0.0324985649071024,0.0262860778702365,0.0222458924360861,0.0175724197526736,0.0153648655987675,0.0127642207112497,0.0111510704827423,0.00997958362758432,0.00770495297074725,0.00650194541875478,0.00599576976863523,0.00586777381449786,0.00807822641005672,0.00820099439387707,0.00921238006103017,0.00821598536045253,0.00798938040827758,0.00795047063624035,0.00845409541854906,0.00845588496207422,0.00798855813829863,0.00692532725346403,0.00488548723469146,0.00459042297354477,0.00392263088417333,0.00400643756103131,0.00400620587983878,0.00394597691938326,0.00445882781795442,0.00583211738998133
2010-01-01,"K9",0.0009765625,0.25,30,1,0.217367567546452,0.216870680200899,0.219,0.225401089720304,0.234478049639293,0.243635131599517,0.251295760714982,0.256255910796976,0.258054418000239,0.258666580383985,0.263288371326661,0.273481575527125,0.288042532735768,0.303708931563262,0.317360389705686,0.326204545048975,0.330065617904172,0.333785405229857,0.340136176697355,0.353121917950805,0.374649145393497,0.403925619627976,0.438465821990976,0.474554695760025,0.51364716059309,0.558040311560037,0.609815829481059,0.67239334249677,0.751205699708929,0.847136996316352,0.96099927267483,1.08671847229004,1.22084681837336,1.35317681911024,1.47786775115344,1.59079672480364,1.69040965454182,1.77412659773785,1.83856785052151,1.883,1.90942269035628,1.91830467501426,1.91118791676445,1.88679231824721,1.84319166724576,1.77624624825145,1.68935068369832,1.58202166441515,1.45917445167531,1.32470131032868,1.18367860755847,1.03889692822547,0.894350457964313,0.756023349103885,0.629416857471892,0.51384802566793,0.414228554278913,0.33075943427947,0.262487282786597,0.208665536755656,0.166231272433978,0.13281643465599,0.106460133715944,0.0860299909419791,0.0701884862354862,0.0575603231298884,0.0471768562191004,0.0386030378581019,0.0315113819869719,0.0259343649405991,0.021756286441018,0.0191378812513874,0.0167050554693004,0.0143141392862951,0.0117612180512323,0.0101960315479703,0.00899507397198449,0.00888577295581204,0.00743556687794316,0.00705177694415556,0.0061074839291212,0.00601607378690204,0.00594401393685278,0.00642727475121234,0.00783205332601893,0.00800041834492891,0.00789543535851617,0.00658455344303418,0.00543246979721397,0.00411440349838262,0.00400114799766292,0.0041174408302271,0.00592319913140277,0.00782914325401511,0.00801296792361998,0.00802067295687425,0.00776246483145438,0.00637959194184388,0.00586143880700524
2010-01-01,"K10",0.0009765625,0.125,30,1,0.228767324868044,0.219260500438528,0.214,0.210808433400249,0.210931982714995,0.212110164374677,0.215509014248987,0.221532093677583,0.23017325677307,0.24104730878754,0.252702613482308,0.262645044548964,0.271196615703876,0.281048378730671,0.294935716975698,0.313863930414542,0.336458839806463,0.358221480212487,0.378566525593047,0.39719793957881,0.415269570889905,0.435960969133664,0.460137608933698,0.490032493878673,0.527280884446449,0.575882858631593,0.637316475266112,0.70785552925009,0.789291204598382,0.879379541938099,0.981294833928943,1.09274289608247,1.21627761345399,1.34552814311654,1.47544516797908,1.59571165472357,1.70347997967263,1.79200834931803,1.85922920711141,1.905,1.93264219043113,1.94277280139058,1.93670890472267,1.91460144518294,1.87242589931057,1.81028491427338,1.72720694906183,1.62570407857017,1.50801445137167,1.37727957155073,1.23894174523144,1.09379748350099,0.949485933284261,0.808940788674545,0.679971474566464,0.561616220094689,0.457518418278023,0.369219117496117,0.294833234348232,0.234079236104686,0.187882704227393,0.153684780904998,0.128427085395116,0.110632706581115,0.0977509837330787,0.0863344080588612,0.0753569487332638,0.0654759664903757,0.0546849567647477,0.045048147180611,0.0360311370558925,0.0274585001777809,0.0213757846059426,0.0168313958268024,0.0136850686078645,0.0122697847593152,0.00998035073474601,0.008773693161981,0.00788302864439083,0.00812620678254305,0.00709066707504169,0.00698071078445073,0.0053745558654875,0.00348265306956437,0.00152159944701519,2.85555561560647e-05,0.000218533234266723,0.00290767159480671,0.00452202711806077,0.00673097764495404,0.00699388212802686,0.00685368185511418,0.00541033515035358,0.00505768045828091,0.00407152238242723,0.00399276695034512,0.00430020332675285,0.00506289916952256,0.00554906254144749
2010-01-01,"K11",0.0009765625,0.0625,30,1,0.246379796908705,0.250427099005963,0.253,0.254055623116331,0.253990652258855,0.253965836110156,0.254735430054898,0.258258968666085,0.262062722051428,0.267153022373316,0.271238491144172,0.274850234129893,0.278428562382051,0.282646488618727,0.28982220092319,0.301657647395007,0.319388293924388,0.340665000584448,0.365424581498984,0.388851809668337,0.411919249802241,0.435154821787458,0.459531448939473,0.484679996935334,0.512803819905198,0.547214431327577,0.591919024511276,0.650040345382685,0.726064579362737,0.817859888538798,0.925633210535047,1.04271196717515,1.16940679411087,1.2997989735956,1.42758500627473,1.54668785545929,1.6544115463538,1.74362160498397,1.81117737855473,1.858,1.88401080227388,1.88823098589587,1.87457731544218,1.84007399967322,1.78547491670592,1.70889776843757,1.61159513330674,1.49481552087755,1.36350747925934,1.22187871071783,1.07666601707603,0.931015487244647,0.79123295745294,0.661313452662458,0.545877019186954,0.444838569608242,0.360425806456327,0.29233909758105,0.238640690106548,0.197201733300479,0.167933603199664,0.145608880646225,0.130274281524993,0.117123374339823,0.106193120388893,0.0961185704555452,0.0845728387544988,0.0734304463010545,0.061151154139163,0.0495168110235695,0.0391283450915504,0.0314349231959531,0.024277380290668,0.0199037343191954,0.0163108925597911,0.0125483969147349,0.00997621282403766,0.00766618970703195,0.00696199927183925,0.00691435582488238,0.00787829186241592,0.00792154887187989,0.00696931380876531,0.00649403999359385,0.00594543047739968,0.00599499157854906,0.00586574895483267,0.00488491971117866,0.00504626495378674,0.00493137275738426,0.006039782497303,0.00729064751556658,0.00808704212700912,0.00796476002302009,0.00803916722511652,0.00684712383566066,0.00592357532744133,0.00601948596209951,0.00599263638590932
2010-01-01,"K12",0.0009765625,0.03125,30,1,0.242283942208316,0.244638950662369,0.246,0.248430844051427,0.251196102511148,0.255007523780514,0.257823434267367,0.257868244465394,0.253603622048046,0.247938594849492,0.24803980292223,0.254591124584408,0.267990287910168,0.284036222634533,0.29885044767726,0.310462831058122,0.320186100867183,0.33024285708503,0.343220956136411,0.36031727706862,0.383609347836712,0.412886309835875,0.447949650747302,0.486743972055764,0.527500563698784,0.572050084393765,0.622416556797287,0.680558869488216,0.752614171056685,0.839626447098347,0.940303969840091,1.05305615377792,1.17771006720771,1.30876599339609,1.44308332965941,1.57063579810428,1.68671123796555,1.78218801896872,1.85238004108131,1.895,1.91362056219156,1.91110501183644,1.89038771562168,1.85229653463939,1.79544586238042,1.72017810715837,1.62495139642602,1.51211332815451,1.38341750410889,1.24425139028101,1.10110032260995,0.956715832069035,0.817164980147097,0.68831636575536,0.571624254598396,0.469032708984687,0.381938869337497,0.312473389685767,0.257747000679609,0.218589429448136,0.19129586000739,0.173705671457452,0.16220489144037,0.15272531216485,0.145270765308303,0.136102470427424,0.125482467643768,0.113325445311959,0.0984195296477404,0.0827539177156588,0.0660984087854823,0.0498887306955471,0.0365789609732479,0.0262289240834332,0.0194846218152689,0.0154662190273026,0.0139888736325575,0.0129565261049134,0.012669459018624,0.0113214506160026,0.0101311994523672,0.00890215750923608,0.00791263921837923,0.00804969513462136,0.00789014690002812,0.00897227900758809,0.00908006030652568,0.0104893667140868,0.0110292969574298,0.0110794828459554,0.00998301077448349,0.00985271139759884,0.00850281745987035,0.0073443471477158,0.00605633009456505,0.00601308799009373,0.00599400227656774,0.00600152923666627,0.00599942211174351
2010-01-01,"K13",0.0009765625,0.015625,30,1,0.248839312742525,0.252190807492255,0.258,0.263851788398614,0.266669240364236,0.266615787161654,0.263440801480656,0.25976515954639,0.257987688179225,0.260342008557946,0.265343344805672,0.274594857960481,0.284257807564114,0.293961543114346,0.304337359212486,0.315280907558173,0.328300009268943,0.346025864720713,0.369494035994595,0.396176836030076,0.42709082535161,0.458816002979068,0.490984049656899,0.526073360408183,0.563802292359404,0.608041849494145,0.660004497132208,0.723154426706765,0.80067690824246,0.893766654421278,1.00164284815898,1.11835228104306,1.24217975987385,1.36683023978577,1.48522978351617,1.59220583221646,1.68462943654558,1.75618041614401,1.8040386489331,1.828,1.82677449234903,1.7993260483671,1.74953226413027,1.67729462307054,1.58505592486094,1.47740831408569,1.35558872381131,1.22248882824494,1.08360369998879,0.943710577814561,0.810521465595451,0.687282067679629,0.58051341118346,0.491657313532669,0.423468964630001,0.369512313490729,0.331075776729848,0.303879981325475,0.287904025829314,0.279461046693384,0.278235317394337,0.280571539702755,0.281986553259115,0.280117414486041,0.269728781852036,0.250751262972058,0.223932829398947,0.191292954658626,0.157210304124371,0.123595034685649,0.0927061283742937,0.0664121608009379,0.0458640031321021,0.0314109515433692,0.0222743857957035,0.0166620205009105,0.0139851121229558,0.0127424926063499,0.0120094576096928,0.0113113131255824,0.0110204756358681,0.00988851777666832,0.00892466578295608,0.00902456338694071,0.00897522317761848,0.00902293901268544,0.0078202679257922,0.00654977439258292,0.00595349526424298,0.00594823022436519,0.00704701477312461,0.00806177391806905,0.00804805774276306,0.00740449225557053,0.00603877763390228,0.00592138497052641,0.00488954430010249,0.00502816283681459,0.00498935745328137
2010-01-01,"K14",0.0009765625,0.0078125,30,1,0.261587566531144,0.272479746445854,0.279,0.279742982706279,0.276764912870364,0.272929834886774,0.270993488366553,0.272121629547951,0.275011927208548,0.28013432176057,0.284749625644877,0.291707632697723,0.299140382111405,0.309046707320138,0.318909497753925,0.327048766507652,0.333131059935558,0.340563087162234,0.350191714767595,0.364948572298756,0.385906951306034,0.410365230936435,0.439206058651281,0.472815295595143,0.511635526064271,0.556033497426738,0.609203583186016,0.673687380162001,0.751165198105536,0.842962109950272,0.948495336329548,1.06320864929876,1.18719239547439,1.31228520024013,1.43404046143179,1.5421558677822,1.63299669632478,1.69798308124408,1.73453273836374,1.741,1.71634902885145,1.66214424437684,1.58162791034906,1.47860220974773,1.35710687962811,1.22504899172613,1.08919374070283,0.956582741738765,0.830812833497213,0.717100387228985,0.618562400530848,0.533901616489838,0.466715494553842,0.415720829251871,0.381264357841917,0.360930558224569,0.352425584568616,0.355267825607392,0.366253562603798,0.38282649916813,0.401337979534666,0.418279467577557,0.427916210578549,0.425672092629664,0.408419806311528,0.377222671543669,0.333514979082104,0.280219180283756,0.224082308134111,0.169899639947322,0.122834014038025,0.0858793198694638,0.059322392797805,0.0416775860809679,0.0300261480439179,0.0229215925288441,0.0179648228044789,0.0155604086866257,0.0134850301321864,0.0122738462668941,0.0119808602907274,0.0120103828622299,0.0117742959485717,0.0104828730864492,0.00916046608364623,0.00902275906254259,0.00794152989363493,0.00775550086953623,0.00626502906445752,0.0060549716092156,0.00497726240331227,0.00502374250342277,0.00501963895757266,0.00488853572458074,0.00594190814574094,0.0060740522586676,0.00711254664260019,0.00697130403652759,0.00701084401169889
2010-01-01,"K15",0.0009765625,0.00390625,30,1,0.245996636662919,0.253844971126486,0.259,0.262548592044479,0.264419458703897,0.266249720153079,0.268668893413332,0.272206541006692,0.27472923765947,0.278923238177795,0.284605459350153,0.290773777756212,0.295491665519857,0.299397050176564,0.304697319800039,0.31396847736133,0.330379307291431,0.351702186131717,0.376266733177509,0.401112508729227,0.426660853777158,0.453484742170886,0.481708384727493,0.51232406529788,0.546630364499398,0.58521138673613,0.625949312033886,0.673070910934786,0.730191045052602,0.801645306453203,0.88874050905717,0.992283881582549,1.11034251797841,1.23404381989542,1.35781973590398,1.4707367051136,1.56851805081336,1.64416460071134,1.69148717845437,1.71,1.6963012785907,1.65308983980216,1.58358263096887,1.49050752046009,1.37865341874457,1.25233409639948,1.11729266432365,0.978408893018567,0.843225033198059,0.718347914242686,0.608976297157473,0.51725774761926,0.444271041847841,0.390678769211819,0.354869182339331,0.331954571020318,0.321159762146875,0.320577110463978,0.329110738797935,0.34458174573977,0.364819610943467,0.385455605405136,0.400773662244346,0.405799701009253,0.396380505525276,0.372490457123613,0.334729873794788,0.286382430444023,0.232701033174084,0.180038863383857,0.132913971280699,0.0949261059142399,0.0682694993766789,0.0491400044234975,0.0376402132732215,0.0301906995467856,0.0239454374659961,0.0192986030009625,0.015624130350328,0.0126335497452555,0.0102376006251337,0.00898873644056047,0.0087598869679354,0.00779022566037191,0.00880996549357873,0.00898185972035721,0.0101203771786016,0.00958564106805251,0.00900608183943436,0.00822515815945609,0.00696832917242955,0.00563892286478766,0.00542328081155765,0.00589459758898603,0.00780882674859294,0.00909430288789471,0.0103913312605634,0.0110879027436517,0.0109369499462762
2010-01-01,"K16",0.0009765625,0.001953125,30,1,0.25755670134649,0.258792974459713,0.26,0.262653931652814,0.265892120699066,0.268877569151574,0.272560157786231,0.277377260527808,0.281705150449067,0.284169109005784,0.285013786747029,0.285944956177081,0.288767229548564,0.298446493599739,0.312582880401364,0.328680313864511,0.343259737932786,0.353646938290068,0.360669630454093,0.368950986883505,0.383327407092013,0.405329741695891,0.433887494314013,0.463397743047104,0.494588612474543,0.527309591031083,0.565836854415627,0.616139665120152,0.680857317403854,0.760647950576191,0.851700393068876,0.949212620445602,1.0552009685895,1.16400332084487,1.27166418981046,1.37243317702918,1.45811428585238,1.52400690931094,1.56308295453823,1.572,1.54715776529543,1.4888378819608,1.40024945242593,1.28750403103626,1.16086032629088,1.02724441918492,0.895345806809358,0.77183832405592,0.660141577282319,0.566221062870727,0.492921617202524,0.437740862543679,0.401179278668288,0.379551528367035,0.371495976197537,0.375808168458173,0.390731896527629,0.412687603296595,0.441813469442459,0.473647997767535,0.504549580759561,0.530731237232302,0.546842630788748,0.545657910472147,0.52580304602167,0.486607317016153,0.430308617627521,0.363519363499517,0.292704153120318,0.224319189839816,0.165377355012959,0.118340375262269,0.0868965051828038,0.0655516815052666,0.0508480143274263,0.040724179897269,0.029900335061631,0.0215958732946982,0.0150449483349802,0.0108448527774281,0.00905189523704762,0.00904481839948259,0.0104826319093223,0.0135820180680828,0.0165732600250479,0.0179882332613217,0.0165768782274461,0.0128366519943802,0.00907895604949816,0.00703329882528052,0.00697563340885121,0.0059562153107444,0.00555208195403783,0.00500520275178372,0.00412590757048322,0.0029365351555594,0.00326596904171682,0.00456491986745751,0.00576219371984678
2010-01-01,"K17",0.0009765625,0.0009765625,30,1,0.24968119416394,0.250098288504535,0.249,0.247865124259421,0.24868235190193,0.251747097675606,0.257264162318204,0.263332313220643,0.266669798375538,0.268593310920645,0.269675354110721,0.271860627196659,0.276793396987921,0.285067238958541,0.297425976167673,0.311710687076761,0.327300363448401,0.342110198334512,0.35770765659306,0.371976985636288,0.387574396177126,0.403529389021781,0.422348120468589,0.444518879077317,0.470420102020345,0.500336080368047,0.53747268755452,0.583206594228842,0.641932873529576,0.713707237559961,0.798443157611679,0.891298926900283,0.994138467667034,1.10104963913604,1.20963649109298,1.31072660202534,1.39935923421703,1.46163224925755,1.49075270115041,1.482,1.43599743641537,1.35564692495296,1.25162082599276,1.12929101808568,0.997784764018269,0.867839084428573,0.74736950680859,0.643484362049368,0.55894508346943,0.495472360689809,0.452209234604173,0.424603760745373,0.411878782338953,0.411175360599312,0.423154570891748,0.443939212454044,0.47392985504449,0.510506426881218,0.550726267507159,0.591905302534939,0.628651331104111,0.655307462458919,0.666965944045368,0.658262528952581,0.627850533869524,0.575738110904655,0.506098415561738,0.424752028347581,0.339976688180678,0.26095422325026,0.191542211279826,0.135893979252413,0.0948831932505231,0.0666607002252687,0.046877833132092,0.0347129551308792,0.0259428051868502,0.0223282513869977,0.0194684497744568,0.017668633237972,0.0161563887164993,0.0138193798000142,0.0113416872173473,0.00942438542748286,0.00817159481186126,0.00802038459755107,0.00690678309819283,0.00711949359551474,0.0063572026078665,0.00602264871885722,0.00495188918254282,0.00393649578839188,0.00397227434825614,0.00451045598964365,0.00685235075448107,0.00822073652450198,0.0101318056666116,0.0104596855711168,0.0112291293382426
2010-01-01,"K18",0.0009765625,0.00048828125,30,1,0.28986333014871,0.293934877105191,0.292,0.286814679358292,0.279258382289783,0.273106565573169,0.270957731892335,0.273313208323055,0.279881430788234,0.289056491878049,0.298835136399679,0.308637026353189,0.317134796170463,0.325106988973009,0.33054778047987,0.333809368155029,0.33506179727737,0.340016621523654,0.348123153682062,0.361914983246788,0.378368899552145,0.396567979741575,0.41385619006415,0.432082314346129,0.451014494888361,0.471556174262022,0.494599220607809,0.51869267105057,0.549234445599139,0.587290945683054,0.636822656845099,0.701558620748685,0.782402257669424,0.877534389523584,0.982568233655529,1.08991273201352,1.19801702661335,1.29904250378316,1.38386420381613,1.447,1.4778888061861,1.47073175415485,1.42431713537702,1.34201823360703,1.23045970193861,1.10032392757455,0.965923496847139,0.838456958346191,0.726055999446677,0.635813127148426,0.568052154354784,0.5202269799319,0.492551295414187,0.482956586977391,0.489530433944667,0.510593733812339,0.544393491647221,0.588598925252036,0.641037034331591,0.700728310016505,0.765728994537537,0.829702244478606,0.888922171172834,0.933885245607568,0.957045274517591,0.954015242497948,0.919754196497164,0.855007969589805,0.761958522990045,0.652041164885569,0.532378242190855,0.417591243480505,0.314692629287763,0.231747933588084,0.167120308648434,0.120461504640477,0.0877317723195699,0.0656004490104201,0.0498385788951371,0.0383195968949059,0.0316429799128921,0.0256641017618531,0.0221293442412405,0.0184397262336056,0.0146931117807591,0.012117322539758,0.00854362449465016,0.00659399559753363,0.0052462637966722,0.00575267658271861,0.00703087564176879,0.00837469173246596,0.0114144472532348,0.0143833738243665,0.0168876350185849,0.0170107281601353,0.0165213126163936,0.0138565829596957,0.011480743332745
2010-01-01,"K19",0.0009765625,0.000244140625,30,1,0.317085645268649,0.318806100878594,0.32,0.319915570052942,0.317758457001959,0.314712256529269,0.311416938426158,0.308973036859686,0.310609057138533,0.316080057367007,0.32714904416535,0.340457010914694,0.353613673744631,0.363442693041886,0.370736565353379,0.376256240089276,0.383186549240682,0.394503120043257,0.408851500509878,0.425322506426431,0.443339035417777,0.461661961741885,0.481964113056282,0.506123223447689,0.533726828430766,0.568231537173723,0.610189836363968,0.661252425014141,0.725014877735176,0.798841820748465,0.879085822773839,0.963001664966561,1.05159712008817,1.1406593330736,1.22803064541926,1.30350425280597,1.35976598261455,1.38553129408031,1.37563320410381,1.329,1.24953238687908,1.14579156079877,1.0322455125963,0.918970848703597,0.817508638298851,0.735108819438407,0.673507183890417,0.631901047599235,0.607634863147118,0.598670593929419,0.603792501029693,0.621428597338878,0.650605122044353,0.692421279214563,0.745758405198713,0.810304897125142,0.882485031420317,0.956433881771242,1.02824803385487,1.09204740452606,1.14001452196838,1.16379540886193,1.15648647922454,1.1148531154304,1.03628440677059,0.927289101467716,0.797877588440812,0.657995568171405,0.523199641775731,0.402112423436537,0.299196972014675,0.219136825686585,0.160070974754787,0.119270886760372,0.0897732190562004,0.0690828311450931,0.0528621757900053,0.0411037455075462,0.0320771732274195,0.0262905512452572,0.0214929498231137,0.0177721484519626,0.0137799384001107,0.00947459833254465,0.00487381825290997,0.00303554797271852,0.00199554979293001,0.00382401047616225,0.00557005729623315,0.00763833624399878,0.00900588279561131,0.0091619067958959,0.0104864046153569,0.0116849357576569,0.0128911235206775,0.0140443859735676,0.0140308387763436,0.013547083472984,0.0121656487729094
2010-01-01,"K20",0.0009765625,0.0001220703125,30,1,0.264397318010839,0.262702679454294,0.257,0.250817838449059,0.245781363472695,0.244691587472541,0.247506512895922,0.252408572988641,0.258144129448777,0.260681338656486,0.261109149043874,0.260052498336504,0.258816354053321,0.257948949363845,0.257842265831533,0.259590624967119,0.262059186076111,0.265767685514791,0.269300130746016,0.273695690464724,0.278459016522798,0.286964457736093,0.299881077117607,0.317891937728203,0.339542281231611,0.362520318567332,0.386856405747999,0.411251276667167,0.437964292425035,0.469358237492204,0.509227600834305,0.558575265777238,0.615632646265886,0.675838077775214,0.732816778167748,0.780692715386511,0.81551833412089,0.832155278055637,0.827997148157572,0.802,0.755524703964495,0.696900386060653,0.634489565233423,0.576770141096956,0.530182013450729,0.496790899839837,0.478472816721124,0.475906980757852,0.486286084639336,0.50985751666148,0.541749136536335,0.581210583475015,0.629163040337408,0.683738309019656,0.746190735760905,0.816398240076646,0.891366842500444,0.965523975814872,1.03361806116404,1.0864519831333,1.11824208800553,1.12056383105102,1.08899546616426,1.02207781749995,0.922468936625059,0.799513649870559,0.665663801528861,0.532511525699489,0.410851787875281,0.309776301102427,0.228422897924241,0.167112708915287,0.122364666219562,0.0892020123819115,0.0647221008173758,0.0466329377648175,0.03390612446439,0.0270139024654829,0.0225759826943742,0.0195274972963493,0.0181701095339732,0.0158208419162146,0.0133442885133356,0.011403496570472,0.010249097585788,0.00907860192674979,0.00678253308338983,0.00529731493294517,0.00322119454936517,0.00300002865418292,0.0030209383854059,0.00420578774939377,0.00600727716280323,0.00704877344207559,0.00786375973641937,0.00901950438199204,0.00927912659442379,0.0101165115135501,0.00992613888444285
2010-01-01,"K21",0.0009765625,6.103515625e-05,30,1,0.215380541724729,0.213488721554466,0.211,0.210203902160718,0.213294397448024,0.216875292922949,0.220747735142885,0.220946591817096,0.219306792358743,0.215266094360991,0.213168286690236,0.212929100824488,0.216492099804857,0.220414348024664,0.225394075258183,0.230316394211399,0.234057187032811,0.236450597812324,0.239091696405628,0.240066925356147,0.240080063625786,0.237750551425782,0.235441219995875,0.235991064523256,0.243642893280395,0.257661539381798,0.277627281262797,0.302342312329582,0.328637619414411,0.355490136386964,0.383476120640998,0.415463596486949,0.452239027521192,0.493099068608927,0.532747947217512,0.567386795921193,0.591952374634459,0.603635369985175,0.599351026981502,0.581,0.549573629410325,0.510496658312115,0.471320577742644,0.438950376521468,0.418032058985633,0.411298538806863,0.414876963314172,0.426826790054923,0.442301309509773,0.461994355069489,0.486073055237589,0.517627118080478,0.558041190739011,0.609717712017744,0.672370774561204,0.743925507498805,0.819533927313703,0.891866941485235,0.955187098839307,1.00274334422277,1.02624660265337,1.02173536047029,0.984090060622823,0.914979489007265,0.818482018039727,0.704335586778464,0.581934794604059,0.463302610082404,0.357169206263002,0.268305862540518,0.19726484054409,0.143712012169375,0.104946910068707,0.0770798911366125,0.0569106364849038,0.0427871923472353,0.0329074050439634,0.0247657136279903,0.0190494324746509,0.0155888257515435,0.0132377046942748,0.0119741529687356,0.0120158581433131,0.0119943951253408,0.0120068762002529,0.0119934313213111,0.0118817486779818,0.0106715860805949,0.00880953359233691,0.00709746852375724,0.00702316550432923,0.00825039760952705,0.00958933557616767,0.00950517563763006,0.00720997808126253,0.00481165695260973,0.00394865243223871,0.00396485364502285,0.00461594548387287
2010-01-01,"K22",0.0009765625,3.0517578125e-05,30,1,0.205034029287062,0.206311664121709,0.203,0.199123177354874,0.19508186448098,0.196092195941488,0.199566119935401,0.20317809051648,0.203896061730275,0.201762686055183,0.196366110649562,0.191151187981011,0.188898968538922,0.1891924695255,0.191703820436233,0.195364356135202,0.200069982256312,0.202676051702527,0.205878814884312,0.209646859206785,0.213699809927528,0.217346623592918,0.220798139243956,0.22259001892132,0.223775536525009,0.2249595635345,0.228917473938109,0.237241357870713,0.250183714435848,0.266639407427571,0.286012970442753,0.306541872770485,0.327362584645356,0.347407457897514,0.365970042669834,0.381605189335011,0.394040384146415,0.399668183740248,0.398852402632214,0.391,0.3786186655221,0.365263380754874,0.355681016272792,0.351215524117717,0.35233917228399,0.360368965884167,0.373721176150267,0.393101634296945,0.417877954369991,0.448618565920004,0.484957871202952,0.527908910691626,0.580394726015263,0.6398744361496,0.705525064873569,0.774048653141278,0.841348775467973,0.901963542213836,0.953011047443215,0.987335212328072,0.9988273718049,0.981953483322958,0.9352296593869,0.860102614664229,0.759394952573038,0.644078770215012,0.523542998949385,0.408542684316834,0.308938562332833,0.229170846515783,0.167860654786073,0.12423219513258,0.0917333099472461,0.0686557599335624,0.0502522310783646,0.0353340944673894,0.0239136282406032,0.0167899944297826,0.011726532792776,0.0109580903314644,0.0109386187638553,0.0120425857892391,0.0120409314319919,0.0114585427383845,0.0110154371532988,0.0100638314382681,0.00893723371103648,0.00908090999303343,0.00849523168975318,0.00709033491117028,0.00698145670690101,0.00584053260590026,0.00648516812514456,0.00706974762325447,0.00698358775956386,0.00692068292404196,0.00572180763297751,0.00389666628953295,0.00264109173922357
2010-01-01,"K23",NA,NA,30,1,0.11506635061884,0.111676906197069,0.108,0.104461983048556,0.102423173833006,0.10198633834769,0.101927153625446,0.103008940580216,0.101497862633946,0.098528152382706,0.0948122621780326,0.0911274328946148,0.0887618098100062,0.0881074059238356,0.0906325297374821,0.0951733547552267,0.101110740875292,0.105960643936597,0.110704477996428,0.112152854184145,0.111987725357085,0.111998085640063,0.111995894861754,0.112029115708241,0.111900906841245,0.112985630998614,0.113051113808138,0.114961205475135,0.119874382523512,0.127760457028294,0.138621349617812,0.151977385385864,0.165321978267121,0.178930573950562,0.190383084811729,0.199906837334989,0.206925423994252,0.21189535021874,0.214720774710708,0.215,0.213460609413869,0.20975039150078,0.205283819284767,0.202246954111303,0.199914196559593,0.200177489296575,0.202355715054135,0.20678614351097,0.213650283547178,0.223408781961846,0.235217477976729,0.250983806810148,0.27148631182258,0.295757540170375,0.322731219645745,0.351937332953628,0.378090089224093,0.397729898556238,0.406290888089238,0.402724468002968,0.385661042781059,0.355538485627841,0.313900978145934,0.26729746706194,0.218487357785013,0.173422865442469,0.136246685534969,0.106689115068073,0.0847355759816028,0.0688690704310306,0.0564346214776779,0.0465505052440445,0.0379891912221165,0.0296686512299416,0.0236242712900082,0.0187194304080365,0.0159834927562128,0.014950575424903,0.0149260718053146,0.0156864063293792,0.0160133269982987,0.0159550972016252,0.0146634718939627,0.0135257515051512,0.0120982267992329,0.0129442080979803,0.014285572966558,0.0166162700209538,0.0165834537574879,0.0144218727705148,0.0108576112180678,0.00628326884917699,0.00446376435268243,0.00381420098503267,0.00572501849233201,0.00928810336781319,0.011737066594261,0.013187431058903,0.0128695066671933
2010-01-01,"K24",NA,NA,30,1,0.116377084005809,0.112592812500683,0.11,0.108994389511796,0.108550422505531,0.108121226128948,0.10624863202822,0.10487089100912,0.102596479195287,0.101522805687588,0.100239034959997,0.0990752606237278,0.0967487205297275,0.0958920424971906,0.0964775244354588,0.098552966757611,0.102077860486958,0.105590337002352,0.107599695520112,0.108045167685297,0.107996353421082,0.107999327385438,0.10800010695698,0.108001248877798,0.107995517454128,0.108002585576881,0.108106720008945,0.109633779327536,0.113244454928606,0.119901185385748,0.129519120437672,0.140612142690549,0.152858685586181,0.165226710524436,0.175444920808621,0.185113994095195,0.194323215204795,0.201043655372619,0.205502338472589,0.207,0.204554633466645,0.201728523265203,0.198528550891312,0.19713274581858,0.195953379391995,0.19617808717658,0.198213315830464,0.204102046313318,0.214476307187647,0.230660614106034,0.251705157772669,0.274291373734961,0.297538213853014,0.320702932622615,0.345064480006486,0.370611597666754,0.397243190018783,0.420270271520527,0.4360006653441,0.439463424714421,0.428075445404129,0.401152831149342,0.360908571953852,0.311658622920415,0.257186792601333,0.204147664198058,0.157573875111774,0.118276505834791,0.0889744270908932,0.0671285092362815,0.0518380654296232,0.0415438059125344,0.0331355552182101,0.0276445064807917,0.0220376802491166,0.0175645329411945,0.0139697008847161,0.0115117087764703,0.00982703867515363,0.0100249454351477,0.0100149265673143,0.010061884783045,0.0110956544745364,0.0110259630263151,0.0104159096851215,0.00808095417893378,0.00686156604869948,0.00549195741169345,0.00538144109935963,0.0076177095020739,0.0100702210167304,0.0125863183613394,0.0142140748884836,0.0134340053374158,0.0111934001659002,0.00866122284050416,0.0053765588490097,0.00541633178276741,0.00687800855380504
2010-01-01,"L1",0.00048828125,0,30,1,0.197384141386397,0.195482391814111,0.193,0.190583945141709,0.187859861060118,0.183449468181014,0.178558831642871,0.173750626434675,0.171570487167687,0.171378531189822,0.172705008634574,0.17400290210078,0.172950017158795,0.172609489586778,0.172457030783656,0.173778468157901,0.176055470162477,0.178315586197086,0.179431316177805,0.180732272326477,0.181077258559731,0.179966692914086,0.179737853057473,0.178829171187439,0.179675813290703,0.181936013301841,0.185572292473719,0.189432057751774,0.195144080926974,0.200410548489606,0.205276546540571,0.211366041043174,0.2173636657557,0.224169829838526,0.231600332218068,0.237673222517516,0.243525976011365,0.24817143211525,0.253954767772343,0.259,0.2638185908266,0.26940639031842,0.277498225228546,0.286769852705755,0.300039231687041,0.316411861282852,0.335158785840099,0.355403189776169,0.37615819143871,0.39823442814344,0.423029767333962,0.451467639729258,0.486033842189458,0.529384172103796,0.5784535114978,0.635511217186245,0.700254743675877,0.769483435442098,0.844890052685728,0.919876159396431,0.989099588608949,1.04585819899593,1.08250902030865,1.09392499421515,1.07464777149826,1.02451554827566,0.944339113886386,0.841390915315682,0.723578354369281,0.603978038835588,0.487388381678337,0.382835478006183,0.293278322570012,0.221528991257528,0.164208689318822,0.122021803257947,0.0907368834620036,0.0684454133877851,0.0513499290106038,0.0387983432754996,0.0298070456980222,0.023627278164537,0.018965626459569,0.0158827704053906,0.0135637671888321,0.0110729732094816,0.00981064940574917,0.00897355033056089,0.00848930708256704,0.00717207327569033,0.00596238608182716,0.00476353626391806,0.00343091950012447,0.00307352586724081,0.00203450503188786,0.00315083607605089,0.00432306910034628,0.00550212267320446,0.00738858827001011
2010-01-01,"L2",0.00048828125,0,30,1,0.196894229866931,0.196302618983457,0.194,0.189089513647491,0.184238020505958,0.179849227480626,0.178059879960233,0.178057653642785,0.179243192536671,0.181043056142842,0.182713666821586,0.184890483822794,0.187255630889847,0.187822927980253,0.185906196056566,0.182629022525708,0.177896282406391,0.173256759838397,0.172146712639556,0.174806478267673,0.180365611659918,0.187599885056401,0.193590430099566,0.196336468644372,0.195369768398226,0.192094150097541,0.187313801116969,0.184123544823634,0.182085754312114,0.183571106593457,0.187223941241259,0.193914236871434,0.2042749172511,0.216072792461377,0.227408137935248,0.235773703531113,0.241398980402973,0.246822310793949,0.25281885091731,0.261,0.271995357107267,0.282999302348367,0.2933722711278,0.302024259599298,0.311705154691941,0.32341491448898,0.338539510440371,0.355919319282437,0.374229603107267,0.394977555160866,0.417240211626524,0.443311303463063,0.474759320887769,0.51221331111231,0.556524178269212,0.608566202632993,0.66917771117085,0.734757165614722,0.807621467647511,0.881110128541274,0.954066675971549,1.01778604071706,1.06720781761284,1.09455985783242,1.09293647938867,1.05986354241866,0.993902827656108,0.898683934387523,0.785025032594174,0.66370683886697,0.542752765334219,0.431284080086564,0.334294625175412,0.254395124159518,0.189140849102767,0.139918681379264,0.103692412273824,0.0780561207301506,0.0603824988554354,0.0471830283379059,0.03698568112645,0.028443913762883,0.0213913012459252,0.0156634619835191,0.0124992472624658,0.0100489067258928,0.00990105917162601,0.0088593581341881,0.00911068084151824,0.00820987522672151,0.00696451204910735,0.00574300842483433,0.0045525384965357,0.00325800737871734,0.002940374175021,0.00410652356848243,0.00562261653161003,0.00766166591547838,0.00869580184084754
2010-01-01,"L3",0.00048828125,0,30,1,0.217071595994539,0.202567491937866,0.189,0.175934509750306,0.167462404267438,0.163409847730035,0.16294288111381,0.164176902204398,0.168076344119801,0.173492411566399,0.179676301334044,0.185747881247432,0.191628199827181,0.194609919885635,0.194623100743308,0.192304594592857,0.190969749784109,0.190226820693415,0.193280832701589,0.197747419687927,0.201653963844599,0.205134067609313,0.204986836326445,0.204544426421931,0.203252772521975,0.202012179754904,0.201987286256877,0.202304363063498,0.20367544175453,0.204748493889181,0.208254770143127,0.214520802559429,0.222284390221404,0.231566824387161,0.241494585678861,0.248876291656221,0.257242453177136,0.264415086561776,0.271714035707727,0.279,0.287708044415727,0.297490436374327,0.307683355842843,0.319684943015304,0.332005739085227,0.347910332666188,0.364905673787921,0.385982387413384,0.409979085160355,0.436979995196116,0.465900490066467,0.496857096801577,0.531384490155301,0.572320175455983,0.620548884441219,0.67924938175944,0.747856641303463,0.822126470368384,0.899975902257457,0.974589039710821,1.04258067008568,1.09795331301479,1.13547490213577,1.14798863205019,1.12850953626213,1.07515061483804,0.990056923981758,0.881167137185246,0.759295064420806,0.634382918235137,0.513643561650285,0.404123809129601,0.30969753810154,0.23311111741993,0.1709622022791,0.123704283802608,0.0897131736968601,0.0652442991681601,0.0488492595767407,0.036758489465273,0.028699000899811,0.0226132020228748,0.0179894193393058,0.0147878435105208,0.0133019452743096,0.0111139977024635,0.00880466941908747,0.00729035948070715,0.00521635207644045,0.00501856425835154,0.00504192808606352,0.00741737551195579,0.0080517885681605,0.00796952395132549,0.00804150414772348,0.00686528533620042,0.00568719106292288,0.0043987844584957,0.00385418608397666
2010-01-01,"L4",0,0.00048828125,30,1,0.160768006623881,0.148826825345297,0.14,0.136616093256158,0.136499628445215,0.140463850076287,0.146221026771257,0.154651750117549,0.164460609418567,0.176461576899352,0.190597159979041,0.207305268753071,0.22414031633165,0.239409352512257,0.251640856829462,0.260793109661407,0.269184554686036,0.27892816324104,0.289095732464194,0.300073780701421,0.3110314239312,0.322110310951348,0.335782541160287,0.351774294322881,0.371693412540055,0.394501821377536,0.421580852585918,0.453062150847666,0.491668751264885,0.536594043385836,0.589822181924027,0.652061108517337,0.729246454048321,0.817889893587086,0.917826307509441,1.02158966460857,1.12512443577062,1.21864556657196,1.29535486132255,1.352,1.38375592740911,1.38846419237884,1.36429091290418,1.31242796865949,1.23261805410069,1.13072175294024,1.01301527637106,0.885580515770213,0.757056328541661,0.634512247239175,0.524097966229874,0.428041383548665,0.348471517649353,0.286398623769537,0.241067631722278,0.209806517625072,0.189762602126877,0.178680708029147,0.172629934956724,0.170895523157272,0.170997828897982,0.171093285532878,0.169087571256268,0.16284494751786,0.152814859790967,0.138187572514978,0.119602455554017,0.100011987732268,0.0809160955739068,0.0645417627377804,0.0498970722728475,0.0395314113368204,0.0310366466459306,0.0244011604351033,0.0201566903831884,0.0173858383923034,0.0149754277612166,0.012564714240573,0.0101181463511425,0.00769507841370579,0.0052318548321766,0.00398893521239616,0.00374614865229243,0.00287280668648424,0.00310977362982579,0.00204075620441832,0.00216441230815591,0.00303619877506407,0.00350660767063912,0.00483423311252566,0.00604441273954022,0.00700814007772148,0.0075298141917821,0.00736677906807617,0.00696410081088981,0.00691688712002927,0.00571472311042755,0.00394671104654547,0.00201951624937019
2010-01-01,"L5",0,0.00048828125,30,1,0.223780378859533,0.221302658057078,0.221,0.222795898388332,0.229527456797583,0.237484920537655,0.245356910756468,0.249150485718885,0.249947926330643,0.247536829030497,0.24435575217157,0.243944566386117,0.247877453191914,0.257161792924933,0.269549665812806,0.282194759511054,0.294221472198101,0.303732461375997,0.312309777790925,0.320127665380915,0.327289462174214,0.335775040965017,0.344349964528403,0.352547751943306,0.363421373770548,0.376694541665595,0.395423698761554,0.42191856330207,0.459793785020802,0.510329224807632,0.575525532772519,0.652044854515089,0.743072161109621,0.845742146563397,0.959011032460548,1.07594338547215,1.19199981451138,1.29813837998954,1.38342772693861,1.443,1.47545874614925,1.47532662948549,1.44481685138922,1.38176472157814,1.29074999026838,1.17570292179967,1.04782450007574,0.911214956963822,0.777200552031594,0.652439593822101,0.544343765028323,0.454255741288338,0.384810918892816,0.332683413257758,0.296934631748269,0.273254017394806,0.259201037990082,0.254052198475316,0.256444816523412,0.265182861851858,0.279934271079881,0.297267733409149,0.315656955259493,0.329748163767323,0.336658796846573,0.333646802155248,0.317972233207678,0.28929366449092,0.252180932900988,0.210441021697514,0.168476425495621,0.129211153508296,0.0964416231783997,0.0698469776390114,0.0488890310855418,0.0340131674686317,0.0239225578991343,0.0181735490747488,0.0154471309086685,0.0142593276058186,0.0140328702344104,0.0129150831516624,0.0114766307352894,0.00894955155099437,0.00644894072994625,0.00504782572723754,0.00393345393184937,0.00402639793930249,0.00398718826002088,0.00402227266367807,0.00402427686457303,0.00510990587923259,0.00490323441283904,0.00560602641570246,0.00695691632196187,0.00705449549652798,0.0084095734598826,0.00908325153884255,0.00893870760530771
2010-01-01,"L6",0,0.00048828125,30,1,0.216320418281959,0.214539731619974,0.211,0.204394687876035,0.194659563554972,0.183493648634083,0.173043600485676,0.163400661242959,0.15648213028327,0.150751821101102,0.147336871349442,0.146948970864276,0.150942099314552,0.162001878700621,0.179738381037323,0.202395317037357,0.227517687885611,0.252923982852675,0.274395243070974,0.29054893761824,0.30117752249144,0.31089208094634,0.32287846786964,0.340130652196777,0.363591204826357,0.391403355903409,0.423209619531651,0.458422097828789,0.499213190776858,0.547159313411762,0.603032585307242,0.669416882645464,0.746179781254908,0.834428999353077,0.931038037071203,1.03241379570807,1.13736611222059,1.23888763374059,1.32780826520969,1.399,1.44512339121575,1.46149675598421,1.44771981294506,1.40365404821362,1.33112099230041,1.23460624021716,1.1185569779863,0.991909594257925,0.85930748338793,0.729194288133422,0.607253739651997,0.495836555478242,0.399058548782718,0.318824734211862,0.254333031605814,0.205011855068612,0.170176061489307,0.145704046601858,0.130884855595627,0.120946946364276,0.116238159915826,0.113292993716403,0.112997827780942,0.113146052782883,0.114154102707945,0.11352723684721,0.110678721530815,0.103571481454348,0.0932070399671796,0.0792011431735,0.064434695752371,0.0507797549580492,0.0387323173637362,0.0293288246708736,0.0224056191035497,0.0186516352503661,0.0149757943520943,0.0138203838315453,0.0125488073282724,0.0113426237638142,0.0101324122018588,0.00891353612391801,0.00770908821611406,0.00639479634987323,0.00595416079691653,0.00600204444842119,0.00600390875416439,0.0059754181432621,0.0061156008797008,0.00512592169324725,0.00498086842001123,0.00390507772608427,0.00395505348814914,0.00462042060174064,0.00591252728508653,0.00716010109869618,0.00783622822267006,0.00640902294506828,0.00524765311614052
2010-01-01,"L7",0.00048828125,1,30,1,0.238470245415871,0.250935766332936,0.26,0.260664567346304,0.25528963474275,0.246232750279754,0.240342616912957,0.239015094567322,0.240608031312548,0.242323536534184,0.240625105442606,0.238069626952671,0.236814033430076,0.236119560737268,0.238257012399909,0.239830086844877,0.241009175561988,0.241151635606208,0.245591577399479,0.257888332653096,0.282137393460655,0.318609160958952,0.362748570010448,0.4128783138515,0.468199224685097,0.529668292793494,0.602292257343187,0.686479603797781,0.783959737565969,0.8897777525391,1.00056626784674,1.11322679383911,1.22967227220532,1.34816278981969,1.4671227957616,1.57674364372162,1.67761214748944,1.76093839881153,1.82701471611501,1.875,1.9062432911268,1.92077051544839,1.9211338232568,1.90395795825073,1.86889568612223,1.81303250959247,1.73702300710978,1.64013908367229,1.52396447892676,1.39423334867376,1.25459699896633,1.10760101336558,0.961612875922784,0.819883856153064,0.688467376235185,0.567695482752021,0.461145915681411,0.370443429808892,0.293648410540168,0.229917630202673,0.178715678776186,0.13896735271042,0.107532064010923,0.0846888068280168,0.0662133819035781,0.0524200926281329,0.0422252981050706,0.0336783681119745,0.0289520379755587,0.0240330437720182,0.0191895715937996,0.0142676184477615,0.0106516561492443,0.00852098036127813,0.00794363585440703,0.00800733099991638,0.00800008935674561,0.00799989949328764,0.00799866676487471,0.00800616130396944,0.00798555765022235,0.00795023186288444,0.0066879355118492,0.00539450055526761,0.00497471337350405,0.00497966140776881,0.00619061564818698,0.00736452481960841,0.00866780474320661,0.00907276773783245,0.00793548108034633,0.0056480954823939,0.00458578391087546,0.00322514578158043,0.00299246974346931,0.00304425802716674,0.00465115043891716,0.00665439063882069,0.00769855111899129
2010-01-01,"L8",0.00048828125,0.5,30,1,0.276562681051061,0.279099249122068,0.276,0.266942509702176,0.254706156745674,0.241876040810837,0.229330796939243,0.217205267660602,0.206294608702127,0.196286706395805,0.18776757460485,0.181206030911889,0.177931537395153,0.179731252598882,0.186642856521414,0.202119166365734,0.22453739245734,0.255800656385977,0.292205195677301,0.330607448895669,0.368648916620571,0.405255380656844,0.4422929786837,0.482466305258914,0.528701065768629,0.583798061588731,0.649182868872525,0.725349576927844,0.813877197297128,0.915013612431642,1.02676958722757,1.14592929412248,1.27172748136306,1.39796619072911,1.52179225149851,1.63732981535081,1.74318178754288,1.83347015966744,1.90533407844689,1.956,1.98714307149061,1.99956725392755,1.99659494916819,1.97886972058304,1.94497746370221,1.89050227625833,1.81754845954962,1.72423998441947,1.61278530273853,1.48673963941948,1.35050530515225,1.20503607927528,1.05550953467338,0.90769387992137,0.768643199359933,0.638019796902941,0.521076800426512,0.419361807907257,0.332726599915,0.260040410400534,0.202893627481534,0.15849723616301,0.124594495305384,0.0982127490766585,0.0774035202099067,0.0611979686793833,0.0484512659673098,0.0385535501583577,0.0301641961235036,0.023949225516867,0.0190592161448529,0.0160807658178447,0.0147515633010394,0.0125184738765078,0.0115595559911552,0.00936994067802735,0.00798767636376308,0.0069690404425699,0.00660199541316749,0.00589505981665432,0.00606956205775378,0.00493732372927382,0.00531587966874592,0.00600945537571813,0.00668054141375232,0.00794717380298211,0.00905608386933481,0.00904203028670311,0.00847689101035471,0.00716802790301957,0.00595601475383902,0.00498090536777991,0.00454067600817544,0.00402555762587933,0.00309065383292288,0.00310875303840633,0.0040966446073552,0.00397535857082541,0.00400931183044276
2010-01-01,"L9",0.00048828125,0.25,30,1,0.251410416834615,0.252940779842055,0.252,0.250731216375616,0.250160774982511,0.25264934926375,0.258369473515507,0.263403609084947,0.268981557322278,0.273115671256755,0.276456712449927,0.279882944790129,0.2810573614847,0.283129107077173,0.28979003996432,0.301606056365621,0.320419874335615,0.342706301094526,0.367701960749463,0.393207315155413,0.418614783188602,0.446632574866966,0.477919369162237,0.513299186044508,0.554718585727571,0.604871818743789,0.667812676108386,0.741758546291873,0.829958104679309,0.930096799091951,1.04287342537522,1.16461771177264,1.29460511688037,1.42585671356809,1.55362743328449,1.67024636527112,1.77271728757009,1.85562819790888,1.91809900192709,1.959,1.9820819563732,1.9897720313753,1.98268224827156,1.96037955248652,1.9227234959699,1.86477726887063,1.78981133373274,1.69688747487238,1.58674294152165,1.46196532680369,1.32630496537888,1.17935019967138,1.02939230157459,0.882704096225297,0.743962300352991,0.615953754235695,0.501932028531998,0.405022080219992,0.321008358584785,0.251746323693932,0.197522396032508,0.156071406256706,0.124544115479402,0.100591547913379,0.0823098564974007,0.0678586421270849,0.0563613640629702,0.0465815463220517,0.0394058726918005,0.0318810984677305,0.0261972693258146,0.0203171191827922,0.0165842912305327,0.0131370281780386,0.0113787198754306,0.0102090813459457,0.00898632044863967,0.00792869947120479,0.00802672511367079,0.00797542563601405,0.00804822594890903,0.00688792208532563,0.00598533567149471,0.00551468912161881,0.00485174577467044,0.00595447634731164,0.0073069039696351,0.00947716134507024,0.0106658001641086,0.0110114225261589,0.0109772922310307,0.00988235140016786,0.0101365731301741,0.00923247655161744,0.00907420279278219,0.00679924525834918,0.00570863070161172,0.0044415564238009,0.00323535893322099
2010-01-01,"L10",0.00048828125,0.125,30,1,0.232170631079112,0.240477097345424,0.249,0.260079523472644,0.270287409856897,0.277548411113381,0.28018712298759,0.275557014096523,0.267709977899337,0.255378491481751,0.242636780008796,0.230474873313333,0.219764128316438,0.21181562491376,0.207470034332486,0.207480390124902,0.21419494897282,0.227264930752894,0.249881880231178,0.281876927363696,0.322902748861096,0.370379307591801,0.419145023323882,0.46821226024584,0.517766619149488,0.571840696219531,0.633242433640461,0.701384417635364,0.778763054905336,0.867584098759891,0.968344931333906,1.08208752178314,1.20724824319281,1.33781379860957,1.46560124237427,1.58341148690922,1.68926444333399,1.77846098903427,1.84778518333872,1.895,1.91990421308158,1.92455034691178,1.91306171858596,1.88608895715056,1.84016460716213,1.77463278457683,1.68877118473398,1.5834351246763,1.46308567573076,1.33116976242926,1.19358314527657,1.05063270060218,0.906353030369844,0.767999687894149,0.64033462999831,0.524784187053771,0.425918744424628,0.342814413411359,0.273303974628237,0.216999600580905,0.172076730494922,0.136938895735597,0.110457949152897,0.0900350072272104,0.0741219730174024,0.0621208337355699,0.0530277090590491,0.0456706194991906,0.0396479580375328,0.0334571216575321,0.0282251101304069,0.0223456056969388,0.0174145588482727,0.0128739229624432,0.00918500620982824,0.00697142926760885,0.00800618223855394,0.00816071822138247,0.00909505688255707,0.00906134242186773,0.00815598298827763,0.00691637807772494,0.00570840713474995,0.00438897169394568,0.00397706300340351,0.00397802063156441,0.00516277441201424,0.00666902802945847,0.00925767581447153,0.0109583085745006,0.00993725474021465,0.00743596171877608,0.00547706872971212,0.00426261742754842,0.0039560734425212,0.00521701376400487,0.00747275553290483,0.00811538045569062,0.00732390239102028
2010-01-01,"L11",0.00048828125,0.0625,30,1,0.220339397800989,0.219335014961826,0.217,0.21715276692018,0.218812324677363,0.221215512605408,0.224586556281173,0.228293166316274,0.233271315678476,0.237283479898639,0.238261374296547,0.235209926081973,0.229229080428661,0.222709899663247,0.216380536202256,0.21305324640631,0.216122519349556,0.225556404510009,0.244218636567105,0.270078747306187,0.301847264958807,0.338353082601794,0.376645957957639,0.417749818962967,0.461689734350537,0.510928141888393,0.568683183321325,0.635840490530456,0.71645201752935,0.810759096978297,0.916492335692633,1.03094357547627,1.15128333509448,1.27171811489862,1.38553161573465,1.48763789650645,1.57571897032164,1.64541832009718,1.69372241068821,1.72,1.72537863337446,1.71071371054143,1.67790529157314,1.62758813757057,1.55968448445766,1.47350639260213,1.37005872996641,1.25259359766109,1.12429495034278,0.990320847540395,0.857930499329191,0.728675112304974,0.608952454723057,0.502013139809808,0.409391009419219,0.329426705845588,0.263916274775388,0.211172225617266,0.169719615574883,0.138282556291481,0.113635784346003,0.0949451305681249,0.0822320285037612,0.0716436553583986,0.0644797036407243,0.0579069233242817,0.050911546065454,0.0446703033191523,0.0373143501542886,0.0300324121325566,0.0233247012701665,0.0182921369701291,0.013489085219474,0.0101725649078736,0.00838561600228667,0.00716212130674965,0.0070073333084951,0.0082706559041273,0.00906772090829453,0.00903654099953297,0.00822844368086971,0.00589077161272237,0.00439484573500202,0.00281884882996497,0.0030289270916379,0.002998693947564,0.00299724738062967,0.0030180570119193,0.00291487164031059,0.00378748767008815,0.00503583237950378,0.00624246563222218,0.00754269117642478,0.00803253180374802,0.00803612871821181,0.00685933037317839,0.0057410991579948,0.00393998595835048,0.00202205761499231
2010-01-01,"L12",0.00048828125,0.03125,30,1,0.243129915549138,0.244197767768143,0.242,0.238509129163678,0.238795857860553,0.244999633608452,0.257453627689997,0.270918215131372,0.282168339495798,0.287887682963942,0.289289056866019,0.287086531427189,0.28590075710985,0.286761874965288,0.29213311650947,0.302958770094957,0.318373404397358,0.339173954338989,0.360269366331865,0.381804636219541,0.399483914167332,0.416438700116736,0.432862905243926,0.454004909984812,0.479125144631276,0.512266211322624,0.551869580059332,0.602225956411331,0.666144217073812,0.746996217469647,0.847445513348652,0.965481024648836,1.09846951568693,1.23912530223482,1.37788785139366,1.50888731375029,1.6259936036726,1.72288346453267,1.7933268868895,1.837,1.85548486338917,1.85128941246897,1.82809413722131,1.78752030727335,1.72811430232956,1.64683800776909,1.54659368817677,1.42663392060916,1.29255701664507,1.15101619515232,1.00702645705622,0.86296736526839,0.727459599084785,0.602468982044415,0.493321641621988,0.399267009227176,0.320772352285841,0.258912336955154,0.209079707854985,0.171576086213284,0.141816959167078,0.119722305444929,0.103288243569201,0.0900754261865184,0.0798927978634706,0.072197214449586,0.0649772032655612,0.0576763382460686,0.0514373328555505,0.0440545982795053,0.0367544292717712,0.0294461557625402,0.0221996631537163,0.0164888273822781,0.012123753054108,0.00943114205196322,0.00698973213132309,0.00685786827425362,0.00585900266016507,0.00612120933086139,0.00511337937359743,0.00506081155902628,0.0063187060608167,0.00752656391163624,0.0087180518547278,0.00996893894431288,0.00989990842665856,0.00831104615731695,0.0057297600847968,0.00409090615018429,0.00400480947641842,0.00395262433478048,0.00438096774724523,0.00570508335612515,0.0068868208290329,0.00802495230990151,0.00827663001820041,0.00911714806439206,0.00892589833615862
2010-01-01,"L13",0.00048828125,0.015625,30,1,0.242240688973901,0.241984361665887,0.242,0.241830057083661,0.240792799018011,0.241988699199587,0.247160460284062,0.256853872225346,0.270077406119102,0.281768520463343,0.291386332960422,0.297742495152426,0.304898898731447,0.310520753959931,0.315825434295777,0.322876197682259,0.331210251123179,0.345412840184713,0.367295882417364,0.394406877396629,0.423278069230938,0.4536218493974,0.481535243177691,0.509685682943558,0.541746216071398,0.581110541399813,0.632046269268862,0.697282230311586,0.778030717396869,0.87280025613558,0.978499311325206,1.09286611036221,1.21399532682745,1.33827013849976,1.45993217698658,1.57286311955837,1.67178112222267,1.74962331578309,1.80220522330072,1.83,1.83284586663837,1.81337340251999,1.77243120105782,1.71273185640896,1.63389534462692,1.5370026000821,1.42381846647152,1.29755027698985,1.15964899500073,1.01833086145788,0.878834971926542,0.744697073103553,0.622258513470593,0.514004256562341,0.423146488408329,0.348633143378188,0.289999610589004,0.244467324743065,0.211442172255356,0.187164095149617,0.170456877227004,0.159696925322069,0.152142293275594,0.144843281467638,0.137278410352123,0.127634940637991,0.114819241496047,0.100208288820707,0.0827899201646129,0.0654610697643459,0.0503596188884603,0.0376603341060575,0.0279921222890651,0.0214725595225076,0.0166746955984513,0.01251103577564,0.00997570477355728,0.00767120448409678,0.00693563002053721,0.00702676723272288,0.0069629160256663,0.00815293746508492,0.0104595540901674,0.0110284678234852,0.0110789447997006,0.0100483968420705,0.0086950823360605,0.00652058245973719,0.00534190387234871,0.00496704812712853,0.00499861384235692,0.00500276825644696,0.00499229049495035,0.00502981370604728,0.00494544059412085,0.00604407405855336,0.00620786409691295,0.00762797327705637,0.00813570234762657
2010-01-01,"L14",0.00048828125,0.0078125,30,1,0.24774084811266,0.25072403805088,0.251,0.249682361290413,0.249462551562467,0.253540274094681,0.258404223000786,0.264389506215889,0.269088701736983,0.274484854476439,0.280693532935047,0.286730115838773,0.293872178472315,0.299763975410128,0.306912946152319,0.317225654318332,0.330296889248443,0.346205994899075,0.361913212192998,0.373730398015569,0.381448699649543,0.386433400836872,0.393428137625997,0.407248486958184,0.431530181979154,0.470064169493253,0.524795367846345,0.594816202068245,0.681142063541006,0.781245727354346,0.890651912153462,1.00719220266469,1.12947243984466,1.25495950102216,1.37788921274018,1.49083468867029,1.58998251483773,1.66978655638942,1.72407908603395,1.752,1.75199226042556,1.72548525432711,1.6749453143055,1.601377694746,1.50780573470243,1.39542326963476,1.26946045887748,1.13295037922947,0.991672924647265,0.851964520881137,0.721268443282632,0.600662621884963,0.494511222570707,0.405589238134564,0.334106245292234,0.278281918689112,0.236575731030897,0.207181634675041,0.187728307258284,0.177683083701646,0.172581856957429,0.171136600577596,0.171011878857903,0.168231370981816,0.161362519035253,0.151122844960571,0.136234727166442,0.118061610359218,0.0980655908889325,0.0769692926174354,0.0582554447766507,0.0418595202431366,0.0298395909009376,0.0217686989215925,0.0153954919651249,0.0123841232137525,0.00998185415517157,0.00875357633925508,0.00800138055606972,0.0073328618370206,0.00697146011384594,0.0069967846693335,0.00699730388808956,0.00702760374319385,0.00689690264857067,0.00796859638163438,0.0080136587717881,0.00764233730241518,0.00691391581292013,0.00701045830453662,0.00700067299984893,0.00699157346522607,0.00705150234161056,0.00647071331906947,0.00417596590434767,0.00296575094003504,0.00302451902322742,0.0029455099767135,0.00362325532609677
2010-01-01,"L15",0.00048828125,0.00390625,30,1,0.239690727730443,0.230109378132536,0.219,0.211013693324026,0.211446087943425,0.220396585321622,0.234376260826411,0.247863996623906,0.257842293116224,0.262617848158225,0.266193849071576,0.269841560056268,0.274786459075068,0.283029229499756,0.29584823327601,0.312385326468518,0.330392698251462,0.3510837667048,0.369743256550864,0.385344513784404,0.3979392129196,0.410174372265309,0.425843153360431,0.447195077148495,0.476130081727639,0.513188769769397,0.557734522870422,0.612178786724549,0.678147392573938,0.755953358295608,0.846858224459751,0.951168333484288,1.06763954058087,1.1917543917313,1.31581244421328,1.42996057117944,1.52794078681797,1.59800736022644,1.63584555506532,1.639,1.61066813920614,1.55324524285098,1.47438585261549,1.37583159152619,1.26375276676683,1.1405752126024,1.01244542973593,0.880170936225495,0.750056133047831,0.62881836771769,0.520834541051824,0.427595110534441,0.353503656620742,0.297577781051056,0.258288547012044,0.233092785509972,0.219307545428098,0.213175739339479,0.214335580448015,0.219584794247771,0.225873448449687,0.23052442560239,0.231043728556481,0.225690293927883,0.212381064768054,0.191599976208369,0.164788723598764,0.135520468918967,0.106632015119647,0.0812994587109811,0.0610235937752431,0.0457837076935883,0.034979317423833,0.0281644093862063,0.0225567341434099,0.0185982786143823,0.0149638445523056,0.0113070473236006,0.00805111579551642,0.00563789007814054,0.00405346405341882,0.00399387613486732,0.00421852343750439,0.0055457374971592,0.00673670325203832,0.00794537801496641,0.00906405473940436,0.0089586168779744,0.00909198565677436,0.008206086217266,0.00695759992135094,0.0059782197741549,0.00554625491862988,0.00500477025794496,0.00412862881051361,0.00295478744683715,0.00302954317128846,0.00294422897209258,0.00362373940913196
2010-01-01,"L16",0.00048828125,0.001953125,30,1,0.24109289812215,0.232521814047762,0.225,0.223122077767146,0.226941038301471,0.233710794205065,0.242165670119215,0.247191529186813,0.24776117405883,0.243613801770281,0.23734656670703,0.231209226139593,0.227721607010791,0.227111475190685,0.229901614290881,0.238368450589119,0.250282839465846,0.266291409207561,0.284510688748558,0.306733852623319,0.330641344750458,0.359854987676475,0.393236852261641,0.430578830743109,0.471521092472379,0.516051603086757,0.566494800255768,0.623744932262646,0.690319242985294,0.766413436761769,0.85255637946556,0.949169637510968,1.05547506335494,1.16696966331145,1.27855035107445,1.37943735929101,1.46453026979992,1.52459061569361,1.55723907325655,1.559,1.53068075356076,1.47316797488687,1.39036369337244,1.28482721544628,1.16206659885676,1.03029466901475,0.895692429809859,0.76483304153467,0.643612599963836,0.534905682411328,0.444691270680666,0.371837078164139,0.316939970824335,0.27703033124814,0.25197139904838,0.237575878727419,0.23193200617929,0.235385692454891,0.243987142628116,0.256313748858957,0.268670194267025,0.278644197433923,0.282993219932848,0.278733327705963,0.265228623288287,0.241336147173612,0.208649340873273,0.172149825642399,0.135917559602747,0.103828212286364,0.0773373592962373,0.0579796482374193,0.043521469773083,0.0332949346177999,0.0260590074336259,0.0199151855705172,0.015967624437525,0.012291458622131,0.00908134080541276,0.00652232056641031,0.00597485298157227,0.00605946673189223,0.00705916958576039,0.0073997905357685,0.00883143917959393,0.00900568075568335,0.00899467165162357,0.00908076094381625,0.00839341369621869,0.00793826068952269,0.00797192243895214,0.00696273221920997,0.0065374719517493,0.00606023579510984,0.00502531967053671,0.00608033466342626,0.00596318570767524,0.00600938652245333,0.00599645289626209
2010-01-01,"L17",0.00048828125,0.0009765625,30,1,0.236015314631944,0.235973070345834,0.236,0.234949516019463,0.234644950538772,0.233756021953271,0.235682571737142,0.239394205738813,0.24695847033392,0.256110614875745,0.265163856675544,0.273671880769126,0.280783319533269,0.284860668641968,0.287309201280812,0.288686165833222,0.293125383635544,0.300860363669304,0.31352617896229,0.332067682173439,0.355695107955591,0.382544671815077,0.412171227865164,0.442916305114263,0.475897111146374,0.513211172942792,0.5551159556108,0.604023271775532,0.66134275225623,0.728431366583715,0.807193914548996,0.896650438851088,0.994759536664992,1.09582462036802,1.19432439848453,1.28443571203995,1.36355099374969,1.42516623800864,1.46144519825822,1.469,1.44387441639682,1.38582498539167,1.30114369147947,1.19303123375012,1.06896509962728,0.936423071736021,0.803433818785905,0.677406651192878,0.56318515312191,0.469075389539685,0.395246898907737,0.340213789024035,0.303194043255668,0.280509658231602,0.269341194818003,0.265724574173096,0.270645719746926,0.281733509575983,0.297501705669241,0.314874979267608,0.333022107194961,0.347066090384095,0.35299351209315,0.347313642802435,0.329336422104437,0.298684885071815,0.257827529023376,0.211625864267286,0.164319072313503,0.12219467429438,0.0880542592039166,0.0622359372378437,0.0452305422986412,0.0330722611347728,0.0264962070251146,0.0225377810288168,0.0199772139766941,0.0175590926217548,0.0151190970374938,0.0126983674595015,0.0102234169747344,0.00896011806248364,0.00923662767119438,0.0105542237664755,0.0116876244770226,0.0129975279916035,0.0118227753453959,0.0103282286645253,0.00778180637545449,0.00538060186055989,0.00294097100519461,0.00194911963744346,0.00197345669102346,0.00249083384684984,0.00488952406475955,0.0050618964706119,0.00611811717362421,0.00596988372090471,0.00601138073942526
2010-01-01,"L18",0.00048828125,0.00048828125,30,1,0.222645006801821,0.219657329848346,0.217,0.216032609391709,0.218050619523726,0.223030998839422,0.230224075438888,0.236375601053546,0.240957848346409,0.244273054688689,0.244987503129423,0.245956696665224,0.247413017392095,0.253045191497181,0.261645365877751,0.271609966993751,0.280158269727081,0.287242128190902,0.293671131211547,0.301438151564714,0.3128316717869,0.326337518967677,0.34234999963096,0.357954087610622,0.374532343395523,0.392591341489494,0.416045084437134,0.446350718571702,0.489860597066824,0.546544130466447,0.617837326772672,0.700167568494468,0.792963635633276,0.892540862089386,0.99315548171002,1.08705649010622,1.17177262506353,1.23710363001688,1.27403476500658,1.276,1.23966563196733,1.16679993845461,1.06593972886136,0.946792873822395,0.820082924142496,0.695914063370385,0.585956449667622,0.493748181905959,0.42146016073119,0.36860315846451,0.332942623856924,0.311771770520892,0.301543898884285,0.302176066788741,0.312644415303182,0.331536374207731,0.358990431882553,0.391846733646736,0.427161304572844,0.460631251037648,0.488883384162527,0.50623970342101,0.509112911402952,0.494467977633946,0.461769828555266,0.413307698021164,0.354235754839397,0.289769424662694,0.226925588052173,0.170637102166137,0.124520709680785,0.0888094593929792,0.0634913992421162,0.0467587116228789,0.0350161141193465,0.027897552266008,0.0229560329715964,0.0195577161791791,0.0167033358268138,0.013633760812899,0.0112023906002472,0.00986272424843942,0.00759363513729296,0.00645006621625955,0.00584877952883213,0.0069685111666402,0.00697760465408502,0.00703114175701767,0.00688469707364619,0.00786927412751568,0.00801357607383645,0.00928489987334075,0.0104324820440992,0.0117739348402202,0.0120033546591202,0.0119269681791923,0.0107012793541955,0.00899837721431924,0.00639732803928942
2010-01-01,"L19",0.00048828125,0.000244140625,30,1,0.239310902323833,0.243493532479903,0.245,0.243405015030484,0.240108710521089,0.23703774330254,0.234292390714328,0.230733915054959,0.227114596677369,0.223708954841027,0.223404695290349,0.227753234170035,0.235081914494513,0.243476648945738,0.249607584041235,0.25286863903186,0.251964536535312,0.250926348242695,0.2511974850541,0.254460440412152,0.26114064106175,0.273148882295707,0.28747334658805,0.30748972760291,0.330891525173267,0.358390807419518,0.391629102270447,0.431061438285857,0.480447614059022,0.541294033764558,0.611693402150653,0.690102859901733,0.77514955395457,0.860572744929438,0.944191945015804,1.01990373072079,1.08336441798872,1.12364846045114,1.13379794596672,1.109,1.04741482275572,0.956965770785747,0.849120532844855,0.734469094033913,0.62584334706566,0.531875847265685,0.456712103390211,0.402494746859488,0.367044177229312,0.348289406274813,0.344185334502442,0.352252764065074,0.369545079923901,0.396939100768433,0.431440595501231,0.471892933061677,0.516213701188165,0.561028506211167,0.603588511214955,0.638449360864099,0.661686810921842,0.666511512329118,0.650565844892869,0.610035573483191,0.549246518146807,0.472640279380797,0.388956323949846,0.305957542325561,0.231115700592347,0.169457850723917,0.121129353847203,0.0876871533265532,0.0636365365766863,0.0478932569045319,0.0355782524832735,0.026338374640375,0.0189314208960147,0.0131929636676664,0.0100057665860687,0.00828238138708068,0.00715649581008991,0.00597940695578555,0.00575953159249068,0.00482505373996372,0.0056770889361371,0.00698175207795218,0.00711105729156365,0.00819951224141254,0.0073607433059044,0.00696432510821571,0.00699796081764595,0.00702043633782122,0.00687831198506793,0.00781591951287888,0.00709338570838018,0.0070394513971946,0.00675385939313084,0.00538178606632499,0.00486060966211296
2010-01-01,"L20",0.00048828125,0.0001220703125,30,1,0.239910235046053,0.242005121681584,0.241,0.240953997423366,0.241699671125663,0.244276859761379,0.246839102547102,0.246999508012201,0.246702535284319,0.246317160092858,0.248206812083719,0.253738372477238,0.259793290318275,0.265681279157792,0.269773747284196,0.274182014085061,0.280129855380876,0.28778517161602,0.298068955704827,0.309673024668057,0.321947320012716,0.332968639112032,0.344060317520136,0.354253691828773,0.365428713081486,0.378706737651943,0.3962546315993,0.421119618899394,0.457175043791921,0.505678683712648,0.568401606485069,0.640604224147525,0.717898858900508,0.79349197581149,0.863169718648644,0.92071559239133,0.963222495000421,0.983776890910715,0.977425992503972,0.94,0.873010747179985,0.784423004798855,0.687182494907962,0.592653779272487,0.512976824419363,0.451830388731846,0.412477245522076,0.391454396568425,0.385918630132796,0.393638939984068,0.410071769815627,0.435629867783913,0.470051392283342,0.513417682225837,0.565099463154394,0.623214823435102,0.681952951566121,0.737420857478094,0.783820331890573,0.818531868134994,0.832648110690853,0.822429860812318,0.783099031329206,0.714193641451574,0.620874742878189,0.513275113168489,0.402928054677038,0.302367368873478,0.219744665869026,0.157865113389067,0.115214016824485,0.084543718019975,0.0627865658225983,0.0465012653010308,0.0335734963388801,0.0241186872728806,0.0199659686375583,0.0166451573332515,0.01535462996909,0.0119399641384335,0.00931488872553313,0.00580282033433977,0.00518853372187246,0.00657412156078182,0.00765568103371759,0.00988974973714077,0.0122323715973917,0.0133321849679697,0.014754511798074,0.014289125769366,0.0119043387535671,0.00824245583562924,0.00448165475824389,0.00214888853611074,0.00194772890601248,0.00310357596499272,0.00467514646925617,0.00620321880347088,0.00586354058464801
2010-01-01,"L21",0.00048828125,6.103515625e-05,30,1,0.234341221060114,0.230655874853632,0.228,0.230631207643658,0.234599666293351,0.239816898299684,0.242009873622185,0.240821550822853,0.236866487058875,0.23213825947426,0.230854558642521,0.231889945979264,0.236778066658719,0.242883520286065,0.249050283143718,0.254358348780913,0.258064786042002,0.260119472825012,0.260074498044211,0.259220328167373,0.259849385463436,0.262455274362834,0.270482617548951,0.281110219648063,0.29503811607358,0.309689368972172,0.326933139527759,0.347121848863738,0.373395771133362,0.40627965386228,0.445034464325953,0.48789038194097,0.535294787011892,0.58548377734251,0.63793390465013,0.686009318191439,0.72653279600306,0.750696387275532,0.752972331454115,0.733,0.693631093123808,0.641831795026563,0.587601546944612,0.535401387025259,0.490170378017834,0.454979347043214,0.429653423653239,0.416391262021675,0.414801634547899,0.424946408034875,0.444048895909618,0.474019036893082,0.513186491404827,0.563635801420301,0.622844210137364,0.691328423967049,0.761203941313537,0.826554984699733,0.88263774379701,0.92581679868145,0.948469021840082,0.946860845236086,0.914001533371978,0.848531705963893,0.75582763968735,0.64454185603165,0.5254838849814,0.409411870794099,0.305815368990508,0.221705791956783,0.156064539092329,0.108363470502582,0.0745161134427321,0.0514014213298977,0.0368918976402551,0.0271851664166486,0.0219625306126073,0.0182690468795102,0.0154569755306385,0.0138003821883105,0.0111873273081389,0.00986502281057603,0.00752989772898502,0.00697257095302695,0.00692676709197818,0.00794519525595055,0.00918872440725567,0.0101329509402381,0.00955397667752999,0.00733931147472259,0.00598466457954694,0.00614804801244272,0.00784710829420186,0.0104381173707735,0.0119575242055226,0.0119909927069211,0.0119953037028281,0.0120494358323336,0.0113786546186895
2010-01-01,"L22",0.00048828125,3.0517578125e-05,30,1,0.179591209583172,0.17805636022186,0.179,0.180352548373223,0.182937157416997,0.184827770316023,0.184266812150925,0.180695510905359,0.175619190940076,0.169362410947377,0.163948154654046,0.160144762654567,0.156603842061213,0.154506529594843,0.153892342881047,0.154703652672396,0.158104739547914,0.1642080491008,0.170701758868916,0.178038417226833,0.185386904092461,0.191554099952926,0.197396214048359,0.202226987379219,0.206321018498224,0.209919514381043,0.215014925740212,0.22277424391959,0.235651539511806,0.253527896730683,0.274142835847828,0.298339253894058,0.323220466048135,0.348262503120452,0.371660731728727,0.391969552000216,0.406752465960503,0.41438382877531,0.413949229090189,0.405,0.391440763321995,0.376462295518919,0.364378644103634,0.357453757733708,0.356057027027561,0.359318139695179,0.365830742402494,0.375463470642096,0.387412445759115,0.405895897943272,0.430830030811716,0.463634228474005,0.505028705783548,0.55354459346924,0.608436269410411,0.66805883869088,0.728857574853191,0.783594667333536,0.82618708558555,0.85020559009333,0.849270925388114,0.820874766365751,0.766358933426398,0.686974426472373,0.590816056683252,0.486407699418918,0.383717729035012,0.29171240195187,0.215298573593347,0.157472897094771,0.112646899072222,0.081552949303093,0.0586282605327115,0.0434171351336995,0.0337627358458264,0.0269282425800347,0.0219590377150078,0.0183217885273935,0.0150515142198962,0.0126161977140005,0.0111061934761715,0.00989872900173323,0.00891981078180494,0.00901823085473233,0.00900390006928783,0.0089926971730928,0.00886640235828703,0.00786610023736684,0.00813894378255217,0.00712191929054564,0.0069793273375137,0.00594987123149885,0.00556566123313798,0.00495438318792291,0.00495370854430223,0.00606363669871803,0.00597083774389198,0.00600743548645002,0.00599719017965267
2010-01-01,"L23",NA,NA,30,1,0.127458851870955,0.123503742309971,0.122,0.120702716120877,0.120232998662209,0.122092359925854,0.126427399449525,0.131349360769625,0.135889828552236,0.136713052821662,0.134728410354249,0.130188793075518,0.126609683176626,0.124747368207104,0.125930035758406,0.130202567378835,0.135079651699842,0.13885391827692,0.141146631593308,0.141702357251301,0.141934977850691,0.14424794659276,0.146648639378211,0.149072039870843,0.151563072502724,0.152992376555086,0.153057276898772,0.15498653805289,0.15974105351727,0.169298730694055,0.184928341446727,0.205872026496489,0.230267693305246,0.254567681278702,0.276796042371695,0.293569274726219,0.304353631243052,0.307677339490328,0.303260309828554,0.296,0.286369085947206,0.277842875175704,0.270481642402087,0.266299195726382,0.265036165000957,0.268394416436678,0.277715627394838,0.292310752873155,0.310193673048628,0.332159374043095,0.355573384432198,0.383110409859012,0.413368439958268,0.44497438693847,0.477314208779288,0.50668968836513,0.52989560548648,0.539807297635148,0.534724456380325,0.509376246434482,0.466695454854626,0.409776015346063,0.342399164378498,0.273092041273074,0.209581135594478,0.157047938777174,0.115584197347596,0.0846763270797629,0.0626925969132947,0.0473192394526562,0.0359791517956668,0.0293289311919314,0.024634983625907,0.0219889402948211,0.0188556735459671,0.0156136559898228,0.0129824280858878,0.0119419857071404,0.0120167370649716,0.0120026392310417,0.011986231843824,0.0119514447185811,0.0106702684101469,0.00949734505044274,0.00820062941392085,0.00797650411652071,0.00928747509100908,0.0118356339545955,0.0137581487375221,0.013981878028172,0.0139551783486499,0.0116769018576189,0.0101363076718229,0.00815329392809267,0.0080013118722237,0.00806944915990198,0.00935154160588555,0.0105431014718226,0.0117704387448916
2010-01-01,"L24",NA,NA,30,1,0.112587327953325,0.111063185782523,0.112,0.113167300994192,0.114837758069995,0.11681070566683,0.117000502482191,0.116953844748649,0.115688312990781,0.114477770559141,0.113324568741802,0.111127646251892,0.107543460492308,0.103555567826174,0.0989063556219196,0.0978063363139795,0.100062148328154,0.103898492180209,0.108975648025189,0.112969134367608,0.11758235900463,0.12130471758019,0.125098813785769,0.127746493990483,0.128118643442869,0.127013397993843,0.126933909582581,0.127881776642662,0.132463515564868,0.137996477237356,0.147487692283302,0.157470061484313,0.170240579430706,0.184507344265502,0.198233652453578,0.210209562492968,0.219136951041779,0.223458700164303,0.224113906009291,0.223,0.222054938272516,0.223744497702791,0.227283506126661,0.234884876574018,0.245721517865549,0.2555737819888,0.263802196291079,0.269731844878891,0.274775923987837,0.282194390538285,0.2928298359759,0.307523300670267,0.325176918130623,0.344627594790011,0.3662048118999,0.387081162436365,0.405395679896107,0.416455777765375,0.416366887365944,0.402042139960773,0.374699479889749,0.33496884584338,0.287023269960825,0.234506538557883,0.18295434370373,0.136800298873178,0.0990526628366607,0.0729147302400461,0.0561204000870001,0.0488164008328173,0.0447445834082,0.0421848765152766,0.0372136744585298,0.0298083382240919,0.0229922636196712,0.0177792041148653,0.0139798874023021,0.012581875713841,0.0108911111385322,0.0103550934501214,0.00996554358443297,0.00998324000867834,0.0102259269193316,0.0115381100716749,0.0127590774832994,0.0139222316742616,0.0162383323517069,0.0174579080644521,0.0176901819869127,0.0146540727692488,0.009847645094535,0.00509592998702657,0.00228065360567686,0.00246009262535145,0.00563368822409661,0.0104343688110828,0.0137565175485759,0.0156757636571147,0.0160878104864651
2010-01-01,"M1",0.000244140625,0,30,1,0.16393008395675,0.168646152872732,0.168,0.162939795118736,0.156760920386299,0.15130235034911,0.147326586276367,0.144812132778655,0.142845772353326,0.142984091971708,0.143598002992458,0.145900363270972,0.148346771390498,0.150383742512032,0.152193394909771,0.153858486664213,0.155025350884987,0.156241666122866,0.157467934161824,0.158662104449202,0.159913983156952,0.159874749193707,0.15706365946684,0.153312435058418,0.150337395392067,0.149971780150675,0.152467948170843,0.156907288486747,0.162647406346744,0.166595686584788,0.169109518669902,0.171657597163959,0.176170439486002,0.183768137835241,0.193445331467944,0.201934061141019,0.210263288566795,0.216983522416458,0.222228465738939,0.226,0.2298009777922,0.234927390844488,0.24302267080749,0.253612826740244,0.268001248071193,0.281356952447723,0.294370091846757,0.305542571361573,0.317491936682398,0.331079722118429,0.349568488529801,0.3756735792063,0.410081229087688,0.452344653465209,0.500137302052917,0.553656078811133,0.609860447796962,0.6687244544718,0.726083372045291,0.779650452988226,0.82309161246762,0.853148011193787,0.863051161588083,0.847807524737716,0.805275189162547,0.736099573517625,0.645019429825355,0.54172894212793,0.43744108458055,0.340340641038132,0.255898895213334,0.187577186493329,0.135624760056212,0.0984265684446107,0.0713336318122699,0.053370352930928,0.0408971940243212,0.0327764817017923,0.0272072634970642,0.0222897876160544,0.0183739834629173,0.0147324183823999,0.0112402789690362,0.00952112378911092,0.00749775091882756,0.00604815771522844,0.00497444173466338,0.00459354312044717,0.00444063633878249,0.00583574711330505,0.00703735713156898,0.00825477737322394,0.00944761656217306,0.0107438826051661,0.0110559579420266,0.00986950765708893,0.00867643214153412,0.00744976607521745,0.00623225656113683
2010-01-01,"M2",0.000244140625,0,30,1,0.15982570031241,0.162629544284564,0.164,0.162518903013385,0.157983175000179,0.15167412893257,0.146490263020767,0.14283940663518,0.141913255912101,0.142421985077218,0.143825001414787,0.144002545660744,0.143934490517495,0.142260755040271,0.140222523446248,0.140020841848237,0.140029874113036,0.142294169852103,0.143985960107737,0.145027725582708,0.145904771108601,0.145968669714873,0.14621732465122,0.147928988701768,0.151279846245185,0.154901479289443,0.160900156850429,0.165333133248929,0.167992279101544,0.166391274162997,0.163904604412337,0.163023963534337,0.165549805296005,0.172695488045596,0.183292799271114,0.195279292436107,0.205915551471826,0.215255160860432,0.221940181516202,0.228,0.231617082064736,0.235330546418962,0.238960509256522,0.24256926575737,0.247437603026936,0.255063089342578,0.263968029014182,0.275032100003031,0.290308515367306,0.308678184404101,0.330463623095515,0.358010858114658,0.389821900168357,0.42614112344194,0.466576104128133,0.513801263012718,0.568714508003171,0.628496935558919,0.690685970347245,0.751664541524196,0.802152143054124,0.835782039832281,0.847997989038013,0.835125721808065,0.795796559267346,0.731514939666345,0.646291222914053,0.546846151698336,0.443278915753406,0.344923278524504,0.258438459065824,0.188665652473797,0.134285089908556,0.0950566534007591,0.0662911183205019,0.0457230017616048,0.0318928231474101,0.0237772778399318,0.0183885773600762,0.0162715476241556,0.0150925603940513,0.0150233263204238,0.0147749358840547,0.0134336631664032,0.0123480859005004,0.0101048380979077,0.00766795881577099,0.00517476147146251,0.00326959049428875,0.00292953842549895,0.00405883596560388,0.00655509925388221,0.00861411260763698,0.00903880994701332,0.0090009045145752,0.00902493150312543,0.00868286215762393,0.00798965703549857,0.00682841290937889
2010-01-01,"M3",0.000244140625,0,30,1,0.150232639645114,0.149998515818681,0.15,0.151228628200386,0.152513075448487,0.153006082563369,0.153118980008937,0.15087793596974,0.149429367466363,0.147821213958927,0.148002839558869,0.148026574671889,0.146923901629191,0.147045850489224,0.146909082745443,0.147787721320939,0.149022704924208,0.15027661136539,0.151151435920083,0.150384887009895,0.149071462277567,0.149064161353713,0.150531048083195,0.153605570146626,0.156710933035393,0.157006086500743,0.157021430798395,0.156893986659935,0.157965267435113,0.162279381647145,0.168330788112761,0.175809953840362,0.184434190582933,0.192944161918821,0.201493833394513,0.209956026456821,0.218196667027653,0.225483793725216,0.232035788405184,0.237,0.241594742214847,0.243768295051067,0.246877368694391,0.251300404312954,0.259664742920927,0.269606401729112,0.281220746727,0.292570539720543,0.304485662529797,0.317982023027926,0.335033755504877,0.357044908180735,0.383398884242431,0.41708968743278,0.456524454890052,0.503643163965089,0.555216221368975,0.609021146333083,0.665007652304455,0.719606554486505,0.768699840810588,0.80631903019386,0.825842456356139,0.82157950053467,0.78999723982738,0.731801874067553,0.650827412420791,0.554946601004143,0.452918792875593,0.355168982178594,0.266822289941215,0.193859118759304,0.138283748646698,0.098925207083519,0.071382998979955,0.0525540223478451,0.0399007420001123,0.0316422772076815,0.024596208895135,0.0198648199466222,0.0171862791349285,0.0158695389653446,0.0134291857037573,0.010429930787985,0.00746200496447146,0.00511059866446415,0.00284993711415815,0.00334977194030329,0.00458237225967995,0.00588076170859546,0.005995205072007,0.00601068586172913,0.00596584631972224,0.0061338966568793,0.00501987185436289,0.00607904767714697,0.00596377548408163,0.00600923614744593,0.00599650972196655
2010-01-01,"M4",0,0.000244140625,30,1,0.193822941016809,0.192299930829006,0.19,0.189910316312108,0.18842945098264,0.188062651668563,0.187091645090599,0.186956518468433,0.185832349591864,0.186512680932116,0.187554633321986,0.190867964858046,0.193388617363881,0.197186587914608,0.200688609896407,0.205274019001754,0.210118927255097,0.217640024441167,0.226589615990095,0.236942961680784,0.248882970573325,0.261075074860346,0.273570210330201,0.286864433527646,0.301571042253671,0.320566575373767,0.345448668265136,0.377185405638537,0.415033129419649,0.45892633560445,0.507561659957815,0.562942176303571,0.62889909908404,0.705328910027952,0.790673242257161,0.881158577906836,0.973383345723068,1.05899867478116,1.13021347412564,1.181,1.20521086154386,1.19916338390364,1.16287643536621,1.09786928137186,1.00702482649561,0.897884949366116,0.776907652223826,0.65313511017073,0.534492675535809,0.429326075498228,0.341423363429091,0.270995266710768,0.218698437564224,0.179016257414246,0.152253352431678,0.13228752701034,0.120154940837011,0.113344495142428,0.112013548768174,0.11404022707719,0.119689497047977,0.12593517230224,0.129941338889502,0.132227471401921,0.130856221620566,0.123414223127628,0.11088475797976,0.0951213787736156,0.0769530409615446,0.0606100035463767,0.0452287909258747,0.0336207891891489,0.0240912310742406,0.0185315674439192,0.0141193219816581,0.0114157176527526,0.00898417937010915,0.00757668028819918,0.00582988441601046,0.00592441186905916,0.00691163865710628,0.00704438748136429,0.0081816102099289,0.00742200740202531,0.00702600578346003,0.00605840048597079,0.00484210516157786,0.00354593953716092,0.00293362563689262,0.00300952493909125,0.00300222070275931,0.00294025586778855,0.00348483599061943,0.0039561499586229,0.00493606867681473,0.00506717989952283,0.00617569913891167,0.00546191007613651,0.00480049913961792
2010-01-01,"M5",0,0.000244140625,30,1,0.160390887133963,0.15330740700859,0.146,0.136019801677879,0.125404874999406,0.116248168276167,0.11033454510513,0.108991285180226,0.111025779611562,0.118899020830127,0.129417044105438,0.142439361278379,0.157021962444635,0.17267489454094,0.186788191621236,0.198405781202062,0.209210829726395,0.218729717421229,0.227554758421296,0.237986138192931,0.249806734705354,0.264394010357945,0.280437812030527,0.298549183603001,0.31807103315057,0.338558877743079,0.361762731820673,0.386736240226124,0.417747966030153,0.457200794171873,0.505622734495548,0.563990800374199,0.633972714306676,0.713447180329269,0.801546165269421,0.894453690387933,0.988802721912661,1.07564330850636,1.14723184548535,1.198,1.22101056545082,1.21335150350527,1.17465469622758,1.10627181944154,1.01169098613549,0.898178163068176,0.774232035562384,0.648989328326001,0.530490777136676,0.425182107259673,0.336432979183588,0.265013544427522,0.209888135094873,0.169993452391452,0.142372703421498,0.123326978818488,0.111839737216025,0.105373681491149,0.104047346640845,0.105605145366909,0.108067763691088,0.110676810646422,0.111001868728625,0.110808724414962,0.107539765263408,0.10159787393549,0.0915153538545433,0.0793071210610169,0.064891479364503,0.0511548882669288,0.0376544742534969,0.0275543274250607,0.0191521288697283,0.0135167773602236,0.00907187048454732,0.00707717306724375,0.00700096066251955,0.00698806686996208,0.0070685864879402,0.00642053155038024,0.00507543522727742,0.0050124177405981,0.0049416945419493,0.00545413844252925,0.0067314404821519,0.00796642661676603,0.00786430183004179,0.00668218629122075,0.00478782748953368,0.00315559207143341,0.0019744325391768,0.00225239202902546,0.00302533317400729,0.00359158659482559,0.00494488001969457,0.00496409560833346,0.00530451830833439,0.00611003740043529,0.00592858540826924
2010-01-01,"M6",0,0.000244140625,30,1,0.200082731402004,0.201811224698827,0.203,0.202784448524988,0.201977127232005,0.201408994119533,0.200181391190551,0.197826625133672,0.195326706147223,0.193821961663181,0.194488549527757,0.198769487539742,0.204884210416779,0.212361156058768,0.219021744736675,0.225159922045739,0.230103636142199,0.236380172800908,0.244131827746573,0.253258609828335,0.264011110272844,0.27506189822284,0.287166296251608,0.300778202216708,0.317404266441425,0.337540146290631,0.361936373085002,0.388425008579769,0.422138081895118,0.462954080421417,0.514834927722549,0.576489229687146,0.64980296967787,0.733732355729827,0.824402509882038,0.919680223444608,1.01704394036002,1.10918236927331,1.19003946638608,1.254,1.29434554617197,1.30720492050364,1.2898022522782,1.24131665829324,1.16158656570417,1.05789738509213,0.936901100700704,0.806996219286966,0.678022983540823,0.556762913711433,0.449202965039705,0.356661598220093,0.282543820722366,0.225519873069799,0.183701516706237,0.153929362703039,0.133835126188785,0.121773922575865,0.115701762650413,0.115379296884498,0.119024175844337,0.124728925712315,0.13090036438819,0.134489704481712,0.13606091176871,0.132254576784472,0.12353200490445,0.109182690262238,0.0918994986562539,0.0736581909626077,0.0558515121795935,0.0417039025912192,0.0321275147389125,0.0264616916248866,0.022610329456798,0.0212603836321441,0.0189738252010719,0.0165818749441934,0.0140247120512286,0.0123797948378066,0.0102578476981216,0.00898899687203189,0.00879331276290119,0.00744249783469716,0.00629742431679222,0.00501933851702817,0.00489028594174162,0.00379420551924255,0.00466818534973791,0.00495352385656048,0.00602370431993227,0.00595580912651297,0.006110608003095,0.00525891536343477,0.00503203502135077,0.00392750252720832,0.00409322596664924,0.00348293822130388,0.00279255274491261
2010-01-01,"M7",0.000244140625,1,30,1,0.244143332019838,0.253055587811286,0.265,0.276738664079988,0.282077746730881,0.279904222215152,0.271330055794642,0.256890656699118,0.241441300897769,0.226743211169313,0.213469036943638,0.203340081742364,0.196189579954723,0.190027074678861,0.184898366582369,0.183689686919786,0.189193984654482,0.203646726003461,0.226367063784608,0.253810014414159,0.286678818425669,0.326889305016214,0.375143488051852,0.432498811936087,0.497138129680909,0.568520468613761,0.644299222700474,0.724143802622892,0.811398120924715,0.90685392402222,1.01251053537821,1.12869680007449,1.2552761191159,1.38669856647547,1.5127672461278,1.62799693157475,1.72876243187821,1.81355564884195,1.88128113216674,1.935,1.97160087713645,1.99423653635498,2.00024748950422,1.99014461942995,1.96243995304391,1.9154357414058,1.84908322840271,1.7627321686685,1.65660253711337,1.53535500479076,1.40225396631483,1.2597363690257,1.11400792590963,0.968732601027818,0.829328326981982,0.695465278333092,0.571993211042477,0.463137025767661,0.367031159427486,0.288260522516283,0.22338927154171,0.173395575620144,0.13468855826911,0.104904770316085,0.083018967139718,0.065597551014731,0.0515253570315475,0.0415043976824512,0.0323574720682944,0.02660866718738,0.0209101933450305,0.01818047356424,0.0147510159845641,0.0133662612744472,0.0113545449330805,0.0101276739982547,0.00999400962139777,0.00890481602859408,0.00902840237589265,0.00900007319483104,0.00898738007769876,0.00895465793260442,0.00762228194501449,0.0069211694172631,0.00703853421315561,0.00697111226428454,0.0080775733648466,0.00797709680217907,0.00797569444331982,0.0080858602632369,0.00698327293767238,0.00685237351881337,0.00550302346365281,0.0043438548924112,0.00305720535057546,0.00301878760887681,0.00293138720214433,0.00351078617085636,0.00420981876510473
2010-01-01,"M8",0.000244140625,0.5,30,1,0.24560941465599,0.244853005370429,0.247,0.253283261925459,0.260802176859085,0.270752014278195,0.281047334596521,0.288440230112162,0.292397625695311,0.290844826620742,0.284796726075593,0.27720822818337,0.27491474963595,0.277956134063524,0.289243727366879,0.304549754951715,0.321354404029621,0.339650939287714,0.358240238065534,0.37885909871341,0.402798999584991,0.427322769042803,0.454244758011437,0.48159944179152,0.513715350098563,0.554064892465077,0.608901002619762,0.680438142041441,0.770446022716861,0.876396672597056,0.993057741643846,1.11798721002997,1.24639636999063,1.37303833341186,1.49593369132089,1.60787502570077,1.7104887198798,1.79768770936102,1.8674087742214,1.918,1.95048621279079,1.96585235700615,1.96641977440371,1.95343012474395,1.92217951609791,1.87134826362592,1.79958919176424,1.70692254723062,1.59672238448057,1.47320013283462,1.34067503466711,1.19871066923157,1.05383545489513,0.908709485370834,0.769879767967565,0.639657314176021,0.52206194461713,0.419510507748843,0.331703493586317,0.258811108449316,0.200342565135026,0.154660702920368,0.120593912896085,0.0943240309630685,0.0749362024209858,0.0591420866642456,0.0473343320227131,0.0375744528518645,0.0305326846584698,0.0249374215636471,0.0207219869318585,0.0181898094217689,0.0147522835856378,0.0133866703305917,0.0112412669053733,0.0109770272638197,0.0109991480607759,0.011049216439041,0.0105593729316489,0.00997950734847101,0.00922950489555902,0.0068754662846655,0.00566384693815307,0.0049465626345979,0.0049032530109152,0.00597520559888563,0.00614212754723807,0.00681959115034234,0.00535456328446504,0.0042053193822465,0.00298314383541361,0.00301763782790346,0.00301431161713771,0.00291838464194647,0.00388650728594872,0.00511243468380929,0.00638302215454738,0.00709002131242657,0.00693614935337745
2010-01-01,"M9",0.000244140625,0.25,30,1,0.270341365288565,0.266070421573399,0.259,0.253177730797098,0.250242454851591,0.25101241306651,0.255336958149681,0.262549888197001,0.26931470223316,0.27388160734895,0.274506880396759,0.271253803008777,0.261529854551483,0.248427383178763,0.231443294073705,0.216788363697499,0.206864375523644,0.203993782710115,0.208991248931244,0.222644053676773,0.247177871163491,0.283745441083293,0.332699788833222,0.392558491222285,0.459820413557446,0.531513735947861,0.60843945339851,0.687701282253277,0.774438364669685,0.868969000507479,0.974481941841609,1.08952772137722,1.21682327351885,1.34898413876264,1.48130801618979,1.60408284836025,1.71527372540923,1.80624465782111,1.87495710817917,1.923,1.95191972064855,1.96531982362832,1.96495119136632,1.94887594047439,1.91393454052467,1.85934053862158,1.78483013291386,1.69190981208655,1.58171519617367,1.45805665630935,1.32465145286987,1.18211215804748,1.03681287007367,0.89172818709841,0.754104609047236,0.625488362795649,0.510474300702101,0.410234003895163,0.325978863787136,0.255455227687356,0.199369400875209,0.156452888197212,0.121602133248045,0.0964524796539183,0.0768100680045404,0.0617985296361481,0.0503653568141173,0.0405767155991,0.0335332117361361,0.0279231545180411,0.0237792308505726,0.0211053991639921,0.0198628666820038,0.0186817550694975,0.0170368415194612,0.0135626186276741,0.0109725940467248,0.0072395532915751,0.00444568831818717,0.0031767820321978,0.00388759116726072,0.00403018955901785,0.00538685189820874,0.0060765316382712,0.00596187208020305,0.00602882838979101,0.00492165012119654,0.00502972186725326,0.00499168999389888,0.00500691865131538,0.00500694715387276,0.00476765508746288,0.00398667753228453,0.0033338700549184,0.0029288388401145,0.00406325435557753,0.00391100979914103,0.00451598178752458,0.0052078553764913
2010-01-01,"M10",0.000244140625,0.125,30,1,0.240858673779744,0.242254773333697,0.248,0.252961202977289,0.256578738192063,0.253867955221506,0.245277551627348,0.231965504969809,0.21596697366208,0.19882013095765,0.181730163651922,0.165573753526306,0.153753665960135,0.148174107476268,0.152710606125463,0.170271843083151,0.199690317391756,0.238191633884766,0.282521968136254,0.328120810808642,0.372060684482395,0.41465113556847,0.453239996285954,0.490889642821948,0.528114256560433,0.571063440652534,0.621755629409373,0.684303861418655,0.763977350602887,0.858632334650238,0.967696218061345,1.08581462611195,1.21213226232648,1.33977112281966,1.46379342228223,1.57924585123327,1.6838614344478,1.77241486552405,1.84170304760395,1.891,1.92221596459981,1.93685276858652,1.93651676007626,1.91814644159841,1.88073922257394,1.82200015079247,1.74079377158565,1.64041160311441,1.52398029470399,1.39311638381496,1.25394760739463,1.10786957835477,0.959972539912756,0.816862736571632,0.683951437319064,0.561607812019276,0.454463370427803,0.363426850176694,0.286685664690087,0.224590570321124,0.175257534339671,0.137482621787593,0.107525922355893,0.0847644759966615,0.0680507091647328,0.0561408346633822,0.047011596112335,0.039639449627171,0.0322949538299886,0.0254203904795785,0.0200968591411428,0.0161439368098588,0.0148528070898269,0.0139610437112674,0.0135474540892303,0.0121069253333472,0.0119952120564434,0.0107700873645281,0.00947650651448901,0.00902285151578381,0.00816009482889954,0.0069180882147061,0.00568934936484777,0.00449850437561429,0.00317867636397688,0.00300027144829665,0.00312467470311364,0.00417682225820547,0.00344957434450046,0.00216861031820992,0.000953041436119781,9.41413515530125e-05,0.00152480863797689,0.00259867709157369,0.00477868970628359,0.00716175588799251,0.00836042014003496,0.00909578413722406,0.0089339716206248
2010-01-01,"M11",0.000244140625,0.0625,30,1,0.235816403790555,0.238645891534658,0.24,0.239861351499753,0.238283485043837,0.235062485750411,0.232156375227707,0.232081863622524,0.235128696971232,0.2427579373138,0.254251004404241,0.266518019384986,0.278574746406788,0.290813300583861,0.30282695537672,0.316683397951951,0.332309061013919,0.348523024735679,0.366896073543365,0.386209303959949,0.408814673225193,0.434423318600096,0.463048546951979,0.494305869143577,0.529420264334914,0.569137539732734,0.615847615534562,0.670426707865189,0.738142212909655,0.820975695429056,0.92030633061355,1.0326928693425,1.15454242705761,1.27920647510166,1.40190447688855,1.5151125785879,1.62010139723174,1.71060514337777,1.7814579385993,1.832,1.85933972210147,1.86614571485327,1.85514558733381,1.82799060945199,1.78439090982147,1.72277161500974,1.64193242916156,1.54071096169523,1.42303362644439,1.29105487538569,1.15195355448592,1.00616282902182,0.862094697953714,0.725047022676408,0.599988079352263,0.4883619210941,0.391620637660616,0.310584555427531,0.24359149161925,0.1909171721025,0.150570511712535,0.122544664094113,0.102341892089289,0.088108546760626,0.0772334773688395,0.0669461214390872,0.0572019007958606,0.0485421590812917,0.0388625503483981,0.0313754693114712,0.0260834774256481,0.0221755408053521,0.0196914205643111,0.0176259047905288,0.015914990429171,0.0134926595500007,0.00996836569679274,0.00756111554968357,0.00539632060985908,0.00495941128029182,0.00500271394562336,0.0049960524868157,0.00506658921382559,0.00446598354208959,0.00396342158178383,0.00398004257889333,0.00518937499301226,0.00637807528049024,0.00760244907196742,0.00880423236497184,0.0100222343872955,0.00980419522714255,0.00851991182133698,0.00732711930770316,0.0060837501864175,0.00478748967897354,0.00257635987617913,0.00142704303301134,0.00084350735862436
2010-01-01,"M12",0.000244140625,0.03125,30,1,0.146566579870825,0.134242936873593,0.122,0.115133082190888,0.115379791306848,0.124802021701617,0.142627813929298,0.165775355687046,0.192326279610023,0.217037106273866,0.238056802455688,0.253525570998946,0.263140323929958,0.27132846241285,0.278899128789604,0.289930692614002,0.305336959076711,0.322324549499065,0.340380235274214,0.35902911050302,0.379096041364998,0.399893855430829,0.42237424744056,0.447680077136641,0.475932436753778,0.508280035360398,0.547558083385155,0.59362562094778,0.652413824055352,0.723578065064908,0.810642516539633,0.910373181425376,1.02542901331115,1.15086863575982,1.28117799255683,1.4099141509756,1.53073852862812,1.63652336902635,1.72200909090595,1.785,1.82565131126442,1.84430495135616,1.8425165165529,1.81889410263899,1.77410382373839,1.70592452423028,1.61807901584008,1.51250721271338,1.39111318695805,1.25905884515734,1.12045770168056,0.977926294305995,0.837554045730731,0.70416233842446,0.582514468269867,0.473593474763367,0.381235145026629,0.306036467791505,0.245191039744762,0.200068186197897,0.165524544166573,0.140051263136109,0.122303934490425,0.109263417409677,0.0999004973229184,0.0928604064781876,0.0859206935100539,0.0796799022788276,0.0721083934255163,0.0635815686867039,0.0550449290972712,0.0465190445727722,0.038049070049713,0.0311909232891067,0.0250785489322745,0.0197423971805063,0.0159708618802603,0.0135862051122058,0.0110613076014254,0.00920855472874266,0.00896499163577839,0.00893166906432423,0.0079676965748012,0.00746839999365057,0.00704497761619107,0.0060299420332256,0.00591337085015003,0.00458351037954847,0.00340564552533831,0.00219468220994192,0.000977583510830971,0.0012003148223922,0.00245111520560524,0.0037917203790351,0.0039632578461648,0.0050650848436529,0.0049789981084743,0.00495711642251062,0.0056188693282498
2010-01-01,"M13",0.000244140625,0.015625,30,1,0.218956861474615,0.22744539994786,0.236,0.243189040253137,0.248804250349726,0.253567688576792,0.258467409802974,0.263349939437539,0.267977946502211,0.27123840431362,0.272100993734697,0.271976496377421,0.273204419023144,0.276557891475038,0.283934951948674,0.29428556109724,0.305196769613324,0.313382598417396,0.318863422709426,0.324177522385991,0.332120643515747,0.344418822840361,0.365847574171208,0.397243811001043,0.44063638151207,0.497715397637701,0.567860882214066,0.64742069521076,0.736132031434613,0.831863171292126,0.937482370956393,1.05235074943238,1.17827017632568,1.30944462381466,1.4385472089027,1.55623720405761,1.65702899736552,1.73364029978614,1.78296810653543,1.806,1.80528830632156,1.78419929208856,1.74355696180147,1.68286115083772,1.60273139970119,1.50176292835245,1.38419326568601,1.25430951177501,1.11372030321673,0.971242859739933,0.832228402445017,0.698693414544113,0.57703736104439,0.470040916244567,0.380331545442339,0.307602786297002,0.250547150055675,0.208187937358542,0.176501046173392,0.153790284506711,0.139207189176855,0.128625795281735,0.122126595125036,0.114857879071548,0.106907765775954,0.0964570618373469,0.08466495345791,0.0713124799233096,0.0581717678940987,0.0460091810988378,0.0351934319155481,0.0264507268542425,0.020375561388894,0.0158061199408387,0.0128225373370621,0.0103457699467639,0.00898735491112135,0.00797166657243695,0.00758948904635238,0.00694803983770202,0.00694583119390923,0.00806479759953693,0.00767953723392035,0.00701089649830944,0.0062458291321313,0.00599047098611467,0.00599150433899971,0.00602505103932575,0.00589024987098519,0.0068564239955026,0.00699930308926946,0.00683065719724234,0.0055227438874722,0.0042844735061436,0.00316445556287162,0.000918081476627494,0.000689472252653828,0.000384786822048996,0.00128726526982737
2010-01-01,"M14",0.000244140625,0.0078125,30,1,0.218085000095949,0.218490445834199,0.224,0.234106257327857,0.246213087537215,0.255155139511018,0.260587371756961,0.26312241179362,0.264006190430655,0.264618304339658,0.269518378133039,0.27665366035878,0.287673238718101,0.301107621977689,0.315183362089521,0.329020977209689,0.342255169757447,0.354397097950786,0.366898205625162,0.381921679388175,0.403718414399537,0.431877360264603,0.466411705963425,0.503161853731381,0.542051626896907,0.584095312516268,0.631931272346158,0.686047276593058,0.752722327516593,0.831789230884908,0.923895954301039,1.02794146063303,1.14323538963943,1.26531022557614,1.38787267111588,1.50083945970754,1.59982662669521,1.67724144269242,1.72705425275712,1.749,1.74430600801197,1.71403396909606,1.66118767306904,1.58648631818145,1.49286869600088,1.38169960094395,1.25737641880874,1.12355941118224,0.98357229086149,0.847267196985397,0.717890928476893,0.599831802069161,0.49630366757792,0.407616304255216,0.336819548245869,0.278755839307116,0.235216067108723,0.204249927251277,0.183525788119433,0.171326118333743,0.164472898073611,0.161413527624716,0.159056852817716,0.155191883694647,0.148351549533908,0.138483709726645,0.126779044210496,0.111183813517778,0.095431353994714,0.07953234154121,0.0650453057464048,0.0527137435009508,0.0418965686910515,0.0334708907218965,0.0258869380448347,0.0208460527277011,0.0159614938624653,0.0137870939432346,0.0122150921339133,0.0096646783257753,0.0072635291700725,0.00481560309786009,0.00262298667923842,0.00143717542990513,0.000871132375782084,0.00194626757378746,0.00316811239751229,0.00438602987391559,0.00560074905702608,0.00680452791549302,0.00802235135424169,0.00780078491619416,0.00654198385054094,0.00523655609564711,0.00498486233199922,0.0049964238934656,0.00500163879234352,0.00499958215790234,0.00500015789971993
2010-01-01,"M15",0.000244140625,0.00390625,30,1,0.302997608489293,0.301687415762581,0.306,0.316101526217832,0.328478374989367,0.339420252385179,0.347286689640159,0.352167195921353,0.353438930904395,0.35624363564313,0.36229489876137,0.36967593142311,0.377839566387359,0.382229255427063,0.385166454451315,0.388984310440197,0.398229095092981,0.412394613057463,0.431064757693418,0.448705457199191,0.462901959782643,0.473841116331055,0.482283243091163,0.490910297513812,0.50485821832691,0.531300994381524,0.576848628836914,0.647099533978874,0.74278522331939,0.859570166495529,0.990727732405614,1.1275429784916,1.26553337358596,1.39356112018243,1.50415761752078,1.5878573348626,1.64237286897893,1.66108806837625,1.64392722029898,1.591,1.51080927081862,1.40993769629347,1.30135325682768,1.19437810798961,1.09662196708891,1.01584012640726,0.95817980474604,0.925120288800598,0.91493642966891,0.926845785007982,0.957403970669664,1.00616100749194,1.07108123893693,1.14844468384436,1.2318264772576,1.31259269529734,1.37794355481979,1.41707901748409,1.42060732879015,1.38317874462355,1.30600044285611,1.1953688856481,1.05795459903541,0.904817297852989,0.746585039455532,0.596615811055209,0.462027740696392,0.348892423313162,0.259852632280951,0.193350575331569,0.142100128976657,0.104889589601649,0.0770693335692545,0.0569512297048122,0.0429190870544636,0.0332227365471027,0.0269397419919546,0.0210692660337025,0.0161175783958255,0.0125790556221726,0.0102316816355972,0.00894953154725005,0.00944537271017045,0.0121748638955214,0.0137498667283167,0.0149750010125281,0.0150367976429773,0.0144077147585919,0.0117705964817946,0.00936639877568017,0.00692288145406883,0.00463294858862035,0.0038870435569958,0.00455281946664663,0.00679896031597083,0.00927881886175214,0.0111475439314478,0.0110588576339723,0.00977243027060005
2010-01-01,"M16",0.000244140625,0.001953125,30,1,0.186409677860193,0.176841888622502,0.166,0.156695236482926,0.151066925892182,0.147982911275957,0.149557405796114,0.15555637421051,0.165946400611161,0.180385704018451,0.197929467680337,0.216241022006169,0.235314575553852,0.25253732417293,0.271000476684638,0.289227090797917,0.30840733476951,0.328966169860682,0.348704137661699,0.370141852690916,0.391944390974816,0.41628157439325,0.441951293292612,0.46733582128019,0.493449819142767,0.523325543898286,0.561746897569567,0.610641776743332,0.674786531479784,0.754687617425937,0.845772064972121,0.945667608066024,1.05210199994136,1.1622747043824,1.27257631317901,1.37474223191058,1.46389074694152,1.52872027178383,1.56161077731928,1.561,1.5263972210876,1.46138699228965,1.37261434799918,1.26308935058599,1.13890673042376,1.00540345183137,0.871651015987057,0.742281972368195,0.62255383217495,0.516281837519475,0.428263949981934,0.355392844904746,0.299012735817453,0.258999369400746,0.231349814983368,0.215479959054853,0.209410926235504,0.210612258849631,0.216762985374711,0.226730991563423,0.235986037433371,0.243168560069751,0.244061188309983,0.237446138133559,0.223367170125154,0.202054684704496,0.173939224518556,0.143459316441258,0.113343182352106,0.0868848186963481,0.064682460230092,0.0468921107713433,0.0348170035566737,0.0271516316844903,0.0209939818220457,0.0165406353671769,0.0129594930388526,0.00964098472526438,0.00862339893590703,0.00724757954190762,0.00698430907405005,0.00701382898028062,0.00672693663770418,0.00590208016837662,0.00601545424767146,0.00599949273928994,0.00600195749490728,0.00597914556255903,0.00610049783014028,0.00516854361353352,0.00502858834688538,0.00614943447879631,0.00550308021839006,0.00499213640033134,0.00416683961985772,0.00180637041714693,0.000899895884378631,0.00142233865764678,0.00344857031096211
2010-01-01,"M17",0.000244140625,0.0009765625,30,1,0.233037688865534,0.232403239823806,0.229,0.225265669035977,0.22255729480709,0.224656535112328,0.230258126240934,0.237557877323082,0.246112716075505,0.254122491867264,0.261474749218792,0.267745158662414,0.274993287012062,0.28195625678761,0.288036187537842,0.293356007287614,0.297061748775069,0.299272779326161,0.300760677504885,0.303962716374869,0.308422515304406,0.316862391402621,0.329019341497075,0.348657620705965,0.376190626516335,0.415108976720969,0.464648527820889,0.525243451286353,0.596811531066358,0.677825527536223,0.767709941791991,0.866408533026332,0.971568772183074,1.08074171727386,1.18780059172886,1.28619976629268,1.36887922673402,1.42569313920075,1.45034625838281,1.438,1.39107444253119,1.31250310456057,1.21080811974025,1.09195066350609,0.96177794706733,0.830000528228906,0.702698484317586,0.586654662139013,0.486631505944904,0.404844400395807,0.344229385514361,0.300283963009222,0.271119903724935,0.255704952556301,0.250705451434854,0.254504588061882,0.266863689629943,0.283423702876793,0.301704362432107,0.31925043737997,0.332902379013946,0.341310354361995,0.341117216484061,0.329437232152253,0.306994230778633,0.273220460316154,0.231750349054089,0.186747088913749,0.143438757467593,0.105728264970188,0.0752225217662165,0.0521318739350669,0.0363504219216858,0.0255669476668043,0.0189742670843886,0.0145032014406806,0.0119826548241862,0.0107984216230249,0.00955529161370437,0.00834295303465935,0.00712876878224334,0.00590072831527344,0.00493042816057416,0.00494686974653962,0.00566404591551921,0.00697563496680617,0.00698664334125487,0.00698766922376525,0.00708533854714136,0.00620846687065287,0.00495948404865471,0.00392024312841275,0.00402183290203107,0.00399851777630221,0.00399574266930641,0.0039703991258288,0.00436163280618324,0.00460218294561565,0.00371765876738154
2010-01-01,"M18",0.000244140625,0.00048828125,30,1,0.223500489655274,0.228098239703947,0.233,0.237897984990801,0.242528603673161,0.244765231606894,0.245165750906202,0.241705383555117,0.238349114753687,0.23615557136465,0.237833669272363,0.244642817057084,0.255677464260278,0.268952794866163,0.280470358053623,0.290661021060177,0.298113746978615,0.30296577371461,0.307731968935416,0.313876398105096,0.322163885965787,0.333179204198707,0.348391968408522,0.366753001050089,0.390481577136112,0.420349954496899,0.454720070662762,0.493572812948581,0.538686051472428,0.591393704924202,0.654369252201142,0.726901163739573,0.811190581002563,0.906111742674443,1.00692767743951,1.10687105599529,1.20102670522297,1.27937153479565,1.33022644896566,1.349,1.32854028585391,1.2709769567483,1.18152837546835,1.06856337692187,0.940876054673029,0.810498251627215,0.68599484430345,0.575370779362027,0.480380279768984,0.407103837858469,0.354684183982008,0.320911302127243,0.305837210969564,0.306199165008036,0.318111620140727,0.339053500242134,0.367854449792086,0.399919720050878,0.436404830687598,0.474045677527204,0.509507758417106,0.536822122797995,0.552853934908114,0.550531512907263,0.531204731597266,0.493055528354873,0.439821852685731,0.375592473687095,0.306048969453347,0.238089191912354,0.176916862197782,0.127586676179791,0.0901738146221812,0.0646636707404594,0.0482219065323344,0.0374643273318568,0.0299340479001588,0.0240781447029139,0.0191836330578556,0.014982946742349,0.0113488090572988,0.00882873612189748,0.00657175322148824,0.00584594064323857,0.00676961335708334,0.00701659383714925,0.0071516854743728,0.008019199734495,0.00861410045755141,0.00897970147019881,0.0100470118803036,0.011102099140316,0.0106766369197272,0.00866666770337347,0.00621152248468781,0.00388665389467183,0.00423764854459638,0.00601719431002803,0.00859678758633319
2010-01-01,"M19",0.000244140625,0.000244140625,30,1,0.216336088900562,0.215340833419918,0.213,0.212993291879356,0.213521506275677,0.217567391297877,0.221664041714558,0.224111260288607,0.225331580746792,0.226033787946221,0.226559242683687,0.229795572032544,0.237291512703551,0.248405130232238,0.259835579563718,0.272353273522019,0.281140551076153,0.286910322449305,0.289914292779793,0.292897929639288,0.29750007709448,0.30354015688858,0.309902705301673,0.317373780541101,0.32969227929423,0.348529560596116,0.377055842484324,0.415302324456782,0.465586354155832,0.526205701998125,0.597723215662164,0.676176136105726,0.76347507155963,0.852739435748937,0.939141484471484,1.01219505217896,1.06406929268388,1.08423205541724,1.06870254119693,1.017,0.934319610661268,0.831010798361538,0.720613319003342,0.613225837038743,0.518973903928418,0.442714956233122,0.3862056571889,0.348141166301935,0.32655220387616,0.318544026255852,0.320561052714514,0.331520768756084,0.350502195739456,0.376876348340381,0.408923190939699,0.447113164375224,0.487616089347481,0.526682681105801,0.559495809174745,0.580518931625589,0.585585663269638,0.569641504260669,0.53294443294191,0.476947359527574,0.407111347580185,0.33189374803182,0.259935357856036,0.195038506513556,0.143270258910564,0.103012976128865,0.0727853563616743,0.0511506765210314,0.0344140237011708,0.0243164944324848,0.0173556125023251,0.0143196236201384,0.0129947335542018,0.0130434043072081,0.0127075849863644,0.0107463162194537,0.00820940763367996,0.00692585586386606,0.00565519986521583,0.00482250295571432,0.00578263645191617,0.00600629554905979,0.00597072708060092,0.00636197170184681,0.00709247746221022,0.00696798213128377,0.00697502265947763,0.00590032210247792,0.00603333279755213,0.00597226013316425,0.00604226399496726,0.00487176546288628,0.00361539431787619,0.00295862085853651,0.00244280518460891
2010-01-01,"M20",0.000244140625,0.0001220703125,30,1,0.219639512635956,0.212863012538519,0.21,0.210480633524293,0.214275745406892,0.218569792313994,0.222686350529196,0.225192357647317,0.227110088043593,0.22740963599587,0.228686580250807,0.23087875669554,0.234574459564068,0.239673661486428,0.247174820198735,0.254866090295794,0.263156571381675,0.270655470896866,0.278835269075742,0.286601226206591,0.295319555291094,0.301490117801127,0.305908143406833,0.310951614716566,0.319617836976561,0.335596757661735,0.359432179760589,0.393421480894316,0.438053400490928,0.493095546099227,0.557355049459951,0.626600534432654,0.699340209292026,0.771321863403579,0.838282787934078,0.893249973792669,0.928669137401868,0.934564219644866,0.909030182075652,0.851,0.770310404301284,0.678439975428447,0.588280302458143,0.509677132503147,0.448364383919652,0.405714855154942,0.378127541052373,0.362958332937395,0.358929246467027,0.365602902622931,0.384044751507175,0.413893157979758,0.454108475348021,0.503595731851057,0.559513798586983,0.618836662719179,0.676798115395139,0.728833121144672,0.767844942652251,0.788174128601429,0.784075261874259,0.753435669003919,0.696369554702062,0.618110403749857,0.524404547034416,0.427723650635982,0.333640983381695,0.250202583671789,0.182909148458106,0.131208953804354,0.0940508474769659,0.0691188871991539,0.0545432905624457,0.0446090006691519,0.0381260095882965,0.0319882375794898,0.0269588999601181,0.0233952704546,0.0193240730256435,0.0143425332951023,0.00954140387329097,0.00468709626979674,0.00146238251597775,0.00132664024819248,0.00344635388617731,0.00589896686024082,0.00826143892573318,0.00905866977162708,0.00900792599687648,0.0089414095965004,0.01004634712586,0.0110746773571315,0.0109663241045647,0.0110580440928979,0.0101649011873501,0.00782513745625015,0.00664558613715438,0.00590268444516233,0.00606660709179703
2010-01-01,"M21",0.000244140625,6.103515625e-05,30,1,0.223941942861656,0.22463257628622,0.228,0.234328766805021,0.241076725787255,0.244055733629935,0.241637612134826,0.234489184681323,0.226982959201971,0.21906970336382,0.215231806115889,0.215892094056155,0.219511739122413,0.222912593164812,0.224362317718411,0.221655668519419,0.216880240889613,0.211214834023191,0.20968985800884,0.211852672823162,0.216423650009316,0.224820169233801,0.235338239749443,0.249599831372978,0.268760256507133,0.289551408109225,0.313867035140464,0.338577232047731,0.36649779389694,0.400074407219576,0.440089625942528,0.484194135508545,0.532449531775776,0.581471721652569,0.627425129892784,0.666931262910026,0.696044953524109,0.707897340683903,0.698775572897739,0.67,0.624858736411362,0.569637069380354,0.515589704227585,0.467634175319509,0.431890603505534,0.408560499397139,0.399982309054897,0.402978957376252,0.41626225973192,0.43854313416718,0.467956003080149,0.505175921318753,0.54952920691672,0.603732763318616,0.66495813995727,0.733417437265269,0.802049534066987,0.863144934102173,0.909443926939415,0.935656779872359,0.935360517935395,0.90631722608621,0.848429614109502,0.765045625116779,0.660934531485885,0.547707333105285,0.432563640020605,0.327109088247283,0.239944767588478,0.173497748692274,0.125794474016027,0.0936090842175721,0.0707027564950352,0.0547844388453547,0.043217601376521,0.0342334507475193,0.0289566854378893,0.0240783840836103,0.0195738326898489,0.0161646156808415,0.0114427630939949,0.00884026556632273,0.00656158892795706,0.00586717460767469,0.00669773463286064,0.00795218038152421,0.00916349024379534,0.0104615833516162,0.011018869421081,0.011127047691285,0.00892343902036308,0.00629217140742088,0.00293120963993696,0.00112983741625897,0.00184779574715976,0.00434005059284538,0.00774856080314284,0.0101228459636865,0.0119243664262434
2010-01-01,"M22",0.000244140625,3.0517578125e-05,30,1,0.19205457253936,0.194634684831061,0.196,0.197359939332764,0.19998685483062,0.20159322713507,0.203756833216481,0.205069267865136,0.206331010096183,0.207185712692609,0.206195572693252,0.206020644602263,0.204940966622457,0.204848414094545,0.206532970238234,0.211164918013154,0.218169487188115,0.226450396958911,0.2316050894333,0.23399094097303,0.232321553210422,0.228741808390733,0.226241248808418,0.225072826762096,0.228878736415434,0.235793930401407,0.249378476362964,0.266064574048974,0.287054666904202,0.309914734337505,0.334232559244291,0.359963318396955,0.388647687711539,0.418430618666241,0.451072284073113,0.481212510186037,0.508074364971736,0.526310541119693,0.532346372382405,0.525,0.504564368640586,0.476259536617731,0.444979172659075,0.415765365611006,0.3947826856882,0.381518124996603,0.377203433866422,0.381950446650256,0.393396547693828,0.411918391261261,0.436488892779449,0.468273237734278,0.505849901017208,0.549398849832716,0.599605641547381,0.655951933185221,0.7156317432434,0.772280457320551,0.819751486176632,0.85158022241441,0.861722770156169,0.844805013739814,0.800183968071595,0.727910380633451,0.635859926993272,0.532781493502845,0.426629402217012,0.326290519287035,0.240907971711543,0.172690358666268,0.121107267258995,0.0838280919069839,0.0583984728795556,0.0405641978461336,0.0296696054116554,0.0228065915488809,0.0199867660595035,0.0187405997256727,0.0179850290926336,0.0174242743343299,0.0161029088074861,0.014835606563351,0.0128650133967999,0.0126047405594138,0.0112208424209118,0.01007581746499,0.00771215652819663,0.00704439245418291,0.0063119133817551,0.0067474928192775,0.00803361413650351,0.00926317863144486,0.0104205530360622,0.0118500593334278,0.0111265828868785,0.00987967202617588,0.00874060135312458,0.00689187446372286,0.00564290253798604
2010-01-01,"M23",NA,NA,30,1,0.104793843328709,0.105783573249658,0.107,0.109313799791042,0.110392079950171,0.111705477624622,0.112090599276151,0.110967735203044,0.110828897334871,0.10937277544754,0.108985066273223,0.108973828369865,0.110074733411676,0.109969546971015,0.110014262032256,0.109976141618576,0.109982955113086,0.108941717018293,0.108671243675061,0.107197575991314,0.107029911352961,0.105875265297919,0.104679355738654,0.103444790006348,0.102282980538223,0.101002399921204,0.102292168647486,0.105498926325769,0.114377721772303,0.126225696070794,0.141796242168281,0.157697119511093,0.174412848199806,0.19032881353519,0.204233567993066,0.216122535437967,0.223845523228137,0.226253364742104,0.225447036729564,0.221,0.215908279856453,0.210547388782555,0.206811003227153,0.205974155112163,0.206131437140024,0.210115035503183,0.21592101454663,0.223918375298848,0.235429971375524,0.251351544317826,0.270735727236193,0.295449348910907,0.321807605532177,0.350867990780898,0.378294931876484,0.402867073109719,0.421083025686362,0.427101132597753,0.41967233402064,0.396311786539562,0.360660668567436,0.315825544876579,0.265036982769938,0.21400854148997,0.166177885523347,0.124168774527436,0.0915924740981494,0.0669349449288977,0.0497859788622259,0.0393026960193935,0.032322145066724,0.0272626266894352,0.0236630997841683,0.0213451969243097,0.0186808007900861,0.0179319622854342,0.0179992654196088,0.0179928336175031,0.0180720283401769,0.017398543570326,0.0161275524594631,0.0149150012283555,0.0136772410401293,0.0125827123794191,0.0104707654199145,0.00906732121793352,0.00672518279824796,0.00587704117301511,0.00654992384168171,0.00780069760618328,0.0090110960372916,0.00919280003156013,0.0101373526059412,0.00986222270426551,0.0109540224759146,0.0111452456077612,0.0134721129473499,0.0144641210350339,0.0164029488336237
2010-01-01,"M24",NA,NA,30,1,0.243980450690889,0.228313907156706,0.209,0.189741666556752,0.173428092475019,0.161391872105549,0.154576771685651,0.14967259691636,0.144708868162562,0.137615466221547,0.128222823653434,0.118334217033614,0.112485493950291,0.111131293791506,0.113052369273436,0.11652190761966,0.117993844524464,0.116614994927651,0.11358381625426,0.110653421851651,0.108085334681923,0.109118524305443,0.110733224311008,0.115224900385939,0.1192994502284,0.122932633644223,0.125173637304447,0.127047616514336,0.130779648364138,0.136032489047601,0.144433752891931,0.152861482564882,0.161419866705712,0.16994757792289,0.178492110665401,0.186941294522366,0.195351325225876,0.201112940275574,0.202248752488122,0.199,0.191489582459441,0.185893521397414,0.187964997006272,0.198314692961745,0.216404016267807,0.237352897953444,0.256594493103415,0.2720150636165,0.283630428287752,0.292272993604472,0.302063950466192,0.315811039879415,0.33631584282277,0.363876433930228,0.392720303881048,0.419897767198536,0.439759899010339,0.447816752732713,0.44400899481756,0.42427078320463,0.388862701131273,0.340746039863038,0.283212656427017,0.222251511834925,0.163949011343988,0.114939635744308,0.0770100989497271,0.0520339602106918,0.037296923630667,0.0297832997992786,0.0256970213598751,0.0240622276195252,0.0229526632296159,0.0228206134698644,0.0208798743761471,0.0184705585291195,0.0149591560462743,0.0116068905064403,0.0109764406737614,0.0109291043631903,0.0118359967815213,0.0130513698790375,0.0126899040454358,0.0119950831170146,0.0112967904507421,0.0109374904961448,0.0132191885873847,0.0147759835098798,0.0161968432750896,0.0153240835597343,0.0118819929293144,0.0082279254312295,0.00485580112348893,0.00384529283141325,0.00485337830811012,0.0072538129660955,0.00964159824695733,0.0121501181553246,0.0139140604483499
2010-01-01,"N1",0.0001220703125,0,30,1,0.13887816152696,0.142365952526801,0.145,0.144740493618082,0.141417577499203,0.136315114608092,0.13236665907698,0.129961286848007,0.13167003569973,0.133127034747798,0.133101227122762,0.131145788295635,0.127717060848428,0.12675197468763,0.128685635982988,0.131679014816248,0.134042189341124,0.134965738129324,0.132750147560694,0.128882427792568,0.126177917156699,0.124995110000758,0.126861519066399,0.130664746070957,0.134236504216579,0.137941593314963,0.140492489002025,0.144240805710236,0.147820496957057,0.151629275038354,0.153017435226804,0.152902264278834,0.153795404111541,0.156881569260504,0.163489544167257,0.173273691768712,0.185264303755913,0.196358244331527,0.204909503316028,0.211,0.218144984456959,0.224576482564391,0.231436039538472,0.235788974196603,0.235979022277454,0.235949598945446,0.236661150011187,0.241427843549868,0.2496073045446,0.260619169778433,0.273204187345094,0.28965177417758,0.310324962002445,0.338988243591008,0.376092540670755,0.420566393857525,0.471063079141735,0.525124520660281,0.578785930731659,0.630676547481664,0.67623540974384,0.70845373255449,0.723909988430346,0.716095761091142,0.682380267717333,0.624346274773157,0.544591631267591,0.452206141028043,0.35651736474313,0.26937036867602,0.193798012333301,0.135002807638947,0.0915494516745686,0.0613024259138536,0.039759800386387,0.0257992343662765,0.0169420402352051,0.0134838062711599,0.0118509345029154,0.0119545973914706,0.0128288005475483,0.0140343783538719,0.013969914073979,0.0140619704621156,0.0133936444318229,0.0110992398133691,0.00859491867097664,0.00437816800979161,0.000701181842468914,-0.00173007458813861,-0.00197165605945921,-0.000704676232013393,0.000145930886206565,-0.00061126260818402,-0.0019628697804393,-0.00209742141326319,-0.0028649519163278,-0.00140169927867582,-0.000250420680439767
2010-01-01,"N2",0.0001220703125,0,30,1,0.138997726463905,0.139003997846047,0.139,0.138887115476065,0.137199945913299,0.13467432390439,0.132322288035078,0.128736555111635,0.125128605115525,0.121477909475279,0.11774319940094,0.115072698160363,0.113935002126783,0.11424690552836,0.116141531868897,0.11864124141304,0.121047691469714,0.123529065667901,0.125547029255583,0.126658022908987,0.127893633434079,0.129122739184679,0.13013568183514,0.129531221499421,0.128177193618637,0.127987245046691,0.12929898385013,0.132144038178086,0.13585422467486,0.139588972541703,0.142129758879187,0.146183159905989,0.152749217135777,0.16147890283811,0.172344484598062,0.183236605619111,0.193694545109634,0.201546942942363,0.207991775402541,0.213,0.21684408200503,0.221218348876649,0.222077504497043,0.222005224785242,0.222044459663337,0.223406118143602,0.227325617188855,0.234237134984378,0.243575853136842,0.254582795124581,0.267357752998579,0.282500635222161,0.300930475627492,0.322745928893987,0.350962771544328,0.385200251678019,0.426636547844007,0.471786414859978,0.519339028714032,0.566102368497118,0.605771963297102,0.634881040984102,0.647953230552369,0.639110536419072,0.607505853731247,0.553454450484644,0.482257581173916,0.399757885253375,0.316261270525688,0.238778902999818,0.172550562555862,0.121589282645028,0.0854333523754863,0.062369712688597,0.0484254999084505,0.0393677902543148,0.0319349796204744,0.025897780642195,0.0200714015317967,0.0160257366505033,0.0122936138629661,0.0109221942467674,0.00989224182275995,0.0101031643978315,0.00930740937132253,0.00804716089537667,0.00682834565060005,0.00560991267855791,0.00442580840100512,0.00311903312916214,0.00300564955629372,0.00296137359066358,0.00331532828621184,0.00529452283675185,0.00786537105992088,0.00921993512222061,0.0111745280888194,0.0110519774963122,0.00977503022837277
2010-01-01,"N3",0.0001220703125,0,30,1,0.144882222094409,0.144323733768488,0.142,0.138299380825371,0.134966167336959,0.133366423300781,0.13136081483566,0.127788752348297,0.125419661492461,0.12324180025256,0.123654041295816,0.124954288648611,0.126151428174591,0.127453420544024,0.128009764996178,0.128702497129976,0.131040200756749,0.1320947570083,0.131596485421416,0.130338229684303,0.129061909625231,0.128990421066038,0.129298918017948,0.130076835289394,0.130057050929071,0.12903072205672,0.127918219195496,0.128235792156081,0.130599452076981,0.136119619117221,0.143391848119576,0.152063851305021,0.162006955872417,0.170968520113685,0.179528470287398,0.186866970757719,0.195509055584545,0.203993131652901,0.212547648970243,0.22,0.225668547669053,0.227520281904046,0.2281091003392,0.227225784588121,0.224902909491256,0.22534711154441,0.229356732695576,0.23617491621005,0.246500071879427,0.259976602660239,0.274680402282607,0.292163980955293,0.314335939595285,0.340898629300725,0.373848561302811,0.410760609846102,0.45349341955925,0.497858973437211,0.545212975746823,0.589610335219976,0.628392090912577,0.654768890533574,0.663047254130031,0.649111807684171,0.609621362326932,0.547123772034274,0.467215999627903,0.379583371386978,0.294191829625268,0.219458212533306,0.159108930998124,0.11336775851318,0.0796459494943526,0.0572654398707619,0.0411373788062082,0.0313242747065458,0.0239441214214356,0.0205621560253646,0.0180341234942416,0.0163638674706626,0.0142925692096222,0.0118313072618613,0.0094034977485276,0.00686373812002436,0.00524125579165429,0.00402823880212673,0.00401513653102529,0.00401755875162457,0.00388541338942598,0.00487526255562553,0.00502064643787216,0.00604737547670646,0.00645311226898672,0.006968417732948,0.00792289598173979,0.00798200440034133,0.00800824669250032,0.00799789734476933,0.0080007945792774
2010-01-01,"N4",0,0.0001220703125,30,1,0.146368888080464,0.14854429218003,0.151,0.153282178280516,0.154490129970784,0.15503616189925,0.155056642190536,0.153939903387949,0.154235484449462,0.155552115999968,0.15663305881551,0.158914160469349,0.160075659225202,0.162070778055208,0.165126731611632,0.169198668126881,0.174094015803469,0.179017079877485,0.183501442201882,0.186895226607034,0.191599565768198,0.195368837885339,0.200507274474054,0.207540896894175,0.217559145049142,0.231671095591884,0.250280147430589,0.27268388584332,0.299492694152323,0.331539974184592,0.367953393580165,0.41138057218837,0.464078025302943,0.526655221221927,0.596620807385809,0.672655537882212,0.751630010635545,0.826581264912853,0.891847915792686,0.941,0.969266862339674,0.971913009740295,0.946801668841501,0.892580171448434,0.813808826470189,0.716107839860177,0.60834417897254,0.500851373124162,0.40169620356146,0.31734132256042,0.251024089577681,0.200235865403889,0.164398037376482,0.139415557335993,0.124492274243275,0.115232421255822,0.11129777765315,0.111801070793518,0.114206315953295,0.116907537815621,0.120635420426499,0.124393840631621,0.126000625652465,0.12456977585472,0.120199258168331,0.112430021904005,0.0997686808670028,0.0862552902488539,0.0705606036754232,0.0560777140197705,0.0426672621386787,0.0325536725799924,0.0241528441368032,0.0185073422621402,0.0141215119176163,0.0114254978382426,0.00898767384792158,0.00903863008246863,0.00899468553329832,0.0089718921445652,0.00907087818578546,0.00796767726161785,0.00778825377723352,0.00654782971884303,0.00450225103398426,0.00303878393398759,0.00180400650586759,0.000844580902322043,0.0015710431533283,0.00275737746284174,0.00507704077336999,0.00753617216618415,0.00959783377103799,0.0101303345471074,0.00909606980295268,0.00779120782398363,0.00556583199924092,0.00447796574044037,0.00322160009721025
2010-01-01,"N5",0,0.0001220703125,30,1,0.166453737410595,0.165188669753531,0.164,0.161847535546648,0.161972387574948,0.16260402558515,0.163809371755056,0.166144019099939,0.167067181811101,0.16675855071481,0.163719878619745,0.162040082180532,0.160986604941684,0.16295443559261,0.167322151804986,0.17234799813407,0.176075086158778,0.179478708988682,0.182724241133686,0.18750357775623,0.195124450690482,0.204839092459025,0.21520568548654,0.226895183147109,0.238553576685974,0.250725202017691,0.266711956972925,0.286140276044137,0.311669758872662,0.345102564242744,0.385179162199255,0.43325320376783,0.48968261302164,0.554425398744308,0.625602259100795,0.700467995066437,0.778586325863367,0.853450158213926,0.920281361505512,0.973,1.00623890219779,1.01292540687368,0.990203444688928,0.936714556907233,0.855571865507769,0.754230346535182,0.642341750890535,0.529959604847204,0.425844103254242,0.338983334939967,0.270827101062228,0.220363630939065,0.183592723305607,0.15736461504324,0.139872106114418,0.126347900695542,0.118270270435846,0.114239265754173,0.11303037942406,0.114515240191511,0.117959863069648,0.123849107495229,0.128905853130983,0.13208691032204,0.130150013819709,0.123413025577473,0.111746674342217,0.0961078816106037,0.0780276786377452,0.0610861639199605,0.0453039450135801,0.0326251184788016,0.0240709838159129,0.0173881313669927,0.0131553540771882,0.01039920973115,0.00798001594386371,0.00693684239889497,0.00711275469796556,0.00629003102571372,0.0060271306335841,0.00490499815503836,0.00365162536392516,0.00291721870080599,0.00302670248836498,0.00298468629293084,0.00432331193845502,0.00649401254105999,0.00755247158332195,0.00888337207255894,0.00899424824145185,0.00904501107562492,0.00864242608169283,0.00719748830924072,0.00702700190818026,0.00586185934260674,0.00468876106426827,0.00339838415600584,0.00285433735559671
2010-01-01,"N6",0,0.0001220703125,30,1,0.123143378995997,0.130696360699222,0.138,0.145502486215261,0.153720904902098,0.160811735933162,0.168290518272599,0.173280986966055,0.176698743029124,0.178594177937132,0.179644743774511,0.181894272482055,0.18427664889635,0.18713445492829,0.190186403601685,0.193437189710496,0.197088686471707,0.201786302823844,0.205763299790243,0.210650303047006,0.216397020584741,0.223722795374161,0.232468421925649,0.243267335239067,0.256064612067244,0.272647563961578,0.291355238472729,0.315217800998391,0.342410829580541,0.376085134046463,0.416093656598373,0.462123292574625,0.518185457737274,0.58296195674842,0.656403913705006,0.736159293325923,0.822179271645747,0.907785110278957,0.983706977180554,1.046,1.0853066795124,1.09778627486873,1.07980225956194,1.03113799861271,0.954772387043102,0.854361112421753,0.741245062097553,0.62274760540208,0.509330611900528,0.407816819290376,0.323617501828785,0.25627663439499,0.206271725689208,0.170143649908717,0.14839647158103,0.13470335672684,0.127919147040575,0.125952887092082,0.128343757899239,0.133838257296633,0.14132708703731,0.148566341044117,0.154913740496835,0.157227534894066,0.155471649253983,0.147326602660795,0.134901965184498,0.119139408605001,0.100563639624315,0.0815713085410309,0.0639087489417465,0.0488412097526452,0.0355554716549284,0.0252959844759626,0.0179820628251946,0.0126607791567573,0.00997532552373045,0.00785905210865466,0.00797769195287365,0.00857660497376728,0.00991127643155207,0.00993888847638014,0.00873162227826881,0.0070252132078117,0.00453520727716587,0.00208034592966988,0.000927815333534311,0.00131644482297521,0.00260950247004126,0.00382010993785373,0.00504171854941694,0.00607734053585404,0.00598495454764514,0.00597521019734093,0.00605233744374884,0.00494328444828441,0.00496598740219425,0.00550196417444819,0.00621315253824498
2010-01-01,"N7",0.0001220703125,1,30,1,0.252806594194383,0.252402007282017,0.249,0.244106563353706,0.239364660672175,0.238250487353606,0.242236598086392,0.251805543658304,0.263954634529594,0.275884124185721,0.284668487737706,0.289818534765784,0.294693327702466,0.301415473823422,0.31105071926952,0.324639255023011,0.34136319344801,0.36121242562008,0.383911773963043,0.405643177727783,0.425301317105679,0.442323647653744,0.455503403141302,0.469697912754353,0.488279677121472,0.516331808092812,0.554954952769198,0.606899937139962,0.673985191812686,0.758454931734615,0.863671084708558,0.98706059605673,1.12940143943541,1.27962035209613,1.42934248681736,1.56643765553024,1.68809959534268,1.78900450986996,1.86570647810457,1.921,1.95604453565911,1.97507013076511,1.98025668317928,1.9692616218581,1.94147033325424,1.89414590057157,1.82702920487195,1.74059034574881,1.63648930166375,1.51767038171253,1.38712640953889,1.24593464381632,1.09926633550599,0.951651823755573,0.809985155006506,0.675332913217576,0.552610723419958,0.445788234277584,0.354346530251724,0.278092905148387,0.217155875424353,0.169941592797432,0.13364315663159,0.104781091527296,0.0819887051743951,0.0639431255386176,0.0495702944615861,0.0384771150179674,0.0291648638768204,0.0223674227963418,0.0177991194725163,0.0142024557950489,0.0118242547810539,0.0105829730566314,0.010029778471895,0.00918822409076638,0.00900427614051528,0.00880821960778361,0.00789635389799642,0.00801939237444544,0.00799810660032523,0.00799977027489522,0.00800007710507999,0.00800033716216735,0.00799863970188795,0.00800142838732035,0.00802472886204988,0.00772296911978366,0.00627869234481262,0.0060338350882657,0.00495442261500864,0.00386874739133149,0.00450861314155457,0.00493683025225071,0.00596532117859717,0.00485300017344346,0.00363281772347131,0.00290594000147378,0.00306537683895112
2010-01-01,"N8",0.0001220703125,0.5,30,1,0.222390662353044,0.223732058879956,0.226,0.229972686489402,0.236190864700027,0.242305528636141,0.247482528595865,0.252332826132791,0.257311792008339,0.264102180285838,0.270697275598002,0.276770285663853,0.281494837922603,0.285347115101563,0.29116168625142,0.301979777094943,0.316318035620306,0.333527812399879,0.35279996921041,0.373256549019204,0.396709084110388,0.422342156815825,0.44969089144764,0.479844136301125,0.513404643229089,0.55602571186071,0.610466228831452,0.678312227309493,0.763493110415447,0.863722027003008,0.98001496145104,1.10444674129383,1.23690161977654,1.36735692278887,1.49180955746454,1.60720008826027,1.71013360157491,1.79685741540787,1.86412476903494,1.912,1.94345277593491,1.95865968288061,1.9609051530953,1.94752201677683,1.91725199359068,1.86620251343579,1.79550358037637,1.70531499399589,1.59858238202472,1.47737461463598,1.34639487131877,1.20639605689032,1.06264548808938,0.918749611579631,0.780981759953599,0.650349678010142,0.530657941522316,0.426594094531966,0.337566069632645,0.263810004717002,0.204752634293091,0.158785883217158,0.12263523696872,0.0950068202311407,0.0733354066689902,0.0571016296941347,0.0453385964946476,0.0355746742904565,0.0285346109505728,0.0229241461664786,0.0187737746386349,0.016113535325518,0.0149487258882506,0.0150841438130361,0.0144630706973496,0.0132935688030744,0.0109823245077481,0.00961881364293121,0.00746695913923512,0.00627670869064851,0.00598179517162115,0.00601465450705734,0.00570940745997365,0.00500544512478674,0.00423925310700684,0.00399855932247308,0.0041373181092947,0.00505085285323705,0.0054819127943238,0.006898809817875,0.00700279611003651,0.00677171533960359,0.00599211222493167,0.00530591954591394,0.00498057119389607,0.00500090300881659,0.00493958302778979,0.00550869648512327,0.00621060844329617
2010-01-01,"N9",0.0001220703125,0.25,30,1,0.0889131515373404,0.099411892243914,0.116,0.134465174657463,0.153786486098361,0.170109800006198,0.181949391648431,0.190590837117161,0.198849534307578,0.205973326399746,0.214075516268003,0.22266461439582,0.231135476718544,0.23930656485504,0.247021087691863,0.256490701475001,0.267242189790978,0.280908879840415,0.295441050889539,0.311312027534999,0.328496904226226,0.345688366842085,0.367311098479649,0.392958320643634,0.424663013975337,0.464145670311866,0.509692137123175,0.562406808505048,0.625958243281925,0.700509553482231,0.786598258071546,0.884393361179036,0.992457710826428,1.10568868128098,1.2193465853435,1.32517848651214,1.41988946385863,1.49602220754817,1.54737305100989,1.574,1.57182380053235,1.54563553632364,1.4988454554539,1.43328850860757,1.35178592970807,1.25407557050474,1.14306652913017,1.02261889516293,0.895156470331806,0.767369109737028,0.644377645891925,0.528589851381063,0.425347803104782,0.335530454203686,0.261298160934178,0.200153541759025,0.150902239763847,0.112905580940138,0.0848030210169944,0.0640126757837694,0.0485555422459731,0.0377901872459511,0.0291498852101088,0.0231937229428653,0.0182997601123252,0.0139638390457449,0.0113110757721567,0.00890062702518446,0.00795787396901551,0.00791620759322565,0.00873660103189576,0.00901335887129775,0.00899888765864419,0.00905832630713787,0.00849788864636188,0.00719918937181485,0.0059880794263232,0.00475755059247975,0.00382463203366162,0.00469750622342302,0.00503069106981489,0.00502099531253038,0.00470104862548453,0.00403390674413135,0.00313807394806321,0.00396491872520896,0.00411209714461186,0.00509600454912857,0.00508841652056699,0.0041345987356755,0.0039873404469934,0.00269036828544107,0.00182656611960211,0.0027455133513997,0.00297990283338285,0.00415738125460869,0.00507436016263167,0.00498104042500618,0.00500716469594188
2010-01-01,"N10",0.0001220703125,0.125,30,1,0.239738533680301,0.238150184570656,0.238,0.240713207245355,0.246361356204139,0.254628216692136,0.261435654820516,0.26636392404025,0.270690590725038,0.273441384149863,0.277126456952419,0.281805955499318,0.286750982911455,0.292627610977247,0.297344045763652,0.302335379964227,0.307141362313183,0.317375532595497,0.332746340689234,0.355728656119005,0.384254683938122,0.415965892455888,0.450748066999032,0.487589665910261,0.527297456166297,0.573045793713171,0.623796201630922,0.685581986093325,0.759291848383747,0.847404501279836,0.950430951216111,1.06560504612668,1.19244315556315,1.32276497397838,1.45062828041466,1.56720443041473,1.67026669999591,1.75574885030682,1.82135399909948,1.867,1.89434486199873,1.90183773891148,1.89346627177144,1.86875705192259,1.82641898951925,1.76472872029231,1.68423484307484,1.5853506666672,1.46799326156643,1.33823667169986,1.19877755582745,1.0539548042572,0.908572872669459,0.768995407781758,0.640950706171273,0.523362171719692,0.421910784810411,0.336015680913237,0.264141985445871,0.206715713224342,0.160411362507194,0.12499560166001,0.0974749772367821,0.0770612430669843,0.0610967266047419,0.0492021807038775,0.039228779640136,0.0306482341149936,0.0246075038738231,0.0189376389883952,0.0146441217896203,0.0131055058440464,0.0108942135235759,0.0107304152183952,0.00986785740828157,0.0101061777825168,0.00899410058349227,0.00888575238991442,0.00745861257820878,0.00694764749311869,0.00700411734869053,0.00699709535413933,0.00705292333468288,0.00654516927359575,0.0052761487931306,0.00402540560600739,0.00398918165975558,0.00429803914891392,0.00559170878037185,0.0068839458383645,0.00700016165756351,0.00683803410014682,0.00546621242486102,0.00483650191500671,0.00594659531633161,0.00608065240008325,0.00704951889322394,0.00748066619025244,0.00822120090330522
2010-01-01,"N11",0.0001220703125,0.0625,30,1,0.260525472450021,0.25911724154912,0.259,0.257844022937198,0.255673537019248,0.248927432017195,0.236595925311003,0.221959546153484,0.207901695689603,0.196065976483216,0.182342814501203,0.166680890552393,0.148675097881845,0.134729948149971,0.132929402544844,0.148990236883108,0.181780813278659,0.225236806497731,0.273765945289078,0.32018130813397,0.364098624215625,0.405526505695717,0.442936685812827,0.479233661373118,0.516169890917112,0.55808066448275,0.60878873795913,0.671162135854824,0.747994744342736,0.840881002424758,0.946569296084637,1.06342806593763,1.18703607013676,1.31304000763019,1.435839859395,1.55128494087198,1.65555616096483,1.74297954607812,1.80945667010206,1.854,1.87629134225607,1.87734681170798,1.86095890358187,1.82769533165626,1.77682548115973,1.70652998935844,1.61809634837305,1.51180280568577,1.38919065067824,1.25485427914414,1.11466665492634,0.970874504599703,0.829719983411494,0.69616748512862,0.574551201812682,0.465192156827885,0.371628935839428,0.294248889495113,0.230849461334082,0.180648893698222,0.141812765683231,0.11277958578473,0.0913800475293537,0.0748005121644736,0.0631362671936549,0.0533964893221643,0.045957323127839,0.0386659181215056,0.0326439017208597,0.0265055284425051,0.0210332203596552,0.0172207336611846,0.0136548117645723,0.0112808757701492,0.00923510489656837,0.00907047417599698,0.00799431845417315,0.00783040345744564,0.00696100502657975,0.00641167300476272,0.00514416481750875,0.00397891263929522,0.0037444100116187,0.00291844701468427,0.00293681478204073,0.00394327161380649,0.00516131495871637,0.00643189997911211,0.00717077328315855,0.00614821460167699,0.00601425686834326,0.0057037221091792,0.00545953132078756,0.00534615058842172,0.00502642212103854,0.00393166939086555,0.0040313132950599,0.00399201606418033,0.00400301707567738
2010-01-01,"N12",0.0001220703125,0.03125,30,1,0.142754928008294,0.163852224731321,0.187,0.204896439688687,0.217947114252533,0.225525149096262,0.229610816022766,0.233196618627618,0.23577823321152,0.239518424115635,0.243750423978012,0.250662212953339,0.260433432563695,0.273409622094123,0.288177177898465,0.302862911667078,0.31732695638512,0.3358189759139,0.356110676940231,0.378854445707775,0.401071180120524,0.421790160962059,0.441304904903292,0.464181707042929,0.495574417562057,0.537045362853807,0.589996945859353,0.651619813353296,0.724311974120563,0.808200314817007,0.90406969830147,1.01173474694487,1.1307901587953,1.25572032907116,1.38159992140726,1.5007408883943,1.6101703841372,1.70080613879702,1.76758507284996,1.81,1.82878057042701,1.82742439444474,1.80922738626351,1.77487197049258,1.72158891200854,1.64772019981482,1.55453870766456,1.44336991849684,1.31919573684326,1.1862435733209,1.05006203865888,0.911804800573106,0.776815374161366,0.649354397402776,0.533596292848354,0.42902399683032,0.340371174672423,0.267809604602253,0.209268807114439,0.164252172801257,0.131185154464117,0.106093405587002,0.0882999929632847,0.0751344548200567,0.0644635794528428,0.0562337846487098,0.0480916744037025,0.0406456372316093,0.0332891291113832,0.0264274180518602,0.0210743884379713,0.0171767203749462,0.0146984693902925,0.0125599244977458,0.0114461476353867,0.0102050826992956,0.00898787093287513,0.0077814385606513,0.00656239850996338,0.00533374954248668,0.00414810140452566,0.00296681802641474,0.00296866151425782,0.00345037373086168,0.00472107929343738,0.00597836452571843,0.00608165235518006,0.00750866605336141,0.00793021574083378,0.00890766169203905,0.00795079450924039,0.00681658201913928,0.00506532938782647,0.00329606667500478,0.00201616031486001,0.00311871498471203,0.0046770328314963,0.00615449941889887,0.00648461522516542
2010-01-01,"N13",0.0001220703125,0.015625,30,1,0.239501676304283,0.230320028376096,0.225,0.224355629456182,0.228910998371281,0.231979492030608,0.230542721341035,0.222239339079099,0.209752600075883,0.197109046298095,0.187632621367985,0.182117608001793,0.181016463500549,0.183147786078657,0.189771870479207,0.201648681371882,0.220450988503511,0.246866196148226,0.280865660404675,0.320770446978822,0.363068852290864,0.406809236905358,0.446148698889544,0.481696007208864,0.51752687181056,0.557108581874948,0.607791163096389,0.670519265790171,0.748148281343186,0.840095950440872,0.94340054056578,1.0567974067707,1.1781031129064,1.30155225237164,1.42208801347208,1.53020711220714,1.62298104060994,1.69508505699549,1.74459474731592,1.77,1.77166603379173,1.75079582504695,1.70963570193499,1.64719070972115,1.5646039726297,1.46268113795216,1.34531395583976,1.21454123732053,1.07371191018463,0.931244590378896,0.79216725804422,0.659218116744899,0.538876221053821,0.433093184201221,0.345937368969272,0.274640068203428,0.218338277054162,0.17528370452746,0.14347377014527,0.11917106362926,0.102164965447699,0.088431298704431,0.078177190421095,0.0697666610827051,0.0625333199810134,0.0552086505978528,0.0480294293134383,0.0396009667105771,0.0323201140680052,0.0254468021787685,0.0199639946491345,0.0171376618308165,0.0148149413076441,0.0134036140263421,0.0108298223966803,0.00841439764248425,0.00597448852857867,0.00368497131319456,0.00285904288954484,0.00363992096151625,0.00480883280191662,0.00714653687820107,0.00803564124110866,0.00809327330953551,0.00721357694446646,0.00701190958994625,0.00577940916132689,0.00492174746489235,0.00501678739871661,0.00499690348672843,0.00499863766098373,0.0050401627109605,0.00464042148205978,0.0032116626157312,0.00300052313930924,0.00309236510815409,0.00405297540256174,0.00443154646602817,0.00584242682948609
2010-01-01,"N14",0.0001220703125,0.0078125,30,1,0.1322946271864,0.147079497073771,0.163,0.179976925478528,0.195370063154227,0.208725683398277,0.218973018546994,0.228732115972279,0.239595791115408,0.251021028263484,0.263405682008153,0.274570473296145,0.28542073574985,0.296422122435779,0.307288347714465,0.31915367440384,0.332317650289782,0.350845965886953,0.371029052290313,0.39448637008453,0.417939720961721,0.441125426475284,0.466025784064268,0.493940191151211,0.528921488881053,0.572055544170747,0.623931195113588,0.685431042668746,0.760058268278633,0.847542003842024,0.950401455887333,1.06249358436617,1.18244292454329,1.30119572996502,1.41458240424543,1.51304038928983,1.59464380214257,1.6531038063569,1.68353824383064,1.686,1.66315523238871,1.61618380981212,1.54856654439956,1.46439060708904,1.36238811454497,1.24691783827912,1.12109685454442,0.989278687195042,0.857254827649933,0.728712854044271,0.611392885466833,0.504754946492037,0.413337926698764,0.339043195531927,0.281437946458357,0.237003380324138,0.205525695146022,0.184460494745795,0.171066989487235,0.163127002231065,0.158323206244053,0.153965073234778,0.14913084451322,0.140545265256603,0.129706060721586,0.115681055198791,0.0992492889951818,0.0820987071233486,0.0641771100072085,0.0490092077938431,0.0356990824281929,0.0255216536807398,0.0183208632152986,0.0137750035091697,0.0112941212627563,0.0102261493993105,0.00898856122388754,0.00774408321595656,0.00691620120801338,0.00701623566675656,0.00699711132720974,0.00699518611982097,0.00706972760298082,0.00644999386313739,0.0060216939174575,0.00505843074028275,0.00383955653277756,0.002569575117764,0.00182031483455805,0.00287736816975739,0.00301439654205267,0.00426867500413787,0.00553540493744425,0.00603349668316494,0.00603664948681552,0.00486333070434151,0.00369691078948245,0.00234806780478102,0.00247601547907723
2010-01-01,"N15",0.0001220703125,0.00390625,30,1,0.234135320716178,0.236547407687296,0.239,0.240011803504117,0.240368715955437,0.241505393207323,0.244529674563424,0.248168301530828,0.248977507310443,0.246020694877841,0.236629608559788,0.224491469409748,0.212524281139414,0.204216587725808,0.203669811866263,0.210157727136191,0.227427901564226,0.252984689352073,0.287992369519398,0.327764078056537,0.369330354283388,0.409691312890154,0.4509881231072,0.491121638989393,0.534690807690467,0.582975781122778,0.636882604477517,0.697201881315018,0.768648351920243,0.852075282416343,0.950244801063485,1.06136593401615,1.18257255374845,1.30607833117438,1.42340081606637,1.52423193407266,1.60433948255971,1.65535460058341,1.67491420805818,1.663,1.62143794680968,1.55444176478083,1.46832569367528,1.36438431195714,1.2463376554678,1.11659721195502,0.979986153497869,0.842796017979171,0.710138800647598,0.587843227202305,0.481601215102945,0.390308329926256,0.316657044302127,0.258499753159409,0.216711118201148,0.187022208435808,0.166107359532305,0.153788179137284,0.146525696233299,0.143490533033189,0.143032920950993,0.142289795466854,0.140094797377844,0.132626222998573,0.12140202255943,0.105830548752086,0.0901379553231105,0.0731668982099763,0.0575277248261045,0.0439450624592171,0.0324814572373946,0.0234359327908892,0.0173762085782358,0.0127473461608477,0.0103280488634838,0.0091359218497686,0.00899571953248651,0.0077565188825793,0.00656824437915388,0.00534095497818749,0.00412796785291137,0.00289722058277497,0.00198365088991816,0.00149233632998643,0.000938782734538785,0.00100253202135424,0.00100165161703227,0.000998921705292487,0.0010024279158764,0.000993434486422519,0.000992677831071347,0.00124494171163203,0.00193134332328297,0.00332108653920691,0.00492961863759652,0.00614652931313724,0.00707050919700486,0.00703026072356122,0.00638590076339747
2010-01-01,"N16",0.0001220703125,0.001953125,30,1,0.193614418715249,0.219379052877626,0.245,0.26778025316995,0.286029179878063,0.299723732037532,0.31004742453659,0.317446358220735,0.323410835916982,0.329904149518564,0.338144311281723,0.34660016992839,0.358685427912296,0.372637889899055,0.389794286102195,0.409008607281385,0.429415108012714,0.450107974126346,0.471244570906897,0.493608219550559,0.518646173337817,0.545589616883016,0.576673767295096,0.610899895630333,0.649526850866474,0.695020229455495,0.748290543136665,0.81430462353484,0.895521300445807,0.992378941460711,1.10162809468966,1.21691091275059,1.33447812254274,1.44503534473639,1.54278790290195,1.61817242518028,1.6684268877213,1.68597063404468,1.66942958383231,1.621,1.54326221052885,1.44408334302214,1.33059099596354,1.20865790188838,1.08547555800657,0.967271592230807,0.861713032472438,0.77160540181435,0.699499970180242,0.645665962471509,0.611084836898205,0.593833492425395,0.593622661604348,0.609704666004307,0.640110345190556,0.682064026509704,0.730754330732286,0.782367587984881,0.83237012364748,0.877150671412886,0.909957011545018,0.92542946797866,0.918415502650123,0.883557604840947,0.819947046544922,0.732602963922492,0.627559899776276,0.515439130926354,0.408234693274876,0.311672226459593,0.229799607573995,0.166346162581062,0.116914536411017,0.0817929191748328,0.0565000218182806,0.0401224438600189,0.0299179665173014,0.0229292478293134,0.0190289524639005,0.0165400259374696,0.0159546208790231,0.0159930302872003,0.0160246784089973,0.0157306175198222,0.0127988842613761,0.0100844030789914,0.00759687730882388,0.00582983661833393,0.0060337254290573,0.00600152021186863,0.00600627892000958,0.00578239559094446,0.00489256070569955,0.00503831898955552,0.00496156726702297,0.00615935030116242,0.00700463067243615,0.0075403497380693,0.00759598297919986
2010-01-01,"N17",0.0001220703125,0.0009765625,30,1,0.225692955196742,0.229338741299355,0.233,0.236707725398939,0.239867365439343,0.242915485516027,0.245830621339767,0.245863882066469,0.241681915975474,0.235062710749098,0.22689488887972,0.219222746741513,0.215680868566129,0.215686703820872,0.221168645142128,0.231898915329601,0.247330613724103,0.264595397448121,0.282971843904657,0.301481613913513,0.323851007763128,0.348367170462287,0.37701855831753,0.408795085135548,0.445084486167954,0.487100956579405,0.535186932634831,0.591781737297806,0.65763909404065,0.73410289231806,0.822609478975172,0.919216196114052,1.02467483350098,1.13316192084734,1.23715244663166,1.32710695520684,1.39796646303712,1.43884914545504,1.44554935578036,1.416,1.35222481989629,1.2599432092614,1.1467704703697,1.01944808993159,0.887775580386006,0.758316595329231,0.640059914860102,0.536630953289792,0.450094497578929,0.381657191202146,0.332372362432074,0.298105586824896,0.277916698691095,0.269897895656092,0.270977485914384,0.280118836363016,0.295344763558168,0.313315224254422,0.332738842261193,0.350392324110486,0.3624991857546,0.366498842993346,0.35830623116749,0.33672699961685,0.303455948490821,0.261220290755579,0.214252349738691,0.166686055068834,0.12387720093522,0.0886638761987829,0.0612634946183398,0.0419536257635844,0.0286897627235254,0.0195810819934698,0.0141308439012205,0.0105261825201801,0.0089976716579788,0.00899546433707887,0.0090894043818853,0.00831646105179704,0.00797290074304149,0.00799640924825673,0.00800582617575492,0.00797725923448834,0.00808162463697908,0.0070540278697745,0.00580331501016496,0.00493601182635969,0.00490297015404575,0.00587184971292275,0.00601901852352267,0.00709573481642229,0.00704036102999096,0.00639827397123522,0.00505318061979361,0.00501783681077188,0.00493182291641615,0.0055106750769975,0.00620986074672721
2010-01-01,"N18",0.0001220703125,0.00048828125,30,1,0.339002107023403,0.342257428660475,0.347,0.353179540317197,0.361409515403769,0.37052854687992,0.379231352693928,0.383106281203589,0.382360269244568,0.378189104307879,0.376803887339227,0.378798111838722,0.38740240442415,0.400677518538461,0.416932513516188,0.431187239899443,0.441144320492149,0.445437243927787,0.446205464923907,0.449802079326255,0.461396550767004,0.48579339032551,0.522872167409478,0.569038916619825,0.623467778695727,0.683703166416018,0.753874453243879,0.835775995285815,0.93004198646332,1.03313765578467,1.13921362459357,1.23916334306723,1.32463744344968,1.38780160840081,1.42198307000264,1.42351952579769,1.39115358598055,1.32788836464151,1.24225173986926,1.142,1.04111761445419,0.948436074831629,0.875313036668193,0.821781253228378,0.787254618788581,0.771301840375513,0.768181600514189,0.775169026710633,0.793019956134358,0.822711251548039,0.86297478756206,0.91727638445597,0.98399440068471,1.06143262269618,1.14514244008952,1.23196411287267,1.31260218317205,1.37544114231503,1.4129912486159,1.41509793527231,1.38090832061435,1.31116209778583,1.20640632423525,1.07428438793571,0.923677662555482,0.767984467258041,0.615843959380829,0.479657409929171,0.364883154289863,0.27414544709529,0.20331711283624,0.148875034292407,0.106650065760399,0.0755897825232754,0.0527815648482939,0.0372131859314891,0.026924947875513,0.0211657489579891,0.0184505295168863,0.0172544926848176,0.0170431730453765,0.0159506178311131,0.0160313506411793,0.0159829099129775,0.0160365779500595,0.015962931797657,0.01692398110784,0.0160224020837473,0.0148299602497371,0.013286073032361,0.00990498002704774,0.00730253859954916,0.00400721952397322,0.00147395052586127,0.000993058536002134,0.00115505584555189,0.00345879329815633,0.0045157555592956,0.00578077258141343
2010-01-01,"N19",0.0001220703125,0.000244140625,30,1,0.201962410405681,0.201237441107119,0.2,0.197707990263369,0.196440209337394,0.19656188478367,0.19778551605187,0.20132111620495,0.20620023100709,0.210896702396061,0.217263804147512,0.224748617410904,0.230999734531209,0.239409742136784,0.24653542906671,0.253964806995504,0.260110359693042,0.264703850064283,0.266154069288849,0.265545057746308,0.262329587730149,0.259874334647488,0.26084182834109,0.26803551911583,0.285107546213536,0.314283787495868,0.356572807207537,0.409408049096716,0.473138844644753,0.545233915696345,0.623009926852782,0.705583810530934,0.791343362006326,0.874860594975262,0.950828587186898,1.01162845464369,1.04958281818274,1.05934607957766,1.03728778203214,0.983,0.899436229932289,0.797213011714605,0.68596737930084,0.577429901604436,0.479587617187764,0.397377506852707,0.336164537410133,0.293206552110332,0.266753756446775,0.253976384203211,0.252435279191679,0.25981255383047,0.274249451259923,0.295714276744412,0.321647916382315,0.351137472764943,0.380569364788406,0.406939549655193,0.426416071176845,0.436722223628921,0.433367809093726,0.414508612770959,0.380823400806963,0.33376245997795,0.278984970337351,0.223028103632408,0.169480844147064,0.123942536996563,0.0873914776915688,0.0604724784638898,0.0423560212364679,0.030544275884576,0.0233152550714471,0.0189094563750983,0.015200507570224,0.0123986293805421,0.00998178278350192,0.00877459808886714,0.00784244084715561,0.00859401388328456,0.00992806465787764,0.0100048541809403,0.00976707866122874,0.00854598457729869,0.0065287497921589,0.00501016969786154,0.00487786814466218,0.0038573799725338,0.00416195510147105,0.00305879663662667,0.00402241241792298,0.00414059702863421,0.00549943520758412,0.00665372652505465,0.00794662498677772,0.00800602731555276,0.00776035237283457,0.00642836897410135,0.005240342381815
2010-01-01,"N20",0.0001220703125,0.0001220703125,30,1,0.191380712447302,0.195425489098662,0.198,0.199096821576792,0.198603061847915,0.197472893199997,0.195184056149181,0.19501599544478,0.195106517924498,0.197356152572382,0.20178546649845,0.208650496002029,0.21825395886077,0.228359473310689,0.238944775623537,0.247760974536679,0.25510694943931,0.25854752762684,0.260559571721624,0.26158048618939,0.263754284218616,0.267525704058047,0.275160953644672,0.284996161237324,0.299562953884198,0.318568432747983,0.343523194412622,0.377137655037288,0.419914618647413,0.471672303992639,0.531152281980293,0.596577005613813,0.66484558726049,0.732559407954141,0.79457348107306,0.844754387976875,0.877214184763813,0.885530421851799,0.866474230228258,0.819,0.749059145422492,0.664609136639378,0.576862999769103,0.493545157741827,0.422500795037044,0.366570626214246,0.32668893380079,0.302262341110707,0.293083931208827,0.295895594363902,0.308052016296503,0.328287787940883,0.354506668347949,0.386011924403855,0.422868723456583,0.463287133334794,0.503775321008273,0.54015618498776,0.566943173427113,0.5794586893034,0.572668700901848,0.544328839960867,0.495181040413555,0.428597740392173,0.3543372301592,0.279308464910965,0.210317653443888,0.151395037179812,0.106830845610232,0.0748755958824938,0.0532575752120865,0.0377605216652749,0.0268558273525137,0.0191275350773066,0.0130432319073642,0.00839849726051174,0.00698631192819622,0.00611648659200431,0.00706053188055126,0.00756265501433869,0.00890901067902287,0.0089261913057241,0.00795378749031674,0.00757189662411384,0.00626494910060799,0.00503316407019269,0.00512574244885781,0.00640719797193485,0.00757084763963287,0.00888067362037394,0.00899356188565605,0.00906379003369617,0.0085212201106829,0.00801325565735102,0.00712052223063268,0.00590215031283276,0.00443341171949479,0.00183075658951321,9.31668570138547e-05
2010-01-01,"N21",0.0001220703125,6.103515625e-05,30,1,0.216747164549946,0.211873874114829,0.207,0.202266656250842,0.198729713071696,0.195022548953299,0.191487532555531,0.186761742572565,0.18423018276657,0.180710588427379,0.17989769456699,0.18089410856545,0.185884048357687,0.195762809877543,0.210593701704522,0.227463022688886,0.243287568828941,0.254649070572279,0.259231613807137,0.260070514890985,0.26002180639002,0.260153864944026,0.264647567545898,0.273608535104395,0.285981993114451,0.30360519664853,0.324612549992356,0.349799798232176,0.380431971149518,0.415914083862657,0.458207555823058,0.505050669892207,0.558868122631436,0.61396036173365,0.66613794165302,0.707984448215364,0.734676857652644,0.739015182643498,0.720605776134212,0.681,0.625092722898163,0.562443331568069,0.501507638755667,0.448982322747198,0.409678532964681,0.383920120235857,0.373409947135727,0.375148508480038,0.388290368462,0.409592209064055,0.440102834626707,0.477096773753371,0.521675086576428,0.5736650347614,0.632025784157175,0.693602472211375,0.75514349472823,0.806971013216379,0.844515598672205,0.858036829537074,0.844354909993049,0.801811575440651,0.732647457682676,0.640161877186079,0.535316599198743,0.427365409268141,0.326190857796417,0.24007755796171,0.170791943691104,0.11877809257354,0.0809468027383972,0.0561717294790285,0.0405584960803548,0.0320477014313963,0.0265034809517619,0.0233493227271284,0.0209744717505717,0.0186089005099096,0.0157183997707332,0.0124966102308624,0.0111830532234641,0.0088570299944202,0.00789370776991131,0.00846669738582184,0.009727466671429,0.0109686655398934,0.0109017419774595,0.00929263790793397,0.00681828102168742,0.00429355397404872,0.00295794160858422,0.00208734050840613,0.00353193262089578,0.00457602130966822,0.00681973884232105,0.00802774150466443,0.00803846629748651,0.00754513868757733,0.0061663836942415
2010-01-01,"N22",0.0001220703125,3.0517578125e-05,30,1,0.136595801325016,0.132615809705741,0.13,0.131346731611368,0.13459472522733,0.139509574610186,0.145348064643137,0.150294724675424,0.153591587983837,0.15648252295086,0.160062576808452,0.1657303148629,0.171567960197399,0.175201766988602,0.177841771472418,0.177968631734402,0.17904172843784,0.181445878388002,0.184407716955659,0.187309299229227,0.190700055941977,0.193244718718095,0.197339846903036,0.20161770657905,0.206014614384373,0.210877239108553,0.218090151946628,0.226494741847636,0.240818071956691,0.259121359623763,0.284348049501617,0.312571459035144,0.343043825752015,0.375147947756343,0.406206007528708,0.434845273708172,0.456768416489912,0.468481526154366,0.465962795688952,0.449,0.422639068351086,0.389970091071372,0.358892203459461,0.3342182134777,0.31816508199987,0.311141161805442,0.312091791326268,0.318680861473094,0.331415275691764,0.3475790404299,0.369209206412331,0.395422341374953,0.425902797289564,0.46321401668481,0.505799003658465,0.552011142645969,0.598758713653653,0.638076018293283,0.663690947224903,0.672141618102315,0.657345270099121,0.62005830284665,0.561362864418847,0.485977899998127,0.400814576477979,0.316845205387205,0.240140473862883,0.176182500528852,0.128331371662263,0.0929238310616136,0.0678094822434464,0.0489763289095125,0.0356885680768818,0.0266732819738598,0.0204453021385071,0.0172897722881164,0.0159882725497699,0.0148250360822366,0.0131352266088838,0.0112600271179677,0.0101543051994176,0.00896416641326799,0.00902150166993117,0.00899516103208154,0.00899876534175284,0.00900215608850683,0.00903791439322752,0.00860562271860163,0.00805368659367118,0.00707185577032239,0.00802314899155654,0.00813343636414614,0.00954189888932465,0.0101616768737318,0.00905425486645702,0.00892423352348203,0.00789706291144839,0.00797800740039001,0.00861097476814057
2010-01-01,"N23",NA,NA,30,1,0.135931594658745,0.136065573175014,0.135,0.132371407462011,0.128954542040856,0.127320020898494,0.12612669045547,0.124876420227368,0.122249164330474,0.117918314600945,0.113804047732097,0.110090954971256,0.110201557443952,0.113327972382817,0.11883537024027,0.125963876417694,0.131056351261967,0.131952279651232,0.129578633719751,0.122414604749081,0.113748585367467,0.106535867340352,0.105532831933464,0.11086977177856,0.120645834426041,0.132742351165957,0.146123723156208,0.159614548676191,0.175483630962378,0.194285611262877,0.216066362542144,0.236525133354742,0.257096913259633,0.27447030323681,0.288240822076438,0.298826385285639,0.302507989093542,0.299602960590337,0.29104456295576,0.278,0.265834743683172,0.253705150596064,0.245328264261749,0.242087558504358,0.243170023544387,0.247589914005716,0.255458408004245,0.265423567718879,0.277499356526463,0.291127715707145,0.309073018834563,0.331558797709286,0.358663342097615,0.387887131151524,0.416336255448335,0.438318884279761,0.450224879395527,0.446269861212546,0.424374884593653,0.387961629416518,0.340407814200351,0.287582458067579,0.235044645394961,0.184211642705786,0.139647706171892,0.103260018741862,0.0768048424489436,0.0582460295489394,0.0470451133424114,0.0405809486685138,0.0343497474143132,0.0293316778465997,0.0234376843730721,0.0199547592568207,0.0166705479985462,0.0152308487152017,0.0129661893378185,0.00947486343666266,0.00718217588820845,0.00452693478595261,0.00391942976560639,0.00513935322088088,0.0076192341770221,0.0101012218442073,0.011871886453637,0.0119934436076795,0.0117935180898321,0.00910347620429649,0.0074008641979725,0.00603682345458103,0.00702004476527977,0.00718918701161763,0.00809097632310846,0.00806493995364694,0.00711119789163834,0.00586392091211866,0.00491587787211442,0.00502144857859156,0.00499189472632989
2010-01-01,"N24",NA,NA,30,1,0.115244700088034,0.113618163908684,0.109,0.10299032332463,0.0987980078030393,0.0983698470680149,0.101468760105106,0.107457385101095,0.113161851770698,0.118609579684535,0.12336430531955,0.125921688822496,0.127043360366314,0.126984753876337,0.126995803884421,0.127021735020703,0.127016304614487,0.128090169716861,0.128011433938692,0.12753255654585,0.12440718373956,0.119574680406366,0.114401262696321,0.108624335985419,0.105227951402837,0.105947967411021,0.109795605262034,0.11662990249811,0.125853956721336,0.136552611111098,0.147549579790134,0.158251026429092,0.167539493376236,0.175340758047718,0.181678291171024,0.186537729638813,0.191214370148693,0.194184822898075,0.196605981841922,0.198,0.198143751008366,0.199390903184624,0.201256852670938,0.203687398088614,0.207275969684754,0.212941534391167,0.22490018817493,0.240884286215566,0.262076547102914,0.285292171481413,0.309849132117053,0.335577835660525,0.361126863545936,0.386735179346012,0.409194816291421,0.426990449897838,0.434404118910308,0.427416380128472,0.404341900753669,0.3678861088265,0.321261476477902,0.271881284228234,0.22294814288423,0.178215870947399,0.139771172077446,0.108881248500874,0.0864403687797404,0.0692432356629799,0.0563533967522587,0.0460182914743734,0.0368529733389103,0.0303318000993386,0.0256048985709524,0.0233427416787218,0.0208160748883481,0.0185010797909324,0.0149669784192732,0.012698969302443,0.0119286854842371,0.0120206881193084,0.0119807839322741,0.0119381631624699,0.0108956557790126,0.0110265434542199,0.0109942856878107,0.0110018020772918,0.0110283303225518,0.0106918935672341,0.00942722351563564,0.0080658491067697,0.00905747199665718,0.011798095295118,0.017434725477048,0.0221166416132085,0.0257875102154381,0.0257328640937032,0.0220834979835086,0.0173971329024718,0.0116482397948746
2010-01-01,"O1",6.103515625e-05,0,30,1,0.133635137396263,0.137385697062432,0.14,0.139805356458883,0.138650030862839,0.136670765716305,0.135141162597767,0.13275328959162,0.129374621996801,0.12655852401213,0.122812395040306,0.119122239336941,0.116671531647403,0.114564218850642,0.113252950067703,0.113753117753995,0.115020747118978,0.116324681030401,0.116733539837191,0.114843206901934,0.11048021582304,0.10561566519494,0.102267584452269,0.100133777146911,0.101439289611349,0.103930415796113,0.108821984319654,0.113519671426063,0.119067159182309,0.125168069048674,0.132401903598941,0.140916932421104,0.149091422198721,0.15554217046276,0.161678025917146,0.166633882470931,0.172404892621024,0.178293690697904,0.185670740379859,0.194,0.203641328278292,0.211814145994879,0.217826140364389,0.220891877783771,0.219792831584679,0.216036315386601,0.21269821991581,0.212421145143093,0.216736211884841,0.225499530998993,0.23830649958749,0.254127106924708,0.272915485912114,0.294687105831149,0.319270865850983,0.348951697268833,0.384972585747296,0.423487736670375,0.46236302803274,0.496842709768277,0.523430811342853,0.536986250980126,0.535227510555182,0.514523012181371,0.475287202391603,0.420137128330978,0.35492952477507,0.286619834087538,0.221731848363479,0.166041985543491,0.121757654414278,0.0904557945679095,0.0711298415764571,0.0591966451638549,0.0516564441251904,0.0434040326955265,0.0359242087760623,0.0273757904813396,0.0196121064338336,0.0141591438402049,0.0112453676339929,0.00889052443736715,0.00742572538114372,0.00548833267524477,0.00345289620712077,0.00296327500144325,0.00421701195391855,0.00752522564031551,0.0113490586802497,0.0136386039945626,0.0149853158192107,0.0139444693823151,0.0135547483143727,0.0130073349205552,0.0121209601169797,0.0109022537586361,0.00943336431425425,0.00683076867640465,0.00509316228945883
2010-01-01,"O2",6.103515625e-05,0,30,1,0.144125095279431,0.144663399167671,0.147,0.149269110705998,0.150558192039968,0.150476773968869,0.149122160804885,0.147912002248823,0.146737240906678,0.14532052884096,0.145662958354228,0.146931363071148,0.149300048347107,0.152113476558548,0.155249773315448,0.157716190099642,0.15796673205732,0.155536047674471,0.15262056519702,0.14958882341057,0.147204994477221,0.14603274201452,0.147372603157187,0.148509620657188,0.149834845694094,0.150002106802864,0.149955673960263,0.150513847538228,0.154324868655699,0.160151187424099,0.167411126524599,0.175690754939138,0.182937895196567,0.190113160903971,0.199351373194092,0.211523802842898,0.226223582301856,0.241370343745655,0.257242462674548,0.272,0.285308143822704,0.296785334436175,0.30511580009668,0.310608743545046,0.313185328029413,0.315106551358539,0.315493224793091,0.316004705459911,0.316920500715157,0.319379808035136,0.323960749646188,0.33240310968137,0.34556297194369,0.363627983287068,0.388636374111729,0.421210657532489,0.46166173562408,0.505062772305429,0.548836967639734,0.587675126742364,0.616450373393956,0.632650558328189,0.631240914195018,0.609126637005527,0.56802856345431,0.509332234052622,0.436977405089486,0.359076759904389,0.283336075864245,0.215751935962971,0.158680829352497,0.114285358092649,0.0816225701853231,0.0578049146659499,0.0410836304881284,0.0313103058188997,0.0239369243023183,0.0194336398752866,0.0174301967219744,0.0169783195447716,0.016941760802246,0.018060489193323,0.0177391936514537,0.0165201683072462,0.0146530887624316,0.0111574090645024,0.00759691226200249,0.0052690773753146,0.00271275726302567,0.00116647198793468,-2.29310899656546e-05,0.000180918078258925,0.00168550040021423,0.00572911390451124,0.00970988259515899,0.0132403256279108,0.0140698811169465,0.0136336057055232,0.0109276247776754
2010-01-01,"O3",6.103515625e-05,0,30,1,0.190033213221408,0.195104719896821,0.2,0.202340281492225,0.202528425295332,0.198199364852698,0.188378962382625,0.175031407239949,0.160160933071604,0.145409767401353,0.135680379822339,0.129173525626245,0.126844747949162,0.125399248479824,0.122253992693769,0.11854751428086,0.114932692922995,0.112888064179171,0.112901788323211,0.114181536714586,0.116882932788295,0.116995404606701,0.116756853788482,0.11547988283245,0.114095942267266,0.114968910393647,0.116192434233955,0.117333045480191,0.119196518898194,0.121645749314991,0.125222454307467,0.130079210173219,0.134975362407491,0.139725010186487,0.145657664098932,0.150521448639052,0.155362110857871,0.160800087188276,0.166920391157691,0.173,0.179182060527146,0.184397155127241,0.188595674168353,0.192623006595526,0.196248794760441,0.200104013454496,0.205433955750411,0.212411035954102,0.219644746058474,0.230641858085855,0.243205252653936,0.259605552173066,0.280461637422189,0.305800476973826,0.333970021422487,0.367513367024306,0.405688740139458,0.446233424396787,0.488884965403545,0.5310317189431,0.567134523195621,0.592627911016424,0.602011991033571,0.590618165933804,0.555174186076341,0.498086906702269,0.425321576366675,0.343921322055698,0.26571152785252,0.196611883039571,0.139610223295636,0.0962244137561056,0.0650250997854722,0.0463220375174618,0.0339774147787254,0.026818445880007,0.0229638882302144,0.0195219983817108,0.0167915288063692,0.0129977738029672,0.00940707643300807,0.00576605555757281,0.00386678777155122,0.00398176733682428,0.00458900843590263,0.00691238625672458,0.00801714248129874,0.00826442203253389,0.00970941766193106,0.0100090061258713,0.00998030860883232,0.00876537636780652,0.00717731353209286,0.0045571811488609,0.00304353899644926,0.00301394354006873,0.00295125504055061,0.00340924363823585,0.00545351883077138
2010-01-01,"O4",0,6.103515625e-05,30,1,0.163374226458134,0.159597837288148,0.157,0.15586580228974,0.156750269668956,0.159169488447854,0.162724456397405,0.162945005103669,0.161288854376938,0.157383548596141,0.154344504619953,0.153982452875844,0.155448149630524,0.160794255012513,0.16758152777708,0.174194867128539,0.179097348163355,0.183849976921455,0.187009317578359,0.189248032612301,0.19266367359427,0.196377567871585,0.201541833691869,0.20815693928887,0.216088518998494,0.227712734392022,0.24362567332275,0.261164936425175,0.281919401052765,0.306418886108965,0.336657361532383,0.374039553850127,0.420643484028179,0.477099993314046,0.541014190960027,0.60982797314905,0.681697749429698,0.751356030570081,0.810839227989529,0.856,0.880427011839646,0.878386217788457,0.850881199149559,0.797406741159003,0.721144058771746,0.631682656483922,0.538679361102053,0.451024819749996,0.375679354445351,0.316933513072623,0.275511105651922,0.246111246432906,0.227956823942031,0.217791892216479,0.213445552521741,0.214010804604747,0.219135743770663,0.228047857146271,0.239043465551156,0.251519494310513,0.265265024068598,0.276342526296629,0.282929369846358,0.282330432793181,0.272480440005279,0.252172856461078,0.22328177025752,0.188177461310926,0.151564847880964,0.116394568801059,0.0862555970203859,0.063130110693281,0.0473515362860654,0.0365496197282823,0.0300658531325428,0.0247216898977239,0.0209631137541273,0.0174978714362784,0.0150787021074048,0.0132491352963341,0.0122056285451775,0.00986764489328437,0.0087416202315647,0.00735831912454931,0.00706380177110297,0.00602778850770448,0.00588812022367207,0.00486129905644116,0.00512410600027675,0.00416884914435207,0.00403210009298544,0.00503609247821165,0.00543865524430045,0.0060433260371776,0.00604927349089179,0.00495548497447752,0.00478351398750704,0.0034224634683195,0.00224257403275252
2010-01-01,"O5",0,6.103515625e-05,30,1,0.167151840334998,0.160563615464197,0.15,0.137644226886129,0.124217221763742,0.110856594951273,0.0982334088435496,0.0884013214944826,0.0818539697810144,0.0791815260824651,0.0802003217349183,0.0847797995500021,0.0908763194398391,0.0985483968278075,0.107574889689593,0.119066075641346,0.132269960279066,0.145579487532778,0.156973752231787,0.165271222367584,0.170648749186876,0.174415798267147,0.178950665636236,0.183911622173229,0.192291457075983,0.20175429877507,0.216391703018457,0.233416430384515,0.255457641969164,0.282161313516921,0.312578732918408,0.347375802480595,0.389363075070245,0.439491838236473,0.498247103961629,0.564725644625372,0.637034350444207,0.707763911641244,0.770155192282456,0.818,0.843923839478821,0.845798751722825,0.821353888304334,0.769208805867231,0.695232476542508,0.605550743427457,0.509896124532221,0.416456490035292,0.333980071461423,0.267939898487054,0.219104679171824,0.183663623017682,0.159933805062818,0.143628875952041,0.134566918460762,0.129444281742704,0.126460419858838,0.125920157331087,0.127098947832713,0.128569505965342,0.131130284668505,0.133481015862841,0.135970048903165,0.1357754867821,0.132384335432592,0.123713765071208,0.110866013377578,0.095136179145616,0.0765755976024864,0.0575111319166085,0.0404940490373779,0.0276734556764939,0.0182024001224763,0.0138381981283828,0.0111998428441739,0.0109844528520415,0.0109999215751262,0.0109907156805061,0.0110727815188404,0.0103979974338939,0.00912855446905196,0.00791837130589839,0.00662653743996136,0.00602245775812248,0.0052502737332232,0.00498368818319309,0.00486765544465999,0.00380429053196636,0.00465830427179347,0.00497684044721359,0.00604958879230339,0.00701498499722649,0.0074427402436714,0.00805018211304591,0.00803482333516094,0.00685902199087949,0.00574124047776407,0.00393994992611671,0.00202207123133124
2010-01-01,"O6",0,6.103515625e-05,30,1,0.148483980512732,0.149866136110969,0.15,0.149820568284191,0.148892270051625,0.149012564978389,0.149016906651847,0.149065112107363,0.15003358065105,0.150515597605278,0.150961960523469,0.151963876620305,0.151979461618145,0.151998736939753,0.152045661933756,0.151865108739121,0.154048550464699,0.156782727171293,0.162213558702222,0.16899671273454,0.176342886183596,0.183653414160232,0.191044323210276,0.197737568974112,0.204363613628019,0.213779884033801,0.226145115307111,0.241559977700393,0.26248153472058,0.287529260572129,0.316620037416816,0.35219246942732,0.393714939811544,0.444585211724861,0.50323008569307,0.569610259851259,0.641080062775881,0.714365292221337,0.781070666952531,0.837,0.874290587621942,0.888963371127229,0.875172807660763,0.833339693781955,0.764441183807381,0.674944674571446,0.574979149074802,0.475211924257176,0.384352038701912,0.30865005649043,0.251798509595907,0.20904158464092,0.178708829687123,0.158550634502616,0.146984442414225,0.140548669461993,0.140271758467558,0.145376463324042,0.152796741485,0.162592077605868,0.173019648840193,0.182434480326308,0.189881647334824,0.193202810483267,0.192305326673445,0.184981568208233,0.170314960570417,0.149831702504326,0.1254855404888,0.100665302546743,0.0769932480874577,0.0570753138789814,0.0412744609379729,0.028853290370801,0.0203994025084229,0.0139606250751716,0.00895783685227559,0.00546834787931001,0.0035129800145749,0.00227175017899784,0.0019737290871109,0.00198439810941787,0.00222302093439369,0.00355166927658065,0.00470988731360326,0.00597365564340055,0.00598390812406108,0.00600180903009749,0.00601971272611472,0.00594038159485684,0.00704672546191606,0.00806111028501423,0.00805481981154508,0.0073763073455586,0.00609052732353316,0.004859037719168,0.00391811565198548,0.00402087801293135,0.00399211033925748
2010-01-01,"O7",6.103515625e-05,1,30,1,0.123519636575824,0.0980798455906864,0.079,0.0716160020293434,0.0781325282641701,0.0974357019314947,0.127279789627684,0.161369343641098,0.193124756631918,0.219410483945715,0.237920046739734,0.250591433688106,0.259041722127087,0.267915682214601,0.278214763235461,0.290763983874038,0.307353772774233,0.325962082592803,0.34731694174627,0.369162159126219,0.390987172578408,0.414167631876278,0.440817026106123,0.473040830281142,0.513475143646327,0.56582905415759,0.629964090058027,0.705294393508883,0.793506835321113,0.891531759090732,0.999590031125634,1.11515295786438,1.2370886403697,1.36123273550693,1.48296666735293,1.59473892615131,1.69456512609232,1.77703670471363,1.83971801276158,1.883,1.90852200096628,1.9186298852113,1.9143597195989,1.897763886053,1.86519026091732,1.81608500587573,1.74859173800746,1.66094324203643,1.55457150865052,1.43450917408506,1.3029143429111,1.1629773822809,1.01956392342599,0.877834412289971,0.742424029404936,0.614585650166913,0.499353942889164,0.400162885891568,0.316008995140883,0.247095292594983,0.193119119591875,0.150372540854912,0.116591961055894,0.0900100005987307,0.0687389617588749,0.0530921491772301,0.0421654557941844,0.0336752902798138,0.0289243950208249,0.0243391428416881,0.0216557218122348,0.0181977485908311,0.0157006810211797,0.013612298839841,0.0119693315673526,0.00932680140712765,0.00798716534920263,0.0069683659824464,0.0066191648252406,0.00581837115988781,0.00690184615154463,0.00697359335762825,0.00726274771554349,0.00820449964518685,0.0071894260473002,0.00701968569399217,0.00590699697663812,0.0061136242804503,0.00538608874461319,0.00494037723154135,0.0049734083480098,0.00391731477317021,0.00393150775530364,0.00470711250482109,0.00501930383035744,0.00500456031628364,0.0049979101821107,0.0050005328398647,0.00499979864339694
2010-01-01,"O8",6.103515625e-05,0.5,30,1,0.233726851081284,0.238107795309276,0.243,0.248822944000265,0.25218335282269,0.251980463794738,0.248501117983607,0.243812187003769,0.244607745851332,0.249701509910893,0.258849298999209,0.26769210493839,0.273390775737214,0.273984133908157,0.274320628889029,0.278054079745798,0.286216472872511,0.300315210843779,0.320076889295354,0.343231482565067,0.369563834705965,0.396467921682896,0.424700582618986,0.455575397540183,0.49341026116337,0.539978276865288,0.595535445374236,0.66299202453626,0.746806624438212,0.846011656393841,0.958842074220846,1.07917701565369,1.20628543405316,1.33305713498816,1.45593210595554,1.56786760479912,1.66818995166957,1.75113448580764,1.81469063103396,1.86,1.88770893894891,1.89988474830034,1.89826577447161,1.8817406520262,1.84908937197484,1.79749243871489,1.72705469854066,1.63639032985302,1.52770557024441,1.40419547800398,1.27162557317128,1.13018675942012,0.987357121189828,0.846907647293641,0.715156866016082,0.591328980694187,0.481170375981541,0.38588945769442,0.304176727669597,0.236105364665879,0.182574492631851,0.141161473298809,0.10855757361881,0.0844961897906587,0.0647906079322959,0.0498244873165478,0.0383064708672961,0.029645897656675,0.0237896286683345,0.0195044226350982,0.0157710816204941,0.0131878719512842,0.00976113115021145,0.00829176197557272,0.00692545125500903,0.00621970020918897,0.00601066341941258,0.00703456264303068,0.00740951385488118,0.00804806099630905,0.00806411497240972,0.00696916334117953,0.00675255520628849,0.00590321770173309,0.00598758205361533,0.00602972426345219,0.00495621467181042,0.00465915637288418,0.00393261775911464,0.00394487326931868,0.00504031412201827,0.00629068863460797,0.00708256234693812,0.00698389180729452,0.00700400394493544,0.00701936308806233,0.00675424110023311,0.00542992716234482,0.00423975355295211
2010-01-01,"O9",6.103515625e-05,0.25,30,1,0.149765660825921,0.12269568105775,0.099,0.0856659115238907,0.0873247776841888,0.102545973356924,0.127784162914243,0.158102791955516,0.18666784048559,0.21206554101423,0.233627094924991,0.252309835225275,0.269243161404259,0.285774463592154,0.299624577227325,0.312922309630764,0.327286662245584,0.342265443096709,0.359506282491404,0.376917001700223,0.397029859607017,0.420201475230085,0.446409714483249,0.475104452006782,0.509168930777435,0.552023339109428,0.60785987900845,0.68027505178144,0.770985576065022,0.876302683989824,0.992960700633196,1.11399922699017,1.23691766726477,1.35828658898163,1.47522796020409,1.58475524697788,1.68590550954688,1.7701357851865,1.83470687843937,1.877,1.90096201704363,1.90774546104636,1.89997198661211,1.87748633323086,1.83763668616068,1.77966300813721,1.70281848955076,1.60741722748001,1.49484239908024,1.36765802938441,1.23176497867147,1.0881355376106,0.941813497251,0.799891523199845,0.66846892157651,0.547623179027645,0.441772363291318,0.352345341624807,0.276792391154627,0.216024151005899,0.166886572976763,0.127598264033358,0.0975384020934107,0.0736941706116707,0.056927815541164,0.0463384182929755,0.0389086944243738,0.0327386423936361,0.0278426719189373,0.0235510465140889,0.0191737922443528,0.0151735322724564,0.0127241588497316,0.0102487408262474,0.00826396014090755,0.00799972502768376,0.00800802343387288,0.00904321427162928,0.0094054880129123,0.0100545817366234,0.010049975492053,0.0089205892093437,0.00742243009649141,0.00540301415947312,0.00417919716850045,0.00401565760772794,0.00282219493578746,0.00149139970281828,0.00145452328036809,0.00285553787913344,0.00406231241149541,0.00633953911173587,0.00751504187468554,0.00803894291604064,0.00803284195076035,0.00684013671035954,0.00598678041667658,0.00551007859211589,0.00478229658122322
2010-01-01,"O10",6.103515625e-05,0.125,30,1,0.251525187404184,0.246856609075067,0.242,0.234767624720746,0.229101304982055,0.225458278090765,0.224904902262621,0.227332498991673,0.233451664617896,0.240051856284156,0.246757721916918,0.252711924131213,0.261144378738522,0.272082705818334,0.288296512486749,0.305457272287796,0.321262695229168,0.332022273778444,0.341148236197384,0.351403920198276,0.366338067816872,0.388180807820646,0.414582416584272,0.445262480694369,0.480382620373073,0.521092367512677,0.571715625375685,0.632414957377402,0.706491986518068,0.792760179567719,0.893291768428372,1.00455206326279,1.12683352737171,1.25420762239358,1.38152915623315,1.50178402134384,1.61131923204088,1.70428147590187,1.77633009548349,1.827,1.85692327372056,1.86790536116463,1.86115761314605,1.83761166539588,1.79647865839919,1.73647022155428,1.65989595641567,1.56430449446741,1.4528147304473,1.32573684529972,1.19122975337566,1.04844285737851,0.906076592989154,0.768014786387665,0.641346442191741,0.523577236232276,0.420234105281853,0.332211064323213,0.25903777923058,0.200547409116653,0.155018549160964,0.11994692932759,0.0934581348393585,0.0730492523113123,0.0570055745246436,0.0459087445025044,0.0361083740885554,0.0297138961983626,0.0236952091610464,0.0198904141495051,0.0176284811908829,0.0151130811147586,0.0138690250609034,0.0126476384768766,0.0113971563575974,0.0103021480740417,0.00798243113263198,0.00661852047635544,0.00446669188512086,0.00327831216700871,0.00297800163660977,0.00300174045987435,0.00293212633363024,0.00354953197514715,0.00397841736707184,0.00494152701972043,0.00615976316280364,0.00743645314682493,0.00815083925866158,0.00720468888455127,0.00596383992431494,0.0047581460776,0.00345577434208442,0.0029733322083706,0.00295314596081499,0.00406899664383257,0.00390837832887131,0.00451665273223687,0.00520760183099469
2010-01-01,"O11",6.103515625e-05,0.0625,30,1,0.234406588008675,0.243000267040794,0.255,0.265876320250533,0.274689752910589,0.277892845887226,0.278066837809313,0.276943991759958,0.277192459459005,0.278940314587765,0.281545973007835,0.282964596490586,0.2842676451972,0.286720697608521,0.289684962226759,0.293560928382481,0.294997113144427,0.293496775690148,0.288546073564284,0.280094472644562,0.274285066740491,0.27445107018283,0.286424189370912,0.313737537067375,0.358834326499511,0.422550651496955,0.501487390864573,0.59182083549525,0.689551713636295,0.79308612420715,0.902593696434439,1.0182425719754,1.1424334216544,1.27030402390083,1.39665031078924,1.51458793186173,1.62299584646124,1.71468366817143,1.78560419585732,1.834,1.86016766011346,1.86548541275552,1.8506351546378,1.81855442933901,1.76889626403403,1.70007812571632,1.61404156211599,1.51105469441035,1.391072805795,1.26026210228176,1.12252212589009,0.979994043821495,0.838768115097933,0.704125996843098,0.581310985250116,0.470752018218479,0.375841883325507,0.29827622826657,0.233719818142266,0.182384952461929,0.141779094960308,0.110272212189358,0.086417423094784,0.0686217445813918,0.0557327277458037,0.04468597034755,0.0369297841412146,0.0296590763864552,0.0237647305903387,0.0195985480168874,0.0150615924262778,0.0121303303354562,0.00979570459149405,0.00861336511479798,0.00792487632527334,0.0080036125765986,0.00799797991250396,0.0081870163381677,0.00908699660348189,0.00906228516640072,0.00815721453118675,0.00692105974861052,0.0056376732596371,0.00494554054888352,0.00493119333836311,0.00594488042025697,0.00718623387870584,0.00815412589254301,0.00745283234727813,0.00617249616258674,0.00495800272934066,0.00392223416881305,0.0040201166311205,0.00400356917702455,0.0039866317867601,0.00390928546257866,0.00289508904011354,0.00302674909711391,0.00298989169601094
2010-01-01,"O12",6.103515625e-05,0.03125,30,1,0.233213274332017,0.240042967812867,0.244,0.243956221508134,0.243972708011369,0.244453351812056,0.247470055923862,0.253489872878277,0.260706766584509,0.268533953630839,0.277031665752439,0.286627422920726,0.295093296362962,0.30350813792812,0.309423794100435,0.315031980937798,0.322183212547334,0.333371436064166,0.346087128946356,0.358896421196592,0.37002636193231,0.381019987196515,0.393843994188905,0.412111977522948,0.437888554773692,0.471277207681853,0.509435262891578,0.553087874248583,0.604183351939874,0.665317795047041,0.736891676178215,0.821611817735519,0.918325856115233,1.02814464559515,1.14668874971869,1.27084722310095,1.39568368365089,1.51248008598753,1.6130886724229,1.693,1.75191491704189,1.78929365976952,1.80678374286617,1.80439061537475,1.78277342670018,1.73911496904067,1.67481930561099,1.58852243325623,1.48544105782572,1.36799069534312,1.2419015036776,1.10689767832571,0.967040780925372,0.827877511053814,0.693819332468929,0.568552422100753,0.455659095542305,0.35977351197156,0.280451472624504,0.216480588652821,0.166748703329395,0.128405077573191,0.0985379599099478,0.0745167086644835,0.0570053470185672,0.0449996539228169,0.0376021091157124,0.033866549665614,0.0312685217309566,0.0274896418543389,0.0239784409611886,0.0192807120452834,0.0156789843061963,0.013251082733038,0.0113459339881509,0.0102355472056515,0.0089940861444827,0.009021453447273,0.00897514389411064,0.00908339041159417,0.00815473856673207,0.00691933717580824,0.00565995379659165,0.00481651606208352,0.00580116901071369,0.00598706816597506,0.00721277282298906,0.00814453339496674,0.0074532785125019,0.00617690256959238,0.00496319443026101,0.00374353039125676,0.00255943453614865,0.00122788144517052,0.000995795522399107,0.00106814598330616,0.00235213880169248,0.00354294920509424,0.00477049628546472
2010-01-01,"O13",6.103515625e-05,0.015625,30,1,0.247183006135313,0.246257135265567,0.245,0.245144859239119,0.24669351140683,0.250302867044905,0.257172684596475,0.26454237005447,0.273196399184781,0.280386752794765,0.283712239582765,0.283973790787737,0.286453797059071,0.292743251059841,0.306839989495314,0.327424798183263,0.35250066813347,0.376938102709763,0.400490303109288,0.422291006661002,0.442247731338335,0.462976424976653,0.486856847396316,0.515834080232815,0.554069032985009,0.602896565888203,0.663025990435124,0.730653116684934,0.808949288908819,0.896757154571024,0.995090706698137,1.10129735564015,1.21707687401903,1.33583472760682,1.450431368908,1.55369957366466,1.64147071349366,1.70943442174536,1.75431852176212,1.778,1.78127179366503,1.76635902682491,1.73242858252843,1.67832561883159,1.6019874543256,1.50438390526423,1.3864210628703,1.25316678291993,1.10796783695981,0.958212655485922,0.811859716267724,0.672117420331036,0.546463751401424,0.438035970975315,0.348219688399416,0.273696602433553,0.214321823985605,0.167677479770045,0.131171540841501,0.104272497530062,0.0839066715665531,0.0685461312738261,0.0581883786942616,0.0486441041259291,0.041901741284538,0.0358121149294166,0.030551434690902,0.0268236726413024,0.023132393937319,0.0198447418959397,0.0183577454622824,0.016128330350448,0.0148835309008945,0.0135572129942522,0.0130451850874378,0.0121564309741796,0.011993902324753,0.0109435660993379,0.0106502344738854,0.00942582586286353,0.00723229275521079,0.00591315811983233,0.00492394081089955,0.00494266202240818,0.00568609504002036,0.00695227210234235,0.00815679127100435,0.00952377663625017,0.00950732034866002,0.00824870111086332,0.00594056329489713,0.0047853358542928,0.00345642846126404,0.00293917137265462,0.00301831850194828,0.00309656906563369,0.00405104889023227,0.00443203766795262,0.00584224120758076
2010-01-01,"O14",6.103515625e-05,0.0078125,30,1,0.239289008639558,0.244062517991295,0.249,0.250110486325655,0.249035755862368,0.244372760521805,0.240315573105253,0.239072457613716,0.241708416545692,0.246795545960261,0.255003174082978,0.265495373814451,0.28011151783021,0.297559177744688,0.316488531582158,0.336124370911107,0.354334685737172,0.37014094817858,0.386027548526043,0.402159045612981,0.422022726752025,0.445252561942626,0.472927982646169,0.504820432925305,0.541069554902858,0.584036392908106,0.636947625485134,0.699050599642074,0.776290794175123,0.866352838719387,0.969416802728587,1.08284088320926,1.203619233331,1.32614340671642,1.44151716873737,1.54230798375437,1.62429928152016,1.68253384506332,1.71425374396877,1.719,1.69732213539024,1.65183166152725,1.58350500006792,1.4958590282394,1.38906739485937,1.26819630603227,1.13542488808834,0.997105187594467,0.856526458671079,0.722957356474406,0.599740676668145,0.488701630989503,0.395605276913296,0.31793326064378,0.258255071332334,0.211668432262189,0.177258899876196,0.151887767252118,0.13473710791258,0.123407697575727,0.116068495730324,0.110928912425733,0.106104472479271,0.0997790353355987,0.0907684435221235,0.0805071156941058,0.0686043388105617,0.0563833161277795,0.0443913157422934,0.0339321585069726,0.0255166928731296,0.0202538303807663,0.0166713329202491,0.0142321410962178,0.0124646360966052,0.0103676739727986,0.00898274929024842,0.00664788665965048,0.00594814428945687,0.00600167268392926,0.00601863555236704,0.0060672544241881,0.00701877818017195,0.0076173557912072,0.00724249276500619,0.0070418902633925,0.00476988843176866,0.00320953185900663,0.00189489014808988,0.00186668041039701,0.00405767877537698,0.0054274675717853,0.00764764665656955,0.00804245002927356,0.00798304074394462,0.00790375204116553,0.00694880395884844,0.00656799985104668,0.00515774461424162
2010-01-01,"O15",6.103515625e-05,0.00390625,30,1,0.213314181549318,0.218846910710958,0.225,0.229593962545229,0.231541957775197,0.232094286638759,0.231894100315976,0.234202764929693,0.238443476144494,0.246862424142792,0.258164106441297,0.271457260440363,0.284631857367452,0.296761963576779,0.308982317409195,0.321162065087194,0.333228818443308,0.344201582035367,0.354915162440433,0.363603164185796,0.373948827738565,0.38621295825026,0.40129836783742,0.420361165035385,0.444347127538743,0.477241238288889,0.521072866341808,0.582131670412561,0.662884385685491,0.762699440190692,0.879029739243708,1.0030831957457,1.13267509574129,1.2573902135426,1.37165494177052,1.46746753043415,1.54096538526453,1.58896564671223,1.60855190751149,1.599,1.56239191847036,1.49981767819881,1.41733552025309,1.31616740452842,1.19933807976813,1.07007315935281,0.93565212083522,0.799427271534805,0.669036461757863,0.549205435793125,0.445061515066437,0.354893802833771,0.282460027425126,0.225518263381352,0.183656241951361,0.15436298242852,0.13499462664386,0.121875426458643,0.114494496668572,0.109901602324015,0.106827959681838,0.104530667225422,0.101097969725612,0.0949138303237523,0.0869672369677993,0.0758353091851876,0.0635763735819628,0.0513843081580906,0.0393281045514497,0.0294439831572524,0.0214784462394693,0.0171957712882708,0.0136268458271708,0.0115151361289996,0.0110273052649423,0.0102433752410295,0.00898630312030549,0.00796545157401897,0.00766170726460775,0.00634444144713594,0.00507852435353428,0.00499793136304136,0.0052016782884395,0.00663364497039715,0.00701899248369289,0.00702250585990042,0.00584387055139374,0.0042727257186413,0.00223428734853406,0.0019758407027596,0.0019944683931932,0.00216446080778951,0.00355941327959959,0.00405090957073607,0.00399551933621688,0.00399425641547884,0.00405381122841947,0.00354122619789869,0.00216786219779088
2010-01-01,"O16",6.103515625e-05,0.001953125,30,1,0.134033973276457,0.11641486998976,0.107,0.107668518214265,0.116080698303488,0.13238879852631,0.152621134012546,0.174475880065906,0.195018632505375,0.214913048748144,0.232330329025811,0.248384520929538,0.264184558786465,0.280970687777577,0.297228171940578,0.314582148347587,0.329278472603705,0.342348708540397,0.353071793750291,0.364665735512986,0.377666846662704,0.394703425325541,0.416540550606084,0.443528747353619,0.475969010738845,0.512204182718316,0.556520720757158,0.608274384093067,0.672372102310735,0.749972373121234,0.839745585810853,0.939843163554465,1.0477916620782,1.15720060092945,1.26204035403686,1.35446894268801,1.42903801572478,1.47754753853078,1.4970229306714,1.483,1.4376455638948,1.36541929795916,1.27228041405613,1.16292046082877,1.04014552755334,0.911407178840561,0.78170516532823,0.656472389236561,0.541335043081517,0.439704418938113,0.35432552973251,0.284714239445684,0.230002207790104,0.188981535632547,0.161116551257976,0.141798894670653,0.130090600408803,0.124310086463021,0.12190848668765,0.122250457699887,0.123744468265964,0.123248730836501,0.122064542632945,0.115747639057554,0.106505856234472,0.0943855231752928,0.0790983658161448,0.0631952258753342,0.0477068702837609,0.0353826424751867,0.0258425378803185,0.0192912496972178,0.0156543510900244,0.0135763668054617,0.0124494806978089,0.011182895807564,0.0099803076131647,0.00767578163594864,0.00670780676206971,0.00453354797458005,0.00403376477365153,0.00299786750992111,0.00433853294820634,0.0056268237358795,0.00591942819809118,0.00699299777580363,0.00589915168209356,0.00603758494712653,0.00599265304577575,0.00599936082002194,0.00599827343086434,0.00605510014176932,0.00554257356569712,0.00493185827148333,0.00500432414216136,0.00499633645343915,0.0050528580268717,0.00454146923524005,0.0031677703556133
2010-01-01,"O17",6.103515625e-05,0.0009765625,30,1,0.206353187414731,0.205310766940032,0.203,0.202033658413816,0.204130164238625,0.208400381876999,0.215105097067746,0.223606991713396,0.231873444990515,0.238632788662392,0.244606700795942,0.251662064524832,0.261343978736793,0.272940449162984,0.287130331612872,0.301825642436658,0.316294216418231,0.330756153536903,0.344115527999804,0.357302755669104,0.371730531397969,0.385314100523783,0.401455630128258,0.419827297151833,0.442735677878629,0.472321292317359,0.510796096444458,0.559064392098482,0.620004851407219,0.696018165020463,0.786868388409059,0.891037395704348,1.00538531070683,1.11955886037516,1.22521728533165,1.31022127939676,1.37053672220479,1.39909207942498,1.3936888744386,1.353,1.28081348939234,1.18190611509143,1.06528576758554,0.936586756835338,0.803745802376025,0.674186297529853,0.553963383881246,0.448955259517112,0.360170548407148,0.290359686754706,0.239024303871005,0.202399966493885,0.178652277333029,0.163676762157432,0.157175105278756,0.156537778749604,0.160525686044961,0.167294288389946,0.17452549193516,0.179225856473582,0.180891265329884,0.177354545578523,0.167277637823115,0.151246022432272,0.131827587220401,0.109042631255931,0.0868101008386112,0.0660448270184442,0.0497049347918831,0.0372905937602464,0.0285712260268104,0.0223187930209567,0.0188016338815937,0.0173476257686269,0.0153494789785698,0.0141569767616489,0.0140039691772302,0.0138023287368001,0.0129485814903072,0.0125057061169561,0.0102675016875203,0.00778922778581005,0.00395185049507234,0.00136581532468827,0.000143767873849864,0.000921223807200477,0.00347938525776642,0.006936597953827,0.00867932015610829,0.00915563814443699,0.00692006027545579,0.00445434200428833,0.00248904802218808,0.00119013107182532,0.00182586534707514,0.0042187182066296,0.00700574868986937,0.00975165918031128,0.0106319617932221
2010-01-01,"O18",6.103515625e-05,0.00048828125,30,1,0.18768664821826,0.191349831657255,0.195,0.198402762060381,0.199018651171517,0.199083011474334,0.198142959321402,0.198148919577738,0.202058030342877,0.20783984160601,0.216113494161653,0.224644873684155,0.234360441821562,0.245633080580682,0.258605948252427,0.271202708836099,0.283232541095001,0.294064206811864,0.303207194152839,0.312787119933399,0.325741075303995,0.340429205995924,0.358025936385812,0.37890437736616,0.404345243328357,0.434356743958018,0.468894736374108,0.508571461990005,0.554401450308444,0.606590491443346,0.668265953559893,0.738639157104678,0.820815502937728,0.912699922203126,1.01015885783189,1.10500184357782,1.18659214955523,1.2415258570157,1.25822413667853,1.235,1.17092639907439,1.07522567330949,0.95816947276999,0.830370816980488,0.701153677120706,0.57931156724505,0.470934049959132,0.380623390830556,0.308462157008446,0.255558377574922,0.217927186469206,0.193085317696812,0.177613938590309,0.169871023249738,0.169614823832465,0.175591621326867,0.184201246172516,0.195916391945192,0.206891246024086,0.214566223025774,0.218620715931901,0.216419654270878,0.207252344727592,0.190978524727359,0.168764757992432,0.141030968563695,0.112590237952489,0.0857352750204363,0.063402645863793,0.0472783898169303,0.0354488350686773,0.0264370908775243,0.0203689611719712,0.0158235720589816,0.0127417743276929,0.011092277061849,0.0109952051130224,0.00975561563940104,0.00858724188614784,0.00725631279287118,0.00697884845528979,0.00699738789813026,0.00700157559368025,0.00699959742320497,0.00700009306178231,0.00699996568905322,0.00699944931153324,0.00700487905819766,0.00697665330532787,0.00706641359989633,0.0059607029892246,0.00469079952712835,0.00403422773458381,0.0032189384285407,0.00386831417087265,0.00511912246019284,0.00625995108749483,0.00810798468075743,0.00935715069036801
2010-01-01,"O19",6.103515625e-05,0.000244140625,30,1,0.160644419201078,0.159791452451827,0.162,0.164607816494273,0.168039829862027,0.169733916980823,0.170096851520766,0.168999958764638,0.170411730886065,0.174272855650703,0.18131535733978,0.189636768423468,0.199347418888299,0.210713816831393,0.223001815977791,0.235133405799523,0.247208540723411,0.255406314419497,0.260356551290238,0.26051242072808,0.258279941404275,0.254707244157386,0.252657190463872,0.254961181613186,0.265779117643963,0.286431566070167,0.322604797157113,0.372436423339984,0.437690388657093,0.512653255402604,0.594092425986448,0.6764185845889,0.760079552664031,0.839187426672606,0.908333046607139,0.960842817937031,0.990585350222724,0.989791669609089,0.956520661857521,0.891,0.798900132250614,0.691326474765608,0.579851911965826,0.473029981934916,0.38000275348848,0.303725437171527,0.246900248599925,0.206150708923731,0.178840383018443,0.162117352060817,0.153162816998598,0.152794209552458,0.157729867188844,0.169418268677098,0.184042452392248,0.200523637944739,0.216536952613356,0.228137054013418,0.235305407592365,0.233930699416073,0.224655475126272,0.207269985579338,0.183526876588846,0.15518878895848,0.124908688226118,0.0962295053369583,0.0718742452116216,0.0511174364332836,0.0372410587819101,0.027739166799786,0.022049929491006,0.0181706493073098,0.0156165793047939,0.0121253384610367,0.0103744180596322,0.00923108888126542,0.00799377923478544,0.00804310986628706,0.00773227484922607,0.00563512538594635,0.0041225423407815,0.00296364469518728,0.00297082937698049,0.00344834656194992,0.00472684195101626,0.0059724134756434,0.00597371682974886,0.00608871487795369,0.00539116740799634,0.00494017880933443,0.00497385615655909,0.00390255824167299,0.00402747512933396,0.00399475933764244,0.0040011030788387,0.00400494566745827,0.00394655442633965,0.00445868057128279,0.00583217303350873
2010-01-01,"O20",6.103515625e-05,0.0001220703125,30,1,0.15324747001451,0.152972437704596,0.153,0.153156352815886,0.154401474241622,0.15614925037742,0.159567651411642,0.163202786411445,0.165583303724031,0.167769605876054,0.167299564670556,0.166095028243604,0.162593906568542,0.160274244110012,0.158031806405982,0.160215706492536,0.167198127232236,0.179742804713041,0.195496529437794,0.211289395621497,0.224847955148727,0.237128038284913,0.25100274241456,0.268550299606353,0.293805999715705,0.328226662969594,0.370035802888524,0.417375419185004,0.471125454105948,0.530868440444731,0.594168621106443,0.656519353468924,0.713727100937835,0.756565722542291,0.779401554434501,0.776328104827872,0.746885896238443,0.69210951192707,0.619429560149526,0.535,0.450083774641575,0.371968742125348,0.306952619686381,0.256665040355933,0.220970563774391,0.198342626791395,0.1857260416668,0.180525744070669,0.179901569328258,0.184873536404879,0.193072550248163,0.205315914250693,0.22057993117893,0.236482442207954,0.251736905525766,0.262696975594769,0.268051009835063,0.263898966167266,0.249289605718643,0.226032776502549,0.194887430192824,0.160739421218179,0.126671366676174,0.0953572897131284,0.0702057387364005,0.0495088643248174,0.0345378304323867,0.023510450268058,0.015398916894602,0.0103795861351868,0.0073923540589329,0.00698077564150769,0.00700114676218472,0.00692058248562434,0.00761635828349632,0.00794880576872599,0.00900590331106928,0.00917046392440422,0.0100271530311507,0.0106406773260287,0.0110805744324577,0.00990401025397154,0.00876598348532565,0.00693907804229742,0.0052300573983371,0.00402787361134357,0.0040005316590232,0.004207304803123,0.00623727637447981,0.0078358878937266,0.00901900018052662,0.00896560302915877,0.00908175136026534,0.00837116267396066,0.00709162330307924,0.00586398170949696,0.00486467084688911,0.00547955838825375,0.00682428344681832
2010-01-01,"O21",6.103515625e-05,6.103515625e-05,30,1,0.146443165311716,0.145207260012026,0.144,0.143122006821002,0.144057506344471,0.144563065030923,0.145870686340195,0.147075443486898,0.148463249470607,0.151416180322376,0.155828941297175,0.161731850181242,0.168982462911533,0.175986974321444,0.181685332009473,0.183928185635473,0.183971477621226,0.179690309411177,0.172268043654788,0.164217199026349,0.157427878139228,0.155086463279186,0.159810110285449,0.171274045792029,0.191301809945099,0.216438183063832,0.247102376750426,0.280308505005962,0.317651821707871,0.358380528556293,0.404431505161533,0.455810753515782,0.511387132773542,0.567664688744257,0.621061686407276,0.664081926783004,0.692498150854714,0.701329150950877,0.687101981843117,0.649,0.590031687858281,0.5166307187682,0.439163954961658,0.364728804470669,0.299926885878,0.249817331767112,0.215284093518999,0.195763639974173,0.187136491337559,0.187360544002863,0.191586088624189,0.199502874499756,0.210941702311632,0.226492785828369,0.24373794082938,0.26348611690813,0.282498438059433,0.297852999570902,0.307465267741781,0.307016584039143,0.297367648846251,0.276487788976825,0.245686803679964,0.208706419328413,0.168388094345455,0.131535815283915,0.0987648907793548,0.0739155245009896,0.0554714978078731,0.0438490462246563,0.0355192735005188,0.030270313556893,0.0253564546057828,0.0212314812940694,0.0181837608985257,0.0162344229070479,0.0139864192997082,0.013947968562631,0.0120792476195566,0.0103471454239215,0.00831358517956587,0.00590085169256915,0.00439096894394505,0.00280704600805311,0.00307762741413584,0.00294751117233246,0.00525566064562049,0.00643877248904183,0.00696803893960851,0.00783710441775161,0.00798720065591343,0.00823030646874002,0.00907332992074105,0.00909306251888648,0.00806310427653125,0.00795104192024178,0.00657906496077076,0.00596788373728961,0.00543930480499418
2010-01-01,"O22",6.103515625e-05,3.0517578125e-05,30,1,0.172595630980253,0.178887642465743,0.185,0.18849066276726,0.190643176347106,0.190509079160238,0.1883581057211,0.184826237876111,0.183882460116892,0.184794903839377,0.188176539827854,0.19185053368449,0.195388229534383,0.197543901079319,0.197649807825676,0.194719899134626,0.188875124777179,0.182734722283734,0.177241752126905,0.175761284493892,0.177619723266623,0.183563391737237,0.189878157922259,0.197292148677729,0.204477229250617,0.21281238234687,0.224189794001854,0.241129855298207,0.26227165204583,0.289996974183183,0.321658371926204,0.357198156927133,0.395068608524142,0.433622999470106,0.471799672305733,0.506609655751054,0.535516386619622,0.554414018853557,0.559726910995442,0.549,0.523411078518612,0.487278118399495,0.446889012954537,0.407051035618259,0.373946058581813,0.348048142397101,0.328635227705864,0.316189139465001,0.307275934564168,0.302560627410828,0.30303909719611,0.30962112925332,0.323253570761111,0.343696260449067,0.369445179783451,0.39817968737037,0.426315710543297,0.45017424398685,0.465978984299284,0.469519981750253,0.457645714778826,0.428779818652959,0.384034855160534,0.327427945585452,0.266041739658298,0.206990733454279,0.155067354571378,0.113172541895404,0.0812988239212725,0.0580633931412172,0.0421626042336996,0.0314731766856809,0.0255458476573709,0.0236456173272099,0.0223015065277163,0.0221102253027905,0.0199739968536351,0.0174113507456308,0.0137705523084366,0.00924846549466467,0.00624150327266214,0.00390730794553289,0.00427499160313186,0.00550662683734724,0.0068344391146158,0.0069845561094139,0.00819143287537415,0.00938431343499037,0.0105676672150534,0.0119037910018911,0.0120201100749272,0.0131012158871971,0.0129947719437228,0.0129056415902365,0.0139172471550768,0.0139115306829508,0.0126571746019806,0.0114546761608391,0.0102304010727865
2010-01-01,"O23",NA,NA,30,1,0.113535646394081,0.111568864339127,0.108,0.105361380029473,0.102378371633101,0.101336523528007,0.100908782631662,0.102043766285497,0.101972467585222,0.102017037993091,0.101960840151306,0.102901076618959,0.106506136089811,0.11007040431598,0.114275964533652,0.119414717023156,0.122048195059684,0.124208498918103,0.123538792933236,0.122452105868313,0.12014284338839,0.12000392711614,0.120311628750142,0.120965626900275,0.121870223413899,0.121022103003618,0.12108950923847,0.12312183488182,0.130652840888465,0.142244622839186,0.157888732198024,0.175671980690519,0.191063402729573,0.203741265943496,0.211603648365896,0.217507390425874,0.220865890618143,0.222161268373706,0.22140827525164,0.218,0.215377292909241,0.212300018889349,0.211933817870046,0.21275167817586,0.216307252773052,0.221483250924058,0.227457324139873,0.234977175107762,0.244573846058953,0.256958079019839,0.273894053140798,0.297233075822159,0.32458396239253,0.354873231355971,0.380759087441469,0.40057229210521,0.408556471659724,0.400479614862573,0.37728294157666,0.339631491744201,0.290815123256194,0.237415508387435,0.186974137935405,0.141330334054854,0.106337004814415,0.0803997975207833,0.0628189361385667,0.0505217468376786,0.0437509627848325,0.0395183613261718,0.0357544101975513,0.0332100482552587,0.0284949895159514,0.0247377256994412,0.019535190711128,0.0162748067645141,0.0149869927241704,0.0139296506544641,0.0140036494400119,0.014078434787914,0.0131543378760341,0.0119162597101798,0.0107072072410821,0.00939665960549134,0.00894876163417033,0.00900762614262153,0.00910545825578296,0.0104521082030943,0.011169740354099,0.0101392079426424,0.010003628903912,0.0100526057556617,0.00951705877699698,0.00904397132200509,0.00806308350375101,0.00792712696328156,0.00688691296524902,0.00702883374699986,0.00698910392083228
2010-01-01,"O24",NA,NA,30,1,0.131173858024064,0.132949155587615,0.132,0.129315651726397,0.126479248607722,0.124673812220756,0.123208563916502,0.119720827886158,0.116164887243442,0.112307247777661,0.110144809884783,0.109948177280862,0.112265760778047,0.113097406728122,0.112549173829373,0.11037412829632,0.109016574664558,0.111614730002488,0.116245214842133,0.121755170485909,0.126607711030517,0.129004223808966,0.127557360006446,0.126953025481053,0.126955714357024,0.127959114358095,0.130356433100462,0.13326514359752,0.14003644321038,0.151110305488959,0.169054363449029,0.192488967037082,0.218437966118233,0.242159435176249,0.259276302790775,0.266285889304926,0.26513209905119,0.260865663196123,0.25497260866898,0.251,0.247338785689209,0.24362447881363,0.240583082845941,0.239049265742927,0.240223876016624,0.245716707265567,0.253322524650629,0.264207341038896,0.276493147536146,0.289859670840327,0.303368235085397,0.318713576415653,0.334655011428681,0.35050688868295,0.368789839847707,0.388941124801014,0.408131782459138,0.419440853239936,0.419177591869897,0.398675800043829,0.36095220144158,0.308620460179729,0.249195236979775,0.190889883815074,0.138070753356442,0.0943928762885402,0.0622847134011258,0.0411661904957756,0.0288442182672226,0.0237570951997908,0.0221174654269837,0.022907409134992,0.024156017633011,0.0251299890004109,0.0245640337386294,0.0224378756893594,0.0199744469867275,0.01771266989478,0.0165637683880333,0.0154203540693433,0.0132835132331573,0.0108180839413241,0.00862129656637328,0.00743873188032386,0.00686673137518979,0.00795081106809919,0.00925169491161396,0.0120796674900594,0.0158771113712489,0.018692642659671,0.0199938773758979,0.018720076152481,0.0174750436015712,0.0169347444369795,0.0170207430340057,0.0171108739575926,0.017858787131684,0.0164032711108591,0.0152498266956237
2010-01-01,"P1",3.0517578125e-05,0,30,1,0.115130521750078,0.114294712610112,0.112,0.108493066789838,0.10600876002363,0.104898410754794,0.104961940354691,0.106105738691461,0.107118108871067,0.106576258307713,0.105152134253398,0.105022985135095,0.103950915896654,0.103711375464397,0.102504110795893,0.100281016729507,0.100015163094914,0.101495989868495,0.106260507933047,0.111833244733951,0.115735834006179,0.116902629619434,0.114130897339929,0.109685836235357,0.106990582735919,0.107955207673957,0.11189490633645,0.117708904346874,0.122529994755334,0.126604147267934,0.12910140322286,0.131849568569178,0.137661554276039,0.146542969465021,0.157267651783055,0.170405892527524,0.182557231828094,0.194286157396624,0.204429884012335,0.212,0.21762463564292,0.219957853509468,0.221135850423859,0.220981735059356,0.220978894070263,0.221352005479365,0.224918658817505,0.230469615910681,0.23864660108788,0.247202194348153,0.255356401147568,0.262521121505974,0.270585226663527,0.281363385602299,0.296893990650629,0.320319388434594,0.348814645273288,0.380199597901029,0.410645418609713,0.437914184525527,0.457030555209866,0.464194331264514,0.456327056541178,0.431976162398842,0.391771950742836,0.339786719128153,0.280829981669773,0.222217412497258,0.170867739966109,0.12811111778228,0.0942168400724174,0.0664144717099331,0.0470588535027529,0.0334873955778796,0.0242355683095904,0.018734099252723,0.0149714347002668,0.0125286930512905,0.0106564997956001,0.0123439691525016,0.0138354729641442,0.016155356691137,0.0169190754217332,0.0146316612924434,0.0100565043826177,0.00608854768724018,0.00635461278838681,0.0104260553772361,0.0160053278642445,0.0207692881258478,0.0199382221563715,0.0171462515990956,0.0120741161047599,0.00773201505197208,0.00608144711275183,0.00494057175951041,0.00506958885156496,0.00458544180459077,0.00254848950465942
2010-01-01,"P2",3.0517578125e-05,0,30,1,0.125936303782928,0.123381358485318,0.122,0.121990286993438,0.122255686812805,0.124315302176149,0.125933618209037,0.125958381186092,0.124479651687706,0.121954708919696,0.119555159717943,0.11708053071447,0.115952711540684,0.116065424300164,0.115540019178584,0.113420769371764,0.109903525564686,0.103539756285791,0.0965513728561162,0.0910882144708307,0.0889053818950256,0.0924872182784673,0.0988430979144362,0.106866403396183,0.113981858079411,0.117952828509374,0.119071857919371,0.118661292574273,0.117399732924322,0.116066571156368,0.117127789427799,0.121126189192295,0.128252843570422,0.13746815239087,0.149246211364299,0.16126143881009,0.171944168134438,0.181140132481496,0.188786754431391,0.195,0.199623739687679,0.201251348814525,0.199876098505249,0.196427968920121,0.192790015000884,0.19050332662841,0.19067912936734,0.194768569228137,0.201634856006789,0.212698096491063,0.227021526871833,0.244793977122279,0.264783457236532,0.286678709515269,0.31137544852157,0.33997830405761,0.370535816728254,0.403899592567018,0.437915159966711,0.46757554015154,0.488808836941055,0.495556487411464,0.485392739667905,0.457511105530375,0.414907462869128,0.361058116123677,0.301078704428703,0.23894462552017,0.181626887280247,0.134416000933682,0.0988890928105158,0.0732883227561713,0.0552013516465889,0.042634613338086,0.0327345496770352,0.025867950567986,0.0219738884260661,0.0194473907859584,0.0183046156673702,0.0188988173400956,0.0207795934368272,0.0209487399533777,0.0192818031998265,0.0150195513332288,0.0093483604696852,0.00412308766874841,0.00293472736405632,0.00354732082576101,0.0067178454533835,0.0105702712884325,0.0120113068800033,0.0118746610069879,0.0100316042925564,0.00837346576852247,0.00614403130951245,0.00610353407674348,0.00732709780315042,0.00859757231617631,0.00914719066638463
2010-01-01,"P3",3.0517578125e-05,0,30,1,0.129074314208268,0.127564892008888,0.124,0.119092317307764,0.114429737009791,0.112706198745137,0.114617957748342,0.11942075835183,0.125156868689778,0.127424481833441,0.124939262157669,0.120252095823027,0.113222392881841,0.108611195792902,0.10717680854477,0.110385513462715,0.115116445392664,0.121005816623272,0.123322054339435,0.121826422423989,0.118313753151614,0.115893173980995,0.116493058268125,0.119482739911897,0.124038824189663,0.127945420489537,0.130489192140467,0.13431034549638,0.137245534584456,0.140421785141546,0.14522409803262,0.150554571904235,0.160221034877465,0.172027590956243,0.184286975999786,0.195000094776145,0.2037213251551,0.213544907953184,0.223989381930858,0.235,0.244582325014287,0.250140125607214,0.247780775991469,0.240870221440736,0.232364236056333,0.224423680096824,0.221059621470418,0.222753333702884,0.230607534483488,0.241839461749656,0.256822553735786,0.273252495361436,0.291145425105782,0.311677001327406,0.336092895929311,0.364655376297522,0.397858019869492,0.434578482651134,0.472381214979833,0.5081385950298,0.536587408903081,0.551150581415112,0.548257506553023,0.524818787151242,0.480998206600867,0.421653621354513,0.352325352212583,0.281529692338239,0.215621964637213,0.160459038416061,0.1175051569749,0.0865421515171673,0.0649350968902914,0.0515179434713422,0.0423293355170133,0.0359122591748712,0.0319750044743458,0.0293869583500042,0.0260178490094631,0.0236804112155979,0.0213115599828161,0.0177163091363207,0.0143802473722536,0.0114407002719809,0.00846574875865359,0.00610471305995954,0.00374173110883473,0.00293267643378822,0.00302956676311012,0.00295242494852442,0.00406211836661494,0.00647805150287237,0.00930675860588971,0.0130437151664876,0.0167441399114081,0.0192098726257521,0.0196188894729522,0.0164348886760798,0.0120319295171681
2010-01-01,"P4",0,3.0517578125e-05,30,1,0.170392090665782,0.164133948116859,0.158,0.155707028475161,0.15517540488828,0.15734648823147,0.158893706988787,0.16010144434103,0.161064511426048,0.161059996594973,0.160318084286561,0.159045618977026,0.157828439096749,0.156794291518355,0.158042071226012,0.161295704935644,0.167115406303089,0.171873827508113,0.174526596353911,0.176327222173824,0.178663172997097,0.184646805258138,0.192029916521374,0.198839444476966,0.204152426003214,0.207915066723978,0.214382894716666,0.226987603461398,0.247343136100236,0.273386332616068,0.302564492369418,0.337189375264762,0.37794431586884,0.42606399307446,0.482489699583433,0.541626979241744,0.602710970615035,0.659554063252883,0.705298700953599,0.735,0.743857660181314,0.728863283766095,0.690285018459608,0.631377993451717,0.560918507116423,0.487539740474975,0.419495269207861,0.363669090615111,0.321384590598827,0.292688872551257,0.27393759353036,0.262158616460857,0.258124594028599,0.259124060035707,0.267092438257358,0.280977518464412,0.300570085758141,0.321049425924921,0.344003946288405,0.364228107647786,0.380549543479129,0.390768663845361,0.393064536363908,0.383610809778792,0.360580335334381,0.325757629942437,0.281282325872566,0.232577033527326,0.185396465155023,0.142824008363959,0.106798436451991,0.0766101786028611,0.0523077100324666,0.0333004807310787,0.0203137202876151,0.0135906536740175,0.0109954646947715,0.0122641217142279,0.0134813467493278,0.0141214731857175,0.0132008349365641,0.0108206567450539,0.0084040644121853,0.00589760364570382,0.00411121403335215,0.0040251978940348,0.0029500876289854,0.00269031377938282,0.00178818809619772,0.00290063079045457,0.00303724439445927,0.00542612686717274,0.00602980046619599,0.0060535675499619,0.00515284350963366,0.00273941759563289,0.000487207144505775,0.000388119839945445,0.00188866965735377
2010-01-01,"P5",0,3.0517578125e-05,30,1,0.14485587534235,0.144900549672139,0.146,0.144793890518878,0.142984800743751,0.138317301700164,0.134471318235787,0.129786180191924,0.128889486340651,0.129892624276029,0.132404643747847,0.135849890343122,0.139520808472614,0.142538690969844,0.143621264009654,0.144103508345073,0.142977739913938,0.14155971635207,0.139366240232545,0.138920768407694,0.13979172265989,0.143380033456489,0.148837715243887,0.156217910173818,0.164203887113625,0.173781186986388,0.186066116741769,0.19967936232046,0.215016696676493,0.23159734463254,0.252087773730537,0.275683980937726,0.306011570297312,0.343910181424506,0.388126811379644,0.438712407556765,0.491573124825228,0.544414464827327,0.592994893658248,0.633,0.659524777329577,0.66753550083424,0.653438801507274,0.61644779525501,0.558460926050027,0.488872471702117,0.416028053176677,0.347831296175604,0.290046388456783,0.245776070866048,0.215700164302857,0.195429063973141,0.184861835306041,0.181987295739704,0.183766500405022,0.189158810935058,0.196592742215582,0.206145032033557,0.216003807682703,0.228384709060147,0.240052714351235,0.250246851408976,0.256934738110107,0.256470838071744,0.247838351581374,0.229410500101862,0.202833861107176,0.172395316994931,0.139544695163,0.109463675152438,0.0830146318185238,0.0592232329512978,0.042139276703897,0.0287089055264104,0.0208697391174558,0.0164218717331484,0.0149868680390491,0.0140929775454562,0.0152270776233248,0.0142704831212309,0.0140247264550816,0.0128899386434475,0.0119103767115457,0.0121062028684896,0.0112791380027964,0.0100775104948637,0.00778444131772771,0.00627365428675628,0.00433577383323164,0.00312843360457067,0.00300456244250951,0.0030085983972272,0.0029059524746561,0.00371123646881151,0.00401971431937769,0.00400934236706229,0.00394453958769362,0.0044591942937258,0.00583197890125081
2010-01-01,"P6",0,3.0517578125e-05,30,1,0.133485893705834,0.13486277190158,0.135,0.134906660351312,0.133089644246418,0.13141553998954,0.12918859592962,0.129013495680857,0.129152137721164,0.130946161845478,0.1335616485458,0.134946321329584,0.135962186429713,0.134572282837474,0.133427923235329,0.132137409574716,0.132017843344593,0.133169920564592,0.13526560591081,0.138882741354369,0.144416560072459,0.150554736179464,0.156453988869523,0.160730942799548,0.163658043121673,0.16495592171404,0.168669642379069,0.174400520767676,0.184910704273749,0.199649728642276,0.220078904832079,0.243949335367658,0.274787398692993,0.310504540612362,0.352287432513766,0.400602064336129,0.453739771900847,0.509327463387649,0.565176927232733,0.617,0.657404434305517,0.682630630804697,0.686664827740107,0.669411356585774,0.627351451861157,0.566248916440091,0.491704878224085,0.412872662854207,0.339678416285116,0.280819337630452,0.238261005623928,0.210265110261149,0.193856416052967,0.183760363214545,0.17661601688877,0.171816572288268,0.170088526617172,0.171671758825034,0.176614179688275,0.185857879053332,0.196952689182309,0.207903810740406,0.216877288571201,0.220303170757054,0.218207291732487,0.207800235263434,0.188975029055731,0.164705081514077,0.137707279763492,0.109534478281281,0.0841600974163763,0.0640831437431819,0.0484481217746473,0.0386088715827908,0.0325144451491938,0.0286134079348096,0.024967258089824,0.0227814192181341,0.0211229083509053,0.0193745568436322,0.0172276082345537,0.0158787862375831,0.0133614884869196,0.0109521026739489,0.00854490122797299,0.00608198068160333,0.00496418749808134,0.00493335861531882,0.00560963858538732,0.00604423933685492,0.00600805472981983,0.00577949397935863,0.00489808925318239,0.00501799639235532,0.00499866902130944,0.00499968557101449,0.00500014409073362,0.00499996326125477,0.00500001388332486
2010-01-01,"P7",3.0517578125e-05,1,30,1,0.256208736387308,0.255998192965093,0.247,0.234402888066261,0.22064192688155,0.211733007831435,0.208043482969064,0.209128327845681,0.21199678480497,0.217339443661164,0.225511278258301,0.23842123692194,0.254298458912867,0.272405246219745,0.289406583272126,0.305704103174065,0.320268206595317,0.33403068096684,0.349907681456798,0.367433461763116,0.389722277074022,0.417716314177913,0.450245469175612,0.486936677421891,0.528709332057573,0.57889970927281,0.639608331014625,0.714121505941888,0.803887782912119,0.909234664921712,1.02817520084768,1.15584473536491,1.28981068468712,1.42218938555087,1.54606118197868,1.65437424023223,1.74954512877086,1.82598977084434,1.88604608293467,1.929,1.95703638704293,1.97187186376243,1.97195147720844,1.95664417171394,1.92404641290176,1.87089831146644,1.79843177293488,1.70670661016779,1.59671940175737,1.47299522142447,1.33785053752126,1.19364070579625,1.045325566606,0.898730196497894,0.7608841824141,0.631495873156942,0.515708964234968,0.41535869751436,0.327673351577605,0.254848983429958,0.196208340858676,0.151549966729749,0.11661558226138,0.0904050879815383,0.0704362663598812,0.0547329354121585,0.0433184093976883,0.0346514367577212,0.0286719458896587,0.0223977583656464,0.0177947379392566,0.0142017223780167,0.0118138741473552,0.0106836911419726,0.00931731677469078,0.00903274166117041,0.00798479384288549,0.00688703187756228,0.00746560462645408,0.00799363018465056,0.00882506684462804,0.0100341900872023,0.00996593728684483,0.0100867357942889,0.00930257866366987,0.00805517836156828,0.00697413605667771,0.00663553415255345,0.00601841232997354,0.00515873235542515,0.00500613934178242,0.00499626107778316,0.00497668096025993,0.00510414785893426,0.0040732915453936,0.00402727287166489,0.00387631956782392,0.00496988031816751,0.00704183551101245
2010-01-01,"P8",3.0517578125e-05,0.5,30,1,0.162766417705831,0.168940209507655,0.174,0.176406706505704,0.178877475453906,0.181292902375673,0.183722695246108,0.186137986948969,0.187006580086,0.187426473746004,0.188719834739752,0.190839250623769,0.196991507168119,0.20615044815358,0.218390596655226,0.232765212234469,0.24726506397792,0.259378786930892,0.271911202744084,0.286579952802339,0.30416060796855,0.327214567185602,0.353576193863654,0.384204750822055,0.420023124748306,0.463040093804717,0.516063141287537,0.579560238413585,0.657264227835407,0.748165636156283,0.851288570451355,0.959403060308744,1.0717646508739,1.18009011237972,1.28028673405681,1.37026312329592,1.44686277792727,1.50945732961625,1.55231862860889,1.577,1.5801950592241,1.56590064510343,1.53638183774503,1.4909502296838,1.43017773464324,1.35201656067855,1.25967405504471,1.15396161197743,1.03682969055103,0.914807164470277,0.792014253065068,0.671432701406795,0.558225342279915,0.454051777821649,0.362675034277482,0.283479310756331,0.218348123500957,0.168859209606096,0.129902760385831,0.101226658912102,0.079960082141184,0.0621182525089085,0.0482425114461995,0.0375001350483111,0.0293986493330683,0.0227756843464773,0.017494189966835,0.0148823310038586,0.0126303702538567,0.0115396464918145,0.0102810253961554,0.00908432196955229,0.00796775358021021,0.00774858466899905,0.00642696407802262,0.00513578506331936,0.00499998589825419,0.00514227055787129,0.00646632871449334,0.00763936130319241,0.00890489291315282,0.00893723660725416,0.00774556531172985,0.0059464803160377,0.00422049367483124,0.00303707532216374,0.00316423805353029,0.0040172632559937,0.00460134304001202,0.00501874201934903,0.00497720058621866,0.00389467637584763,0.0040541869180201,0.00388948943614409,0.00492885672757188,0.00498422033252237,0.00499840722203404,0.00504864452953046,0.00437895364669961
2010-01-01,"P9",3.0517578125e-05,0.25,30,1,0.219388223733892,0.220193502322108,0.227,0.236850417614664,0.245717118681829,0.24853483382543,0.244718205486073,0.237529511463944,0.233678162878433,0.238000725902484,0.249111484042831,0.262511654449455,0.271921546170054,0.27775266577796,0.28487703297668,0.295884710927412,0.312373740806854,0.331982972930154,0.350838708524463,0.365742174027951,0.377004725338151,0.389211344278108,0.406778920605567,0.434892933868033,0.477690901352755,0.532787164682482,0.597697454244469,0.668479124859503,0.749614065971097,0.842803426693648,0.95072248298964,1.07161950512497,1.2014999201006,1.33363505564684,1.46158194842122,1.58058016141967,1.68737931329946,1.77606008187932,1.84312820340505,1.89,1.91778302058367,1.92911275362757,1.92548013618671,1.9079793295498,1.87305866765244,1.82068638157386,1.74793524049528,1.65596353963209,1.54576639294199,1.41987228691988,1.284483893787,1.14009878997955,0.993086395878571,0.848796155522502,0.713750080324612,0.58895762297418,0.477287490294711,0.382803942459217,0.301219309026472,0.234517300041075,0.181668844120685,0.140056232729397,0.108540649511313,0.0844328339232346,0.0651971203179382,0.0509047631399865,0.0392973797189403,0.0306440723953507,0.0248135248333084,0.0203618180665515,0.0176779584526102,0.0141580172367257,0.0127783333553095,0.0105239311046789,0.00947387742627682,0.00814064762901595,0.00800372011723218,0.00780682998068311,0.00692004593650117,0.00691418913602739,0.00789707568000458,0.00798871402387613,0.00798975876667408,0.00810160497505909,0.0072238386500308,0.00699931721238383,0.0071398993755944,0.00803131474631647,0.00857473277878029,0.00908936655248573,0.0079423717011345,0.00542995618817016,0.00347711598692986,0.00226934181371382,0.00194318736555371,0.00313109820323257,0.00431446622212465,0.00560079298433077,0.00614597359753874
2010-01-01,"P10",3.0517578125e-05,0.125,30,1,0.206317103629845,0.201326781460587,0.202,0.20720384868045,0.214816544435872,0.224796176537128,0.234934782043072,0.244602261525641,0.251410221748259,0.254832231090279,0.254499036221617,0.251143072004703,0.248842713258184,0.249798853663278,0.255053442006646,0.266718483250147,0.283375617463262,0.304576954357731,0.330498773315478,0.358502109294247,0.386553872175596,0.412264497476846,0.438143555570065,0.465529856369048,0.49847545423161,0.53908463471048,0.591150584022964,0.655917262111051,0.735507901135894,0.828075700760108,0.932427195386763,1.04405906029256,1.16198197708384,1.28365028916527,1.40579146390874,1.52255416897871,1.63103953143162,1.72233443982812,1.79034470177217,1.835,1.85861428581063,1.86290994717495,1.85206432061229,1.82593661425569,1.78128730679585,1.71841152144587,1.63709067601471,1.53896311546506,1.42389884215251,1.29673282032889,1.16035043030488,1.0164848946352,0.872471956736892,0.733005011593763,0.606381740658977,0.491343405022219,0.392111320744781,0.310551660818666,0.243600999074904,0.19068361302436,0.148789051132488,0.115793053020288,0.0904324780454013,0.0712702144807804,0.0561195907812954,0.0447590333135929,0.0360428809097851,0.0286336186937605,0.0214846458907182,0.0159560992419804,0.0116957651818371,0.0100216460067037,0.0100072731385395,0.010002799653772,0.00996958370412522,0.0100961844701254,0.00899506396913617,0.00879310212798409,0.00831309646446999,0.00910182044205498,0.00897523971662311,0.00894563067218195,0.00774059080616857,0.00594723627535948,0.00422216977238847,0.00303511961029355,0.00313024621598586,0.00437664134902703,0.00571517994638779,0.00592484624625511,0.00699653724236958,0.00593131882960147,0.00555472051404837,0.00502262163307886,0.00409170982307535,0.00411449535363026,0.00503400996679199,0.00548462049378478,0.0062197065985816
2010-01-01,"P11",3.0517578125e-05,0.0625,30,1,0.220663669167228,0.232174582986713,0.24,0.239528003714507,0.234949659018285,0.229082979845119,0.227070122831891,0.227157316040566,0.23075142186556,0.232837033627372,0.23680645452942,0.242706026843467,0.252597871140369,0.266342618187677,0.282405968515262,0.297883105532021,0.312285901440975,0.327259559999448,0.344656608228784,0.365501331409746,0.389815888939053,0.414275676265662,0.439698185791007,0.46403643601541,0.492435112200227,0.529141020209871,0.578739470910947,0.641464562806568,0.719736816874183,0.812854822892743,0.918464530778178,1.03173057743559,1.15335014548014,1.27965356744303,1.40377352984365,1.52042848133705,1.62577753202023,1.711869128216,1.77662806243299,1.82,1.84263630274144,1.84596914379496,1.83004316459403,1.79593502148898,1.74149327085606,1.66647666170747,1.57495492091665,1.46692269942573,1.34508171444004,1.21434309104964,1.07821953574158,0.938176032145341,0.799476958803992,0.66617093113041,0.546005675682753,0.439056354138009,0.348621435396052,0.274934487272264,0.215217698115186,0.16810219990238,0.130557927001003,0.100422562064126,0.0764086862439951,0.0583933377723147,0.0452825405747848,0.0370247485478079,0.0315289305163944,0.0278105023389607,0.0243918695416461,0.0217415574775524,0.0171175576080944,0.0132130340414068,0.00962375188766885,0.00760699377681276,0.00634759916825469,0.0059883756062994,0.00600772725911046,0.00705686548749835,0.00730814940943444,0.00876167969784662,0.00902309388050648,0.0090155141139797,0.00877246573688616,0.00747599645657622,0.00618844672091402,0.00599336807014121,0.00600247636366381,0.00594019126911206,0.00650719810644041,0.00788984218934892,0.0079957317815741,0.00800523577999813,0.00799843405559792,0.00800066536610862,0.00799923530130383,0.0079951342711055,0.00805340894088529,0.00754132876895829,0.00616782343687695
2010-01-01,"P12",3.0517578125e-05,0.03125,30,1,0.215408749226779,0.214798265244192,0.217,0.21823224872271,0.219061234418452,0.219394868664269,0.222572043139324,0.226285414815862,0.231386598731979,0.237668881671952,0.242926775511458,0.248709458450745,0.257203267686507,0.267338940566231,0.278360496105918,0.28944440925228,0.299205464212745,0.310125556828563,0.322129843239513,0.338859029702581,0.359034875221756,0.382204178978774,0.40838685758032,0.437229436014959,0.469883352346504,0.50720123149058,0.550376853283914,0.602638383970232,0.667961515790188,0.747517645254161,0.842016916175372,0.948536513402104,1.06557556543729,1.1858826834495,1.30693720731362,1.42021707302732,1.52627399383237,1.6160356808624,1.68580651184496,1.733,1.75510638628348,1.75204445379993,1.72755328907068,1.68401069044245,1.62100689680418,1.53998012911663,1.44238161624617,1.3281753090477,1.20128525794383,1.06594181755236,0.929364497321796,0.792102140032785,0.661752282841767,0.541618291331353,0.43718157171147,0.346137490400533,0.270931682800014,0.210824462946546,0.162098303495151,0.125040078904872,0.0979640147379204,0.0782293010135079,0.064241430467243,0.0535395084085783,0.0449875542956127,0.0377551442689878,0.0317510572388742,0.0267665298150429,0.0218355586374372,0.0174614469727612,0.0138978880642435,0.0102075263576555,0.007939981959264,0.00763302513991037,0.00748812209539856,0.00805487804747251,0.00800013754321142,0.00804468044444101,0.00757076347275947,0.00693414756057615,0.00698791464488013,0.00693451252136209,0.00596579269108858,0.00546998230033243,0.00504067399920254,0.0040343749164421,0.00399503271059506,0.00429421537763245,0.00560032882875351,0.00686063295852811,0.00697411293481506,0.0057841824405981,0.00409947598131925,0.00218724470195752,0.00194829690060045,0.00312600465315554,0.00438562755234005,0.00504111859570467,0.00555729327388193
2010-01-01,"P13",3.0517578125e-05,0.015625,30,1,0.236057692619032,0.238629198400382,0.24,0.239718401530641,0.236794202351475,0.232561322451608,0.226669280792679,0.221791595975214,0.221204637921933,0.225793362638976,0.2338772735179,0.245495393600735,0.257577582897996,0.26966066453373,0.283033987812135,0.297820292616058,0.313355626836839,0.333021794678621,0.354914862208108,0.380711956651141,0.408400063790393,0.437570414706753,0.46564122367653,0.492895512735295,0.520853054647485,0.55423822260378,0.599223592057171,0.659580283857565,0.736576371728502,0.829926631364106,0.934393163229072,1.04655723442483,1.1660611594884,1.28844491918179,1.40908328705837,1.51854626662612,1.61476963628303,1.68942152587688,1.73902877832247,1.762,1.76217275225426,1.73741818195196,1.69272183554926,1.62653155269902,1.5414114051416,1.43759856016178,1.3196994942808,1.1897517462323,1.05258574346118,0.912542142093698,0.776182824654008,0.647214037689711,0.528704749692467,0.424079965878659,0.334219828215388,0.259244112878587,0.199297054409369,0.152588345610396,0.118392201928431,0.0942491484620261,0.0769415597641658,0.0650458509088691,0.0551712968846514,0.0478823959383066,0.0403530022526244,0.0343935681601678,0.0295858661640005,0.0258164431643877,0.0223558298717479,0.0200573100430284,0.0175532476958997,0.0151875725882743,0.0116397019279839,0.00931533675198976,0.00689168201355207,0.00427620719378059,0.00400322838514232,0.0039897074500286,0.00400272758758773,0.00400156108659084,0.00399499798210327,0.00398278705538675,0.00428752581296213,0.00502210458173509,0.00565819648832881,0.00696944911323242,0.00686615258128947,0.00568201138767187,0.00378539496359012,0.00216292003341659,0.000982642100975023,0.000979685598839069,0.00137371978896948,0.00270490178268717,0.00388952351147131,0.00504320021715353,0.00504020615680275,0.00449645665678555,0.00378744421901646
2010-01-01,"P14",3.0517578125e-05,0.0078125,30,1,0.219526782642296,0.217340992829508,0.217,0.21834271698958,0.221216848964425,0.225034848095523,0.22774860673164,0.230161378085749,0.232757089306828,0.236909144242133,0.242633065066567,0.248745647070091,0.256102115636578,0.266787742540413,0.282033622685557,0.301046919215544,0.320385865965454,0.3399264395298,0.359295920849688,0.379972178036453,0.402840357632709,0.428477492833369,0.456309477763959,0.483612513373921,0.515184034553941,0.551198179267778,0.597143433449543,0.656214368708201,0.73136471772544,0.822934788227543,0.928468090631095,1.04177157589388,1.16282863839716,1.28366041825413,1.39849519345056,1.49935362374883,1.58300742974755,1.64319837894411,1.67600569871311,1.682,1.66029289209916,1.61499847819061,1.5495863255322,1.46363012415261,1.36020677773733,1.2412058368884,1.1127447821342,0.976359783112759,0.839471813103567,0.704854651463235,0.581474199217833,0.469181531353143,0.373944757618042,0.29490817187228,0.233836572625863,0.18472214453183,0.14789367513369,0.120105854657613,0.100521564209291,0.0866952511946738,0.0774341160977426,0.0712161755017377,0.0651088511204646,0.06015425400363,0.0534759339613911,0.0468751017445973,0.0399980997973867,0.0326611611946614,0.0268258555637623,0.0220850841900804,0.0171086248596577,0.013175298699259,0.0107038924803214,0.00850092254815389,0.00794288754288673,0.00802369290157761,0.00800574197907877,0.00927351325277639,0.0100833081848507,0.00996223716154098,0.0100556046520606,0.00890967431097547,0.00763141688572306,0.00702333894771397,0.00624242350434043,0.00599210922014819,0.00601854231811856,0.00572792971384227,0.0042650024511193,0.00407152380349018,0.002996585840193,0.00430295552128437,0.00544503600533746,0.00669936259747143,0.00787695229550513,0.00895348173346426,0.00792601474991391,0.00757381040471617,0.00615554884506907
2010-01-01,"P15",3.0517578125e-05,0.00390625,30,1,0.219148986139713,0.215586310297562,0.213,0.210991292171007,0.212639224327753,0.217028848764591,0.224051138988714,0.233581045919936,0.241003474357467,0.248766749993618,0.254581371181317,0.261667764189288,0.27142586483878,0.284567385041216,0.301881442359723,0.320247047830826,0.338338135644623,0.354125768931067,0.370094568381911,0.385576702794926,0.403351849461342,0.421829067005883,0.444091771194771,0.46887393368551,0.500567276349023,0.542067398641207,0.594237610488426,0.660424445001448,0.740537889544384,0.833141299419278,0.936385755242615,1.0482014014637,1.16489177519134,1.28088456867905,1.38990614154803,1.48358849718481,1.55932393444549,1.60970944844051,1.63132021088368,1.624,1.58737478986243,1.52452435897733,1.44017684637158,1.33555485160319,1.216246919371,1.08547185680581,0.949382872059298,0.814158568214836,0.684970802879564,0.567651642593729,0.467397700910684,0.383026318716736,0.314899651986438,0.26265716718236,0.224180463398666,0.197321680038514,0.180180466036576,0.171450697650522,0.16780243559484,0.16694268368133,0.167062396766525,0.166385078348436,0.163107084754347,0.155488556227674,0.143292742927432,0.127581075620555,0.107764240059368,0.0869618088763899,0.0663961193663895,0.047945312394348,0.0322437877266762,0.0205483224881965,0.0133059694462056,0.00906041898142082,0.00778165551309513,0.00884065263450571,0.00899753413589952,0.00905611802849312,0.00854459125554695,0.00803700157640108,0.00709576133609488,0.00696894895683969,0.00559576077006219,0.00503188177787011,0.00424248829577593,0.00399061115784944,0.0039916302960642,0.00402467346051313,0.00389190780362282,0.00485172630844607,0.00499405341225825,0.00501086624745475,0.00497373382122991,0.00509991996856412,0.00408234152269241,0.00408837214672436,0.00534286992744906,0.00654531248551358,0.00776960321768047
2010-01-01,"P16",3.0517578125e-05,0.001953125,30,1,0.194322928913216,0.193894461367462,0.195,0.196341565371458,0.199141061767413,0.203648639860876,0.207555559221631,0.212299940564988,0.215901751677242,0.219069490974051,0.221993746046466,0.227728045033781,0.236560143931285,0.25243237669666,0.271864568679559,0.294535791636003,0.31641457620249,0.335438137388743,0.350306601996665,0.36271233823578,0.375736731102692,0.39038807573244,0.408612391135842,0.431344442659063,0.460118790552119,0.497183029104858,0.543172654821281,0.60167758432575,0.673175467320479,0.757237890426496,0.851927734969179,0.95408077032848,1.0606382932033,1.16494375419034,1.26069771127609,1.34096448006469,1.400590454274,1.43215699651741,1.43248110056981,1.4,1.33892406484587,1.25269644107156,1.14909316476637,1.0297639581208,0.90301376810914,0.77355619508859,0.648844776796071,0.533971808853716,0.430803184653302,0.343889888112045,0.274012354155519,0.218305773622963,0.177075965082094,0.147259381116605,0.127822178461465,0.116709862578831,0.111699254271824,0.110040894690933,0.110020183365777,0.109798701682979,0.108004443922083,0.10486693214705,0.0991529288345544,0.0906610288588895,0.0815297212237306,0.0696512359424988,0.0584733253893767,0.0464067346512356,0.03568625314272,0.0264903400081402,0.0185624168086156,0.013259239734774,0.00975893347343909,0.00860755337641855,0.00803343458485667,0.00715933600294554,0.00699439916609492,0.00590407242460838,0.00602492405029968,0.0060167972259096,0.00594811668947635,0.00709651048008745,0.00827901684000053,0.00964212148373754,0.00991556522698752,0.0109946581189312,0.00992625945665982,0.00973994434576649,0.00836987043006667,0.00720745157196555,0.00598767338945005,0.00585747129482198,0.00443386211984027,0.00395258412678647,0.00399997868374942,0.00397689268659757,0.00429865389862599,0.00511153264616534,0.00492802036495906
2010-01-01,"P17",3.0517578125e-05,0.0009765625,30,1,0.197171917662342,0.194374644331682,0.193,0.194363330542789,0.197253030428387,0.200843177798444,0.205492246550726,0.209239278560902,0.212909938244006,0.216367146270721,0.221596201792561,0.227729520247619,0.236337258987125,0.249982061475715,0.267777640601959,0.287855984382407,0.308416126182414,0.328848183501118,0.346599372529116,0.362876387448752,0.377741958373156,0.3912223866776,0.4065731819755,0.426684281390762,0.45421521721552,0.493091984194203,0.545330363113073,0.610815306137898,0.687843124457374,0.775062244242155,0.869868128723881,0.969142057239639,1.07048014846534,1.16642503003899,1.25148193219511,1.3147440938805,1.35156287406794,1.35522856686892,1.32330394247297,1.259,1.16654870010181,1.05379057603924,0.930668889982545,0.803881779357424,0.6806841602877,0.567693917984541,0.469171000233403,0.3877907326155,0.323250433452404,0.274173869382724,0.2409494350794,0.21771576945293,0.203403337769607,0.196879677442507,0.194989911562443,0.197200020354445,0.20171227461563,0.206547238462666,0.21132996952919,0.21330312248467,0.21131326632062,0.20332922567322,0.188394356717622,0.164897916385926,0.137085878492103,0.108507245413705,0.0812563498129125,0.0589556464902981,0.0404983763202211,0.0283688984722386,0.0194666023825836,0.014256376944843,0.0106683356217949,0.00827097972821903,0.00626040314272667,0.00599573656165155,0.00600648292959243,0.00718140730529722,0.00893886361331745,0.0101108326820167,0.0100398600300207,0.00890353065417054,0.0076980805621989,0.00649656250016853,0.00517808670559403,0.00500123949153904,0.00514167221708516,0.00602571779389954,0.00659947706075863,0.00701923170008046,0.00697752146709514,0.00588491020846001,0.00611750627398948,0.00531115587773699,0.00492980324763583,0.00605879710889065,0.00596423154831157,0.00605735828466458,0.00537566077720922
2010-01-01,"P18",3.0517578125e-05,0.00048828125,30,1,0.196137680710525,0.195867323769682,0.198,0.201514396857374,0.203895071769239,0.20579557713899,0.206011825834593,0.205989966900625,0.206196708802332,0.207751380574079,0.212439387301156,0.220579422349252,0.234043385050987,0.251899167071388,0.271730142716363,0.289570569014245,0.304237143710831,0.313762330071299,0.321812544274592,0.329570245247865,0.339097160682398,0.350176086798978,0.365279658647179,0.384731435578655,0.410852922444276,0.446179639626311,0.491909132329215,0.547966822873838,0.615810724925602,0.694893431560237,0.783565598066624,0.876859466329003,0.971573655555548,1.06039675732444,1.13519629710876,1.186360962453,1.20919147627948,1.19613044735555,1.14812575763716,1.068,0.963965166526607,0.844770582142887,0.723254445245793,0.606341485042617,0.50110683259085,0.411194911881927,0.339081319668966,0.28395042069884,0.244305003501978,0.218232536971965,0.204647223028617,0.200248019488839,0.204768073060112,0.215392527150318,0.23013340139383,0.245984783336683,0.262092309533181,0.275053137075593,0.283495204942888,0.284413775932887,0.275746427326468,0.257681466285092,0.230615844048282,0.19731618127059,0.160382844687625,0.125155248121927,0.0937386467085133,0.0678813816184935,0.0493182937238415,0.0362751702709195,0.0273912821749234,0.0231912765098682,0.01952414930912,0.0162932005423814,0.0132816623036313,0.0103775690874222,0.00797800512445773,0.0070970939343095,0.00848865010405968,0.00959943862031344,0.0109924797876568,0.00996082727577759,0.00975423973162982,0.00892220139761883,0.00891343071175781,0.00996816727244463,0.0100177929391138,0.00960187703425158,0.00910829378356473,0.00736645095004939,0.00596535917563458,0.00492410458975065,0.00494935102991143,0.00562288908587272,0.00690965546711579,0.00814181323504649,0.00907267039455091,0.00902970968405968,0.00838610899752096
2010-01-01,"P19",3.0517578125e-05,0.000244140625,30,1,0.173749140490208,0.172131533275368,0.172,0.173429720610214,0.175459924783713,0.177230218128197,0.179698112786628,0.183305781402748,0.188302883922089,0.195387649583584,0.204754183959392,0.216412007598951,0.233217354365945,0.250747984623458,0.267247975609342,0.275590498390006,0.274941948090147,0.270949795065859,0.267451908890096,0.270139024303841,0.27988281160604,0.293395969477672,0.310942398030992,0.332799717404282,0.361417658188564,0.398171332906078,0.443933345011896,0.499612363039284,0.566361898181577,0.641772002638609,0.722098678813216,0.803600366981781,0.879387620401214,0.942047372418386,0.982421249939159,0.994908326085679,0.976090654691449,0.925946545526193,0.849819756411812,0.757,0.656890475361031,0.5605055856491,0.475873675248726,0.406583183646316,0.353804611174093,0.31580739371392,0.290368189249159,0.274492981380686,0.265263409081307,0.260521127472511,0.258843452787394,0.259350258917111,0.263051574954062,0.270223178918863,0.277458200903717,0.284627413781443,0.288203798805245,0.284684697417174,0.273722370955734,0.255076173854362,0.227739430031675,0.194930932105519,0.159703344306304,0.125755296297811,0.0949461885801327,0.0701586090378985,0.052015354357738,0.038427385015739,0.0292460047496524,0.02197734999765,0.015971913373494,0.0122318769479561,0.00873910376859576,0.00770949941359063,0.00633411853155301,0.00596058825506996,0.0059974855750916,0.00618503415447405,0.0071137656058159,0.00694397489208298,0.00708680158231488,0.00601542290233017,0.00713460272786648,0.0069525912111242,0.00705773374568678,0.00608422555086384,0.00375981910789865,0.0025951450366351,0.00183518661704322,0.0028179284826103,0.00406068302427418,0.00634423069737464,0.00749628557163387,0.00811383275593658,0.00716065180448683,0.00482332581463059,0.00365524033677643,0.00285198449881947,0.00368843017329409
2010-01-01,"P20",3.0517578125e-05,0.0001220703125,30,1,0.254141942448655,0.253274630151445,0.251,0.246256781782274,0.242558423328759,0.240619561080168,0.243419251086629,0.250623646634892,0.260411384990916,0.269656592682239,0.278117081239692,0.286652076470869,0.296490604987318,0.311241927331547,0.331206816617784,0.350452831549857,0.365225955020937,0.371381136645592,0.36755049755859,0.359381988880283,0.35057476569907,0.348002960608413,0.352167420141876,0.366501372499032,0.388557301367213,0.419316541120462,0.456486803458597,0.501678248753301,0.552381487328939,0.607564190952836,0.664820953878971,0.718051886849915,0.76273197732891,0.794092467656388,0.807753215181749,0.802315311510664,0.777460582071916,0.739104118048804,0.692475010188373,0.646,0.604036928425718,0.571686374499836,0.552226257442678,0.54505894949354,0.549633441494301,0.563272430700916,0.585372432984945,0.613733908739592,0.650382438949222,0.694984638260181,0.751514904899446,0.817940264940516,0.892548642244169,0.96822444181183,1.03810845646082,1.09435363728903,1.12993256585092,1.13872648417752,1.11559270219093,1.05937646004942,0.970366191302308,0.858393366020622,0.731615896464941,0.601485861300467,0.478035932563064,0.368282021274124,0.276563992993407,0.203798811028553,0.148947598380944,0.109955363964363,0.0815937851318245,0.0610233324673443,0.0465292838873373,0.0363703084952894,0.0284457882071136,0.0219590641797274,0.0169593168053812,0.013329624763319,0.00998507836011386,0.00819147451014426,0.00804003890765448,0.00691781483109281,0.00544730098463049,0.00326197146666549,0.00309275913208381,0.00201228036196285,0.00320955063515118,0.00437155094360994,0.00559895780740174,0.00681849793214591,0.00803843148444171,0.00919793238613654,0.0109219647450239,0.0127415900072104,0.0139158920486447,0.0138365784602083,0.0113681579964754,0.00840234072096191,0.00524955699578546
2010-01-01,"P21",3.0517578125e-05,6.103515625e-05,30,1,0.151920538848177,0.152085014004948,0.151,0.149624112120533,0.147201328137302,0.144038953038105,0.141248951586776,0.138854587413323,0.138079007365672,0.140277307927945,0.14550453139362,0.152706320669564,0.159959960703341,0.167063310592024,0.172335299059823,0.178103647446181,0.183082366343571,0.186596653470637,0.188501483860264,0.189775059183673,0.189963644044905,0.192440402786193,0.198748021686928,0.208025724420815,0.221792721403917,0.240558123061015,0.265280351046068,0.296116621846603,0.33389082448989,0.379538202437052,0.430641884776026,0.485248679572755,0.541438299484647,0.592190732515653,0.63387748972024,0.66110340152766,0.66929793153915,0.655523787775994,0.618019613795709,0.561,0.492036901923909,0.418487719676721,0.351378290959876,0.2945060279018,0.251403117641488,0.220408804448545,0.200594465217277,0.188710672186953,0.183125499939947,0.182210915828069,0.187137139794987,0.198300968587008,0.212724170377542,0.228467193987997,0.242561343479126,0.254427072444742,0.263333123081633,0.268766588877209,0.267588439093679,0.25876987514633,0.240490876049302,0.21166383429781,0.17675274865533,0.137874726616051,0.102645866180155,0.0742518053010894,0.0531902918242753,0.0394432609631256,0.0301723079419241,0.0234837402120579,0.0179664670742357,0.0151247772203442,0.0126770489618324,0.0105907512397934,0.00932394831972564,0.00907597430593653,0.00800010379609392,0.00908149821180734,0.00929920209484974,0.010768878748137,0.0110094559267555,0.0109689449427455,0.00941200037870948,0.00729688326550273,0.00699164723200643,0.00697748865143843,0.00816366296748035,0.00965787802067245,0.0123116900551571,0.0138045735059292,0.0149924274351282,0.0139184937459804,0.0136736916461797,0.0122095551366399,0.011993746157949,0.012045367337908,0.0136418180905753,0.015705008522897,0.0160767590482731
2010-01-01,"P22",3.0517578125e-05,3.0517578125e-05,30,1,0.14137362544285,0.137598894129332,0.135,0.133828179783958,0.13222802786998,0.129628446677676,0.128069524600746,0.1280344871383,0.129657987612294,0.134154734510481,0.137612544185004,0.138983075885101,0.139095435289007,0.140317592064016,0.142455827264574,0.148116034554191,0.15309675465518,0.157764549000191,0.158784295215093,0.156777018720375,0.153303606000384,0.150814994193345,0.150351928650693,0.153859288109842,0.161055156283371,0.171761383812109,0.185527727795288,0.202765337656796,0.223363222368477,0.249336768278125,0.279652872899316,0.315001389724828,0.351675770191562,0.387747189462037,0.420211360150322,0.447810761805533,0.469248501201624,0.478373137573746,0.472645122529657,0.451,0.413224143214694,0.364700960753458,0.314014093661315,0.267626795040721,0.230820620426323,0.205677419149532,0.19108581051495,0.185363877629128,0.185900069193002,0.189813319556612,0.197715546103068,0.209398422125492,0.223544681871286,0.24261184869721,0.263316887482019,0.285115758421595,0.304109966531531,0.315424172080055,0.317803841304153,0.30984522613303,0.291276216005425,0.264249156094953,0.229763473762685,0.189281956549835,0.146239095776391,0.105925186004818,0.073571724167028,0.0500390437793844,0.0353514748507209,0.0272970093112692,0.0226407567892862,0.0210553213361396,0.0198429202447286,0.0187045104508268,0.0169553018974893,0.0143079435654786,0.0129800014987815,0.010831977082605,0.0110746079888885,0.0108895308145201,0.0118895085324472,0.0119530183537543,0.0104426147029471,0.00802288816445813,0.00480272279878584,0.00204935600228799,0.00212343410831299,0.00357546648222534,0.00722123078881154,0.0124188847878945,0.0150720863951003,0.0172549931723326,0.0161841653364858,0.013635769895822,0.0111559479341266,0.00989269044345095,0.00866580836049572,0.00745247481557233,0.00623123294636517
2010-01-01,"P23",NA,NA,30,1,0.126216657682323,0.128702552966162,0.129,0.128852687249707,0.127612849244156,0.125773663669163,0.123260701715627,0.120823815830916,0.118531745801751,0.118361502977447,0.120198383649386,0.125740307722309,0.131819855404299,0.137381726842809,0.139976492056141,0.137822525922526,0.130831953098116,0.122474346272431,0.118111624008912,0.118895973499138,0.125273034297292,0.132594820977263,0.138442849684227,0.142684137153427,0.146264136065608,0.150851984237278,0.160614040940749,0.17285054099421,0.189546816197667,0.208403820023709,0.227955388898954,0.247449101710269,0.268428958470567,0.287882941264845,0.303246757754803,0.312693177788402,0.314870694138755,0.309563062545363,0.297581629466595,0.283,0.26986616433269,0.259518916731178,0.25377395113096,0.251205405378186,0.251164350223699,0.255021236397364,0.261657221473668,0.273713444768955,0.291165504262862,0.314498727899706,0.342233436712634,0.372915831189316,0.404173616952188,0.435911231820664,0.464529050304024,0.487199008470813,0.496267312230475,0.487837954102012,0.4574976377351,0.409181642998247,0.347224193002875,0.281276982772323,0.2162301476744,0.159462609343094,0.112625000578348,0.0789853994073842,0.0571603851101001,0.0435086829717981,0.0367197018185628,0.0328956103542865,0.030582233363621,0.0281828341756115,0.0246068873650833,0.0226693931455458,0.0208564210872413,0.0191494589632751,0.0179830432507842,0.0153863327119135,0.0117489842793285,0.00737970333351369,0.00327810987189215,0.00197287622970462,0.00213460863011834,0.00441634689833158,0.00831362677023888,0.0108993699976814,0.0131818650040325,0.0123557257339348,0.0097708135149705,0.00739681659909397,0.00495843546446798,0.0053043033243572,0.00872498739087893,0.0137350299971639,0.018645206638202,0.0223265545882762,0.0239911412688971,0.021575894521369,0.0163461482457157
2010-01-01,"P24",NA,NA,30,1,0.188840714298292,0.181874454763438,0.17,0.159305249442562,0.151465956548781,0.147605001222702,0.144524340205265,0.138494112398091,0.129468524583204,0.118688710545012,0.110316637820846,0.106970940919976,0.110686347732115,0.117487493382019,0.126266557180755,0.134022134597607,0.139062357177786,0.139730396058845,0.136643136693549,0.132945251340827,0.130087455288303,0.131243048739568,0.135451091444154,0.142238575046391,0.149443396445078,0.15783717696046,0.165134727238265,0.172424859780375,0.179683847548666,0.18776843062363,0.198607811751405,0.212295038573001,0.22884689407892,0.245321054496909,0.259351660117164,0.266499726159921,0.2674599887937,0.26180969730577,0.253403170854776,0.247,0.242439811198266,0.242951016679323,0.247992812099727,0.256064340397963,0.263457375535648,0.269356565041168,0.273533253725116,0.278260953794419,0.288515465168168,0.302316376525861,0.320633714480404,0.339666635732867,0.357458949911477,0.37445920460441,0.387418127736145,0.396632634226852,0.396831525931599,0.384756698613616,0.359161508763484,0.319967363241954,0.269619103895861,0.216521626825047,0.165927803603748,0.125220383570931,0.0945932920617313,0.0725052479508907,0.0559472061622792,0.0412500676575383,0.0271404874069478,0.0177359426223191,0.0125203393307679,0.0119615004423851,0.0133525688015342,0.0168200158204307,0.0191747277420079,0.0209173370800673,0.0210044944433935,0.0222799611136725,0.0230633778580885,0.0230436134559571,0.0222130976100119,0.0198381039188118,0.017126328713528,0.013815334276184,0.0120711016965679,0.0129434059100386,0.0142516792163769,0.0169811818360415,0.017669520955149,0.015407133726729,0.0118519502516351,0.00746396160188976,0.00691474379927235,0.00762913444927244,0.00890894685149215,0.0101400302885545,0.0110911354381115,0.010928524821368,0.0116296739021258
